proposal_id,principal_investigator_id,principal_investigator_name,college,department,research_area,sponsor,sponsor_type,proposal_type,proposal_status,submission_date,decision_date,project_start_date,project_end_date,requested_amount,award_amount,direct_costs,indirect_costs
PROP-000001,PI-0117,Dr. William Herrera,College of Agriculture,Plant and Soil Sciences,Data Science,State Research Council,State,New,Withdrawn,2024-07-03,,,,289000.0,0.0,0.0,0.0
PROP-000002,PI-0013,Dr. Lisa Hensley,College of Medicine,Neuroscience,Public Health,Community Health Foundation,Foundation,New,Withdrawn,2022-07-01,,,,173000.0,0.0,0.0,0.0
PROP-000003,PI-0026,Dr. Judy Baker,College of Education,Educational Leadership,Data Science,Regional Research Alliance,Nonprofit,New,Awarded,2023-12-07,2024-08-16,2025-01-23,2026-01-23,207000.0,166367.17,138101.38,28265.79
PROP-000004,PI-0159,Dr. Melissa Gates,College of Arts and Sciences,Chemistry,Data Science,Future Science Foundation,Foundation,New,Awarded,2023-12-11,2024-04-19,2024-08-20,2028-08-19,509000.0,356558.26,302924.95,53633.31
PROP-000005,PI-0063,Dr. Connor West,College of Education,Curriculum and Instruction,Education,Education Advancement Foundation,Foundation,Resubmission,Declined,2025-03-20,2025-06-21,,,162000.0,0.0,0.0,0.0
PROP-000006,PI-0093,Dr. Denise Jacobs,College of Medicine,Public Health,Public Health,Department of Agriculture,Federal,Renewal,Awarded,2025-05-28,2026-01-28,2026-06-04,2028-06-03,453000.0,357279.54,263608.09,93671.45
PROP-000007,PI-0139,Dr. David Alvarez,College of Medicine,Biomedical Sciences,Public Health,Department of Defense,Federal,Resubmission,Awarded,2022-09-04,2023-03-17,2023-08-13,2027-08-12,1766000.0,1463954.74,1172917.42,291037.32
PROP-000008,PI-0027,Dr. Justin Baker,College of Medicine,Public Health,Data Science,State Research Council,State,New,Declined,2025-08-16,2025-12-10,,,344000.0,0.0,0.0,0.0
PROP-000009,PI-0054,Dr. Mark Perez,College of Medicine,Biomedical Sciences,Biomedical Research,National Science Foundation,Federal,Renewal,Declined,2022-01-08,2022-06-07,,,380000.0,0.0,0.0,0.0
PROP-000010,PI-0151,Dr. David Wright,College of Agriculture,Plant and Soil Sciences,Data Science,National Science Foundation,Federal,New,Awarded,2022-11-14,2023-01-20,2023-06-15,2027-06-14,812000.0,808086.82,650977.25,157109.57
PROP-000011,PI-0074,Dr. Lauren Daniels,College of Agriculture,Agricultural Economics,Environmental Science,State Department of Public Health,State,New,Awarded,2022-04-29,2022-07-22,2022-12-07,2024-12-06,155000.0,139006.7,100192.73,38813.97
PROP-000012,PI-0084,Dr. Paul Jones,College of Engineering,Computer Science,Data Science,Advanced Manufacturing Solutions,Industry,Renewal,Awarded,2024-08-15,2025-05-05,2025-07-08,2029-07-07,237000.0,183618.0,154012.74,29605.26
PROP-000013,PI-0175,Dr. Nicole Herring,College of Education,Educational Leadership,Data Science,National Aeronautics and Space Administration,Federal,New,Awarded,2023-12-24,2024-10-07,2025-02-23,2030-02-22,648000.0,572699.61,470013.63,102685.98
PROP-000014,PI-0024,Dr. Tommy Walter,College of Engineering,Electrical Engineering,Advanced Manufacturing,Future Science Foundation,Foundation,Renewal,Declined,2022-12-13,2023-05-18,,,55000.0,0.0,0.0,0.0
PROP-000015,PI-0122,Dr. Kenneth Scott,College of Arts and Sciences,Chemistry,Social and Behavioral Science,Bluegrass Technology Corporation,Industry,New,Declined,2023-01-14,2023-09-26,,,98000.0,0.0,0.0,0.0
PROP-000016,PI-0179,Dr. Lawrence Adkins,College of Medicine,Internal Medicine,Biomedical Research,State Department of Public Health,State,New,Awarded,2024-07-11,2025-02-22,2025-05-02,2027-05-02,145000.0,105005.13,77821.01,27184.12
PROP-000017,PI-0115,Dr. Garrett Lin,College of Engineering,Computer Science,Artificial Intelligence,Department of Defense,Federal,New,Declined,2021-11-05,2022-03-20,,,253000.0,0.0,0.0,0.0
PROP-000018,PI-0066,Dr. Amber Kidd,College of Medicine,Neuroscience,Data Science,Department of Energy,Federal,Renewal,Pending,2021-08-10,,,,684000.0,0.0,0.0,0.0
PROP-000019,PI-0127,Dr. Michelle Evans,College of Business,Finance,Social and Behavioral Science,Department of Energy,Federal,New,Declined,2023-09-07,2024-05-08,,,273000.0,0.0,0.0,0.0
PROP-000020,PI-0092,Dr. Brian Rodriguez,College of Arts and Sciences,Psychology,Neuroscience,Bluegrass Technology Corporation,Industry,New,Declined,2022-09-25,2023-07-01,,,122000.0,0.0,0.0,0.0
PROP-000021,PI-0014,Dr. Michele Williams,College of Business,Management,Business and Economics,National Science Foundation,Federal,New,Declined,2025-03-31,2025-11-23,,,1622000.0,0.0,0.0,0.0
PROP-000022,PI-0121,Dr. Larry Dixon,College of Education,Educational Leadership,Data Science,National Science Foundation,Federal,New,Awarded,2024-12-26,2025-02-07,2025-03-30,2029-03-29,456000.0,392268.11,332239.34,60028.77
PROP-000023,PI-0065,Dr. Jessica Callahan,College of Arts and Sciences,Chemistry,Environmental Science,Health Innovation Partners,Industry,New,Awarded,2023-05-02,2023-12-12,2024-03-22,2028-03-21,344000.0,262643.34,201121.35,61521.99
PROP-000024,PI-0104,Dr. Christine Wright,College of Medicine,Biomedical Sciences,Public Health,Health Innovation Partners,Industry,New,Declined,2021-10-15,2022-05-12,,,121000.0,0.0,0.0,0.0
PROP-000025,PI-0086,Dr. Daniel Baker,College of Arts and Sciences,Biology,Environmental Science,State Research Council,State,Renewal,Declined,2021-09-02,2022-02-05,,,147000.0,0.0,0.0,0.0
PROP-000026,PI-0126,Dr. Erin Edwards,College of Arts and Sciences,Physics,Environmental Science,Health Innovation Partners,Industry,Renewal,Awarded,2024-02-25,2024-07-15,2024-12-11,2027-12-11,354000.0,318896.53,254784.21,64112.32
PROP-000027,PI-0179,Dr. Lawrence Adkins,College of Medicine,Internal Medicine,Public Health,National Science Foundation,Federal,New,Declined,2022-02-20,2022-06-13,,,228000.0,0.0,0.0,0.0
PROP-000028,PI-0078,Dr. Megan Young,College of Business,Marketing,Data Science,National Institutes of Health,Federal,New,Awarded,2025-04-18,2025-08-27,2025-10-15,2030-10-14,716000.0,696244.02,537878.43,158365.59
PROP-000029,PI-0100,Dr. Stephen Mckee,College of Agriculture,Plant and Soil Sciences,Environmental Science,National Institutes of Health,Federal,Renewal,Pending,2024-11-11,,,,344000.0,0.0,0.0,0.0
PROP-000030,PI-0074,Dr. Lauren Daniels,College of Agriculture,Agricultural Economics,Agriculture,Advanced Manufacturing Solutions,Industry,New,Awarded,2024-06-26,2025-04-11,2025-08-06,2026-08-06,267000.0,221213.08,170749.94,50463.14
PROP-000031,PI-0119,Dr. Victor Baker,College of Medicine,Neuroscience,Data Science,Advanced Manufacturing Solutions,Industry,New,Withdrawn,2025-01-22,,,,215000.0,0.0,0.0,0.0
PROP-000032,PI-0086,Dr. Daniel Baker,College of Arts and Sciences,Biology,Data Science,State Department of Public Health,State,New,Declined,2025-02-22,2025-08-09,,,697000.0,0.0,0.0,0.0
PROP-000033,PI-0045,Dr. Angelica Tucker,College of Agriculture,Animal Sciences,Renewable Energy,Department of Agriculture,Federal,Resubmission,Declined,2023-04-22,2023-09-24,,,535000.0,0.0,0.0,0.0
PROP-000034,PI-0141,Dr. Cheyenne Horton,College of Business,Finance,Business and Economics,National Science Foundation,Federal,New,Declined,2024-09-10,2025-04-22,,,244000.0,0.0,0.0,0.0
PROP-000035,PI-0133,Dr. Mary Marshall,College of Engineering,Electrical Engineering,Renewable Energy,National Institutes of Health,Federal,Resubmission,Awarded,2022-09-08,2023-02-28,2023-06-08,2028-06-06,1001000.0,807253.94,610420.68,196833.26
PROP-000036,PI-0066,Dr. Amber Kidd,College of Medicine,Neuroscience,Biomedical Research,Department of Agriculture,Federal,New,Awarded,2023-10-11,2024-07-10,2024-12-12,2028-12-11,216000.0,182859.84,151068.39,31791.45
PROP-000037,PI-0106,Dr. Marc Moore,College of Engineering,Computer Science,Artificial Intelligence,National Institutes of Health,Federal,New,Declined,2023-03-20,2023-10-24,,,632000.0,0.0,0.0,0.0
PROP-000038,PI-0042,Dr. Fred Smith,College of Medicine,Public Health,Data Science,National Aeronautics and Space Administration,Federal,New,Withdrawn,2024-08-01,,,,124000.0,0.0,0.0,0.0
PROP-000039,PI-0062,Dr. Gerald Hensley,College of Medicine,Biomedical Sciences,Public Health,Department of Energy,Federal,New,Awarded,2022-10-16,2023-01-15,2023-07-01,2025-06-30,200000.0,147239.35,109982.17,37257.18
PROP-000040,PI-0068,Dr. Carol Tucker,College of Arts and Sciences,Psychology,Environmental Science,National Science Foundation,Federal,New,Declined,2024-06-09,2024-11-30,,,626000.0,0.0,0.0,0.0
PROP-000041,PI-0092,Dr. Brian Rodriguez,College of Arts and Sciences,Psychology,Biomedical Research,Health Innovation Partners,Industry,New,Awarded,2023-03-12,2023-08-29,2023-10-09,2024-10-08,550000.0,387334.48,307845.28,79489.2
PROP-000042,PI-0020,Dr. Carla Gray,College of Engineering,Mechanical Engineering,Environmental Science,National Science Foundation,Federal,Supplement,Declined,2024-04-01,2024-06-22,,,614000.0,0.0,0.0,0.0
PROP-000043,PI-0102,Dr. Cameron Parker,College of Arts and Sciences,Chemistry,Biomedical Research,Centers for Disease Control and Prevention,Federal,New,Declined,2022-07-13,2022-09-07,,,495000.0,0.0,0.0,0.0
PROP-000044,PI-0004,Dr. Daniel Wagner,College of Arts and Sciences,Biology,Social and Behavioral Science,Education Advancement Foundation,Foundation,New,Declined,2023-09-29,2024-07-06,,,155000.0,0.0,0.0,0.0
PROP-000045,PI-0175,Dr. Nicole Herring,College of Education,Educational Leadership,Education,Centers for Disease Control and Prevention,Federal,Renewal,Awarded,2024-08-26,2025-01-30,2025-03-31,2030-03-30,178000.0,175283.31,128294.29,46989.02
PROP-000046,PI-0179,Dr. Lawrence Adkins,College of Medicine,Internal Medicine,Data Science,Department of Education,Federal,Renewal,Awarded,2024-06-05,2024-12-04,2025-06-02,2029-06-01,315000.0,256445.72,217258.41,39187.31
PROP-000047,PI-0079,Dr. Steve Sanchez,College of Agriculture,Agricultural Economics,Data Science,Centers for Disease Control and Prevention,Federal,New,Withdrawn,2022-01-20,,,,383000.0,0.0,0.0,0.0
PROP-000048,PI-0162,Dr. Jennifer Adkins,College of Education,Educational Leadership,Education,Department of Education,Federal,New,Awarded,2022-11-04,2022-12-05,2023-04-18,2027-04-17,1194000.0,898060.01,656040.99,242019.02
PROP-000049,PI-0054,Dr. Mark Perez,College of Medicine,Biomedical Sciences,Data Science,National Science Foundation,Federal,New,Declined,2025-06-09,2026-02-26,,,699000.0,0.0,0.0,0.0
PROP-000050,PI-0021,Dr. Margaret Hawkins DDS,College of Agriculture,Agricultural Economics,Agriculture,State Research Council,State,Resubmission,Declined,2025-01-01,2025-05-12,,,66000.0,0.0,0.0,0.0
PROP-000051,PI-0065,Dr. Jessica Callahan,College of Arts and Sciences,Chemistry,Data Science,National Institutes of Health,Federal,New,Awarded,2022-12-27,2023-04-20,2023-08-06,2028-08-04,689000.0,653164.66,476808.49,176356.17
PROP-000052,PI-0024,Dr. Tommy Walter,College of Engineering,Electrical Engineering,Environmental Science,Community Health Foundation,Foundation,New,Declined,2023-03-15,2023-11-06,,,147000.0,0.0,0.0,0.0
PROP-000053,PI-0084,Dr. Paul Jones,College of Engineering,Computer Science,Renewable Energy,Department of Agriculture,Federal,New,Awarded,2021-09-20,2022-02-25,2022-04-02,2023-04-02,325000.0,314218.73,258550.09,55668.64
PROP-000054,PI-0168,Dr. Alyssa Day,College of Education,Educational Leadership,Education,Regional Research Alliance,Nonprofit,Resubmission,Declined,2021-08-12,2022-01-26,,,202000.0,0.0,0.0,0.0
PROP-000055,PI-0166,Dr. John Anderson,College of Engineering,Electrical Engineering,Environmental Science,National Institutes of Health,Federal,Renewal,Declined,2025-02-24,2025-11-07,,,1171000.0,0.0,0.0,0.0
PROP-000056,PI-0172,Dr. Darlene Miller,College of Agriculture,Animal Sciences,Data Science,National Science Foundation,Federal,New,Declined,2024-04-03,2024-06-18,,,1086000.0,0.0,0.0,0.0
PROP-000057,PI-0047,Dr. John Pierce,College of Medicine,Neuroscience,Data Science,Department of Energy,Federal,New,Declined,2022-05-26,2022-12-10,,,288000.0,0.0,0.0,0.0
PROP-000058,PI-0146,Dr. Joyce Solis,College of Arts and Sciences,Chemistry,Data Science,State Research Council,State,New,Pending,2024-07-31,,,,171000.0,0.0,0.0,0.0
PROP-000059,PI-0050,Dr. Eric Carney,College of Engineering,Electrical Engineering,Artificial Intelligence,Department of Defense,Federal,New,Awarded,2023-10-06,2023-11-05,2024-04-21,2028-04-20,693000.0,664914.91,555529.63,109385.28
PROP-000060,PI-0001,Dr. Allison Hill,College of Arts and Sciences,Biology,Data Science,National Institutes of Health,Federal,New,Declined,2024-04-16,2024-12-28,,,1123000.0,0.0,0.0,0.0
PROP-000061,PI-0031,Dr. Rebecca Henderson,College of Arts and Sciences,Biology,Biomedical Research,National Science Foundation,Federal,New,Pending,2023-12-15,,,,377000.0,0.0,0.0,0.0
PROP-000062,PI-0038,Dr. Cassandra Gaines,College of Agriculture,Animal Sciences,Renewable Energy,National Institutes of Health,Federal,Supplement,Declined,2022-11-03,2023-02-22,,,470000.0,0.0,0.0,0.0
PROP-000063,PI-0065,Dr. Jessica Callahan,College of Arts and Sciences,Chemistry,Social and Behavioral Science,National Aeronautics and Space Administration,Federal,New,Awarded,2022-02-18,2022-06-06,2022-11-10,2025-11-09,236000.0,197870.51,145720.8,52149.71
PROP-000064,PI-0031,Dr. Rebecca Henderson,College of Arts and Sciences,Biology,Neuroscience,State Department of Public Health,State,New,Declined,2024-02-23,2024-07-26,,,96000.0,0.0,0.0,0.0
PROP-000065,PI-0167,Dr. Alyssa Long,College of Education,Educational Leadership,Social and Behavioral Science,National Aeronautics and Space Administration,Federal,New,Pending,2024-05-06,,,,994000.0,0.0,0.0,0.0
PROP-000066,PI-0134,Dr. Daniel Kennedy,College of Medicine,Neuroscience,Neuroscience,Health Innovation Partners,Industry,New,Declined,2023-10-28,2024-05-19,,,847000.0,0.0,0.0,0.0
PROP-000067,PI-0073,Dr. Brittney Phillips,College of Engineering,Civil Engineering,Environmental Science,National Science Foundation,Federal,New,Declined,2024-10-15,2025-07-22,,,512000.0,0.0,0.0,0.0
PROP-000068,PI-0116,Dr. Diana May,College of Arts and Sciences,Biology,Environmental Science,Department of Defense,Federal,New,Awarded,2024-07-17,2024-11-20,2025-02-19,2030-02-18,1147000.0,932697.98,793352.26,139345.72
PROP-000069,PI-0144,Dr. Christopher Rubio,College of Agriculture,Plant and Soil Sciences,Renewable Energy,National Science Foundation,Federal,Renewal,Awarded,2024-02-24,2024-10-08,2024-12-15,2028-12-14,709000.0,646301.97,538755.54,107546.43
PROP-000070,PI-0038,Dr. Cassandra Gaines,College of Agriculture,Animal Sciences,Agriculture,National Institutes of Health,Federal,Supplement,Awarded,2022-01-22,2022-11-17,2023-04-12,2024-04-11,333000.0,320431.62,250463.09,69968.53
PROP-000071,PI-0132,Dr. Dustin Jordan,College of Engineering,Computer Science,Data Science,Department of Defense,Federal,Renewal,Awarded,2024-02-17,2024-10-07,2024-11-26,2027-11-26,709000.0,662530.43,501603.9,160926.53
PROP-000072,PI-0178,Dr. Michael Wang,College of Engineering,Electrical Engineering,Environmental Science,Department of Energy,Federal,New,Declined,2024-03-26,2024-05-13,,,1713000.0,0.0,0.0,0.0
PROP-000073,PI-0002,Dr. Noah Rhodes,College of Agriculture,Plant and Soil Sciences,Agriculture,National Science Foundation,Federal,Renewal,Awarded,2022-10-09,2022-12-28,2023-02-21,2027-02-20,526000.0,486039.73,379478.44,106561.29
PROP-000074,PI-0175,Dr. Nicole Herring,College of Education,Educational Leadership,Education,State Research Council,State,Resubmission,Awarded,2021-10-23,2022-02-04,2022-05-07,2027-05-06,578000.0,455469.97,351840.42,103629.55
PROP-000075,PI-0134,Dr. Daniel Kennedy,College of Medicine,Neuroscience,Data Science,Centers for Disease Control and Prevention,Federal,Renewal,Awarded,2021-12-09,2022-05-11,2022-10-15,2027-10-14,76000.0,67096.41,51902.84,15193.57
PROP-000076,PI-0133,Dr. Mary Marshall,College of Engineering,Electrical Engineering,Data Science,National Science Foundation,Federal,Renewal,Declined,2025-03-27,2025-04-30,,,1001000.0,0.0,0.0,0.0
PROP-000077,PI-0068,Dr. Carol Tucker,College of Arts and Sciences,Psychology,Data Science,Future Science Foundation,Foundation,Renewal,Awarded,2023-12-22,2024-06-22,2024-11-07,2027-11-07,200000.0,196714.14,168834.09,27880.05
PROP-000078,PI-0031,Dr. Rebecca Henderson,College of Arts and Sciences,Biology,Data Science,Health Innovation Partners,Industry,New,Awarded,2024-03-16,2024-10-15,2025-04-10,2028-04-09,266000.0,194710.93,150587.68,44123.25
PROP-000079,PI-0153,Dr. Denise Jones,College of Arts and Sciences,Physics,Social and Behavioral Science,National Institutes of Health,Federal,Resubmission,Declined,2021-07-17,2021-09-10,,,579000.0,0.0,0.0,0.0
PROP-000080,PI-0144,Dr. Christopher Rubio,College of Agriculture,Plant and Soil Sciences,Renewable Energy,Health Innovation Partners,Industry,Resubmission,Declined,2022-10-15,2023-05-13,,,82000.0,0.0,0.0,0.0
PROP-000081,PI-0157,Dr. Joshua Perry,College of Engineering,Electrical Engineering,Data Science,Department of Education,Federal,Renewal,Declined,2025-07-16,2025-10-24,,,458000.0,0.0,0.0,0.0
PROP-000082,PI-0151,Dr. David Wright,College of Agriculture,Plant and Soil Sciences,Agriculture,Future Science Foundation,Foundation,Renewal,Awarded,2023-12-20,2024-03-26,2024-05-18,2027-05-18,238000.0,168982.23,130298.91,38683.32
PROP-000083,PI-0163,Dr. Lindsey Walker,College of Arts and Sciences,Biology,Social and Behavioral Science,Bluegrass Technology Corporation,Industry,New,Awarded,2024-07-09,2025-04-21,2025-07-29,2027-07-29,922000.0,887829.0,684711.53,203117.47
PROP-000084,PI-0041,Dr. Paula Moreno,College of Engineering,Civil Engineering,Renewable Energy,Community Health Foundation,Foundation,Supplement,Withdrawn,2023-02-25,,,,135000.0,0.0,0.0,0.0
PROP-000085,PI-0014,Dr. Michele Williams,College of Business,Management,Social and Behavioral Science,Future Science Foundation,Foundation,Resubmission,Declined,2021-12-02,2022-03-14,,,112000.0,0.0,0.0,0.0
PROP-000086,PI-0094,Dr. Christina Walters,College of Agriculture,Plant and Soil Sciences,Environmental Science,Health Innovation Partners,Industry,Renewal,Withdrawn,2024-08-15,,,,231000.0,0.0,0.0,0.0
PROP-000087,PI-0094,Dr. Christina Walters,College of Agriculture,Plant and Soil Sciences,Data Science,National Institutes of Health,Federal,New,Awarded,2022-03-11,2022-08-22,2023-02-17,2027-02-16,1074000.0,898332.06,731418.35,166913.71
PROP-000088,PI-0023,Dr. Ethan Adams,College of Arts and Sciences,Biology,Social and Behavioral Science,National Institutes of Health,Federal,New,Awarded,2024-08-23,2024-10-24,2025-03-21,2028-03-20,691000.0,551695.7,444342.07,107353.63
PROP-000089,PI-0015,Dr. Dylan Miller,College of Engineering,Civil Engineering,Advanced Manufacturing,National Institutes of Health,Federal,New,Awarded,2024-04-04,2024-07-12,2024-11-18,2028-11-17,363000.0,266745.52,200825.23,65920.29
PROP-000090,PI-0016,Dr. Brian Ramirez,College of Engineering,Mechanical Engineering,Renewable Energy,State Research Council,State,Renewal,Pending,2023-11-06,,,,292000.0,0.0,0.0,0.0
PROP-000091,PI-0056,Dr. Michael Lewis,College of Arts and Sciences,Physics,Neuroscience,Bluegrass Technology Corporation,Industry,New,Awarded,2022-01-19,2022-07-11,2022-08-18,2025-08-17,351000.0,333487.88,268855.03,64632.85
PROP-000092,PI-0172,Dr. Darlene Miller,College of Agriculture,Animal Sciences,Environmental Science,Department of Defense,Federal,Supplement,Pending,2022-01-20,,,,1117000.0,0.0,0.0,0.0
PROP-000093,PI-0111,Dr. Richard Rodriguez,College of Medicine,Public Health,Public Health,National Aeronautics and Space Administration,Federal,Supplement,Declined,2023-09-24,2024-03-13,,,319000.0,0.0,0.0,0.0
PROP-000094,PI-0162,Dr. Jennifer Adkins,College of Education,Educational Leadership,Education,Regional Research Alliance,Nonprofit,Supplement,Declined,2022-01-04,2022-05-22,,,115000.0,0.0,0.0,0.0
PROP-000095,PI-0061,Dr. Victoria Garcia,College of Medicine,Neuroscience,Biomedical Research,National Institutes of Health,Federal,New,Withdrawn,2024-08-30,,,,403000.0,0.0,0.0,0.0
PROP-000096,PI-0027,Dr. Justin Baker,College of Medicine,Public Health,Neuroscience,National Institutes of Health,Federal,Renewal,Awarded,2022-09-16,2022-12-30,2023-01-29,2026-01-28,180000.0,169904.86,127873.76,42031.1
PROP-000097,PI-0075,Dr. Amy Silva,College of Agriculture,Plant and Soil Sciences,Environmental Science,University Research Initiative,Internal,New,Declined,2022-02-11,2022-03-26,,,63000.0,0.0,0.0,0.0
PROP-000098,PI-0157,Dr. Joshua Perry,College of Engineering,Electrical Engineering,Data Science,National Institutes of Health,Federal,Renewal,Awarded,2023-04-25,2023-07-28,2023-12-12,2028-12-10,657000.0,463010.45,350569.03,112441.42
PROP-000099,PI-0081,Dr. Kelly Donovan,College of Medicine,Internal Medicine,Biomedical Research,Bluegrass Technology Corporation,Industry,New,Declined,2024-05-17,2024-08-10,,,329000.0,0.0,0.0,0.0
PROP-000100,PI-0089,Dr. Lisa Archer,College of Education,Educational Leadership,Social and Behavioral Science,Department of Agriculture,Federal,Supplement,Awarded,2025-03-11,2025-04-25,2025-06-09,2029-06-08,453000.0,387965.22,304213.6,83751.62
PROP-000101,PI-0038,Dr. Cassandra Gaines,College of Agriculture,Animal Sciences,Renewable Energy,Department of Defense,Federal,New,Declined,2023-12-26,2024-03-02,,,187000.0,0.0,0.0,0.0
PROP-000102,PI-0140,Dr. Angel Perry,College of Arts and Sciences,Physics,Biomedical Research,Department of Energy,Federal,New,Awarded,2024-12-30,2025-07-14,2025-11-18,2030-11-17,394000.0,350629.67,279371.17,71258.5
PROP-000103,PI-0150,Dr. Stephanie Manning,College of Engineering,Civil Engineering,Environmental Science,National Science Foundation,Federal,New,Declined,2025-06-07,2025-09-03,,,418000.0,0.0,0.0,0.0
PROP-000104,PI-0067,Dr. Tracy House,College of Arts and Sciences,Biology,Neuroscience,State Department of Public Health,State,New,Declined,2022-10-11,2023-06-09,,,124000.0,0.0,0.0,0.0
PROP-000105,PI-0175,Dr. Nicole Herring,College of Education,Educational Leadership,Social and Behavioral Science,Advanced Manufacturing Solutions,Industry,New,Declined,2023-04-02,2023-12-06,,,293000.0,0.0,0.0,0.0
PROP-000106,PI-0119,Dr. Victor Baker,College of Medicine,Neuroscience,Public Health,State Research Council,State,New,Awarded,2024-02-27,2024-05-14,2024-10-01,2025-10-01,272000.0,195878.08,163841.84,32036.24
PROP-000107,PI-0091,Dr. Matthew Mcmillan,College of Arts and Sciences,Chemistry,Social and Behavioral Science,Advanced Manufacturing Solutions,Industry,New,Declined,2024-08-24,2025-03-10,,,1227000.0,0.0,0.0,0.0
PROP-000108,PI-0125,Dr. Helen Jones,College of Arts and Sciences,Psychology,Biomedical Research,Department of Defense,Federal,Resubmission,Pending,2023-11-14,,,,616000.0,0.0,0.0,0.0
PROP-000109,PI-0028,Dr. Stephanie Ross,College of Arts and Sciences,Physics,Biomedical Research,Regional Research Alliance,Nonprofit,New,Awarded,2024-09-26,2025-06-29,2025-09-24,2026-09-24,163000.0,138912.47,103026.13,35886.34
PROP-000110,PI-0158,Dr. Jason Stein,College of Arts and Sciences,Physics,Social and Behavioral Science,Health Innovation Partners,Industry,New,Declined,2024-09-18,2025-02-10,,,311000.0,0.0,0.0,0.0
PROP-000111,PI-0137,Dr. Robert Potter,College of Medicine,Public Health,Data Science,Health Innovation Partners,Industry,Supplement,Declined,2024-12-08,2025-01-20,,,86000.0,0.0,0.0,0.0
PROP-000112,PI-0043,Dr. Sherry Decker,College of Engineering,Electrical Engineering,Environmental Science,Community Health Foundation,Foundation,Resubmission,Awarded,2022-07-05,2023-01-24,2023-05-23,2024-05-22,186000.0,145448.49,120247.7,25200.79
PROP-000113,PI-0040,Dr. Brittany Farmer,College of Education,Curriculum and Instruction,Education,Health Innovation Partners,Industry,New,Awarded,2022-04-17,2022-07-02,2022-12-14,2024-12-13,342000.0,315423.43,270019.31,45404.12
PROP-000114,PI-0168,Dr. Alyssa Day,College of Education,Educational Leadership,Social and Behavioral Science,Department of Defense,Federal,New,Declined,2025-07-17,2026-01-29,,,3428000.0,0.0,0.0,0.0
PROP-000115,PI-0126,Dr. Erin Edwards,College of Arts and Sciences,Physics,Neuroscience,Centers for Disease Control and Prevention,Federal,Resubmission,Awarded,2024-12-17,2025-08-30,2026-01-15,2030-01-14,468000.0,334586.65,244723.84,89862.81
PROP-000116,PI-0016,Dr. Brian Ramirez,College of Engineering,Mechanical Engineering,Environmental Science,Department of Defense,Federal,New,Declined,2022-02-19,2022-09-13,,,677000.0,0.0,0.0,0.0
PROP-000117,PI-0018,Dr. Derek Zuniga,College of Arts and Sciences,Biology,Data Science,National Institutes of Health,Federal,Renewal,Declined,2024-06-14,2024-12-18,,,526000.0,0.0,0.0,0.0
PROP-000118,PI-0092,Dr. Brian Rodriguez,College of Arts and Sciences,Psychology,Biomedical Research,National Science Foundation,Federal,Supplement,Awarded,2022-08-23,2022-12-01,2023-03-06,2026-03-05,225000.0,177845.81,133308.37,44537.44
PROP-000119,PI-0002,Dr. Noah Rhodes,College of Agriculture,Plant and Soil Sciences,Data Science,National Institutes of Health,Federal,New,Declined,2022-03-22,2022-11-01,,,1273000.0,0.0,0.0,0.0
PROP-000120,PI-0177,Dr. Michael Elliott,College of Medicine,Neuroscience,Neuroscience,Department of Agriculture,Federal,Resubmission,Declined,2021-11-25,2022-07-16,,,950000.0,0.0,0.0,0.0
PROP-000121,PI-0178,Dr. Michael Wang,College of Engineering,Electrical Engineering,Artificial Intelligence,Department of Defense,Federal,New,Awarded,2023-04-03,2023-12-02,2024-03-15,2025-03-15,978000.0,853527.74,683057.73,170470.01
PROP-000122,PI-0019,Dr. Lisa Jackson,College of Business,Management,Data Science,National Institutes of Health,Federal,New,Declined,2024-12-17,2025-09-08,,,273000.0,0.0,0.0,0.0
PROP-000123,PI-0063,Dr. Connor West,College of Education,Curriculum and Instruction,Data Science,Community Health Foundation,Foundation,New,Pending,2022-11-11,,,,471000.0,0.0,0.0,0.0
PROP-000124,PI-0142,Dr. David Douglas Jr.,College of Business,Finance,Data Science,Centers for Disease Control and Prevention,Federal,New,Declined,2023-03-28,2023-10-17,,,189000.0,0.0,0.0,0.0
PROP-000125,PI-0056,Dr. Michael Lewis,College of Arts and Sciences,Physics,Environmental Science,Department of Energy,Federal,New,Declined,2022-02-19,2022-12-07,,,839000.0,0.0,0.0,0.0
PROP-000126,PI-0056,Dr. Michael Lewis,College of Arts and Sciences,Physics,Environmental Science,Future Science Foundation,Foundation,New,Declined,2025-02-11,2025-05-27,,,785000.0,0.0,0.0,0.0
PROP-000127,PI-0028,Dr. Stephanie Ross,College of Arts and Sciences,Physics,Environmental Science,National Institutes of Health,Federal,New,Awarded,2022-05-10,2022-09-07,2023-02-10,2027-02-09,257000.0,238512.6,193617.67,44894.93
PROP-000128,PI-0101,Dr. Sandra Aguilar,College of Medicine,Neuroscience,Data Science,State Research Council,State,Resubmission,Declined,2024-12-31,2025-07-14,,,145000.0,0.0,0.0,0.0
PROP-000129,PI-0106,Dr. Marc Moore,College of Engineering,Computer Science,Renewable Energy,National Institutes of Health,Federal,New,Declined,2023-03-13,2023-08-30,,,582000.0,0.0,0.0,0.0
PROP-000130,PI-0086,Dr. Daniel Baker,College of Arts and Sciences,Biology,Neuroscience,National Institutes of Health,Federal,New,Awarded,2024-01-12,2024-07-06,2024-08-24,2025-08-24,370000.0,263174.4,203071.49,60102.91
PROP-000131,PI-0035,Dr. Debra Davidson,College of Medicine,Neuroscience,Data Science,Department of Agriculture,Federal,New,Declined,2021-09-23,2022-06-10,,,169000.0,0.0,0.0,0.0
PROP-000132,PI-0028,Dr. Stephanie Ross,College of Arts and Sciences,Physics,Neuroscience,State Research Council,State,New,Declined,2022-05-05,2022-07-05,,,219000.0,0.0,0.0,0.0
PROP-000133,PI-0044,Dr. Anthony Humphrey,College of Medicine,Internal Medicine,Data Science,National Institutes of Health,Federal,Resubmission,Declined,2025-07-02,2025-09-13,,,244000.0,0.0,0.0,0.0
PROP-000134,PI-0125,Dr. Helen Jones,College of Arts and Sciences,Psychology,Neuroscience,State Research Council,State,New,Declined,2023-12-17,2024-10-10,,,284000.0,0.0,0.0,0.0
PROP-000135,PI-0027,Dr. Justin Baker,College of Medicine,Public Health,Neuroscience,Department of Energy,Federal,Resubmission,Declined,2023-05-24,2023-07-19,,,271000.0,0.0,0.0,0.0
PROP-000136,PI-0102,Dr. Cameron Parker,College of Arts and Sciences,Chemistry,Social and Behavioral Science,National Institutes of Health,Federal,New,Declined,2023-02-02,2023-07-11,,,1728000.0,0.0,0.0,0.0
PROP-000137,PI-0103,Dr. Rebecca Valencia,College of Medicine,Internal Medicine,Neuroscience,Department of Energy,Federal,New,Awarded,2023-06-17,2024-02-02,2024-04-05,2029-04-04,300000.0,237920.86,193155.49,44765.37
PROP-000138,PI-0094,Dr. Christina Walters,College of Agriculture,Plant and Soil Sciences,Agriculture,National Science Foundation,Federal,New,Declined,2022-03-19,2023-01-12,,,424000.0,0.0,0.0,0.0
PROP-000139,PI-0162,Dr. Jennifer Adkins,College of Education,Educational Leadership,Education,State Research Council,State,New,Awarded,2023-07-13,2024-02-02,2024-07-05,2026-07-05,355000.0,281394.24,240075.35,41318.89
PROP-000140,PI-0059,Dr. Brent Jordan,College of Engineering,Computer Science,Data Science,University Research Initiative,Internal,New,Awarded,2022-01-24,2022-11-19,2022-12-28,2025-12-27,29000.0,24716.9,19663.97,5052.93
PROP-000141,PI-0144,Dr. Christopher Rubio,College of Agriculture,Plant and Soil Sciences,Environmental Science,Centers for Disease Control and Prevention,Federal,New,Awarded,2025-05-19,2025-09-10,2026-01-30,2027-01-30,641000.0,596982.11,497444.97,99537.14
PROP-000142,PI-0011,Dr. Monica Herrera,College of Agriculture,Plant and Soil Sciences,Renewable Energy,Department of Energy,Federal,Renewal,Withdrawn,2024-12-02,,,,1440000.0,0.0,0.0,0.0
PROP-000143,PI-0002,Dr. Noah Rhodes,College of Agriculture,Plant and Soil Sciences,Data Science,Bluegrass Technology Corporation,Industry,Renewal,Awarded,2022-11-02,2023-07-30,2023-10-17,2026-10-16,106000.0,84041.08,70023.64,14017.44
PROP-000144,PI-0102,Dr. Cameron Parker,College of Arts and Sciences,Chemistry,Neuroscience,University Research Initiative,Internal,New,Awarded,2023-08-22,2023-12-12,2024-03-02,2029-03-01,59000.0,50201.45,39087.48,11113.97
PROP-000145,PI-0131,Dr. Elizabeth Kelley,College of Medicine,Biomedical Sciences,Neuroscience,Future Science Foundation,Foundation,New,Declined,2023-07-31,2023-10-21,,,224000.0,0.0,0.0,0.0
PROP-000146,PI-0032,Dr. James Ferrell,College of Arts and Sciences,Chemistry,Neuroscience,Health Innovation Partners,Industry,New,Declined,2023-01-10,2023-09-27,,,567000.0,0.0,0.0,0.0
PROP-000147,PI-0103,Dr. Rebecca Valencia,College of Medicine,Internal Medicine,Neuroscience,Health Innovation Partners,Industry,New,Pending,2024-01-10,,,,138000.0,0.0,0.0,0.0
PROP-000148,PI-0170,Dr. Daniel Murphy,College of Agriculture,Animal Sciences,Data Science,Community Health Foundation,Foundation,New,Declined,2023-08-05,2024-01-02,,,80000.0,0.0,0.0,0.0
PROP-000149,PI-0088,Dr. Christopher Bass,College of Engineering,Computer Science,Advanced Manufacturing,University Research Initiative,Internal,New,Awarded,2022-01-19,2022-05-03,2022-07-07,2023-07-07,70000.0,66622.7,54030.64,12592.06
PROP-000150,PI-0121,Dr. Larry Dixon,College of Education,Educational Leadership,Social and Behavioral Science,Community Health Foundation,Foundation,New,Declined,2025-06-14,2026-03-11,,,229000.0,0.0,0.0,0.0
PROP-000151,PI-0127,Dr. Michelle Evans,College of Business,Finance,Data Science,Department of Education,Federal,Resubmission,Awarded,2022-09-15,2023-07-12,2023-11-27,2024-11-26,652000.0,619718.78,493812.12,125906.66
PROP-000152,PI-0090,Dr. Aimee Montoya,College of Medicine,Internal Medicine,Public Health,National Science Foundation,Federal,New,Awarded,2025-01-29,2025-04-25,2025-09-29,2030-09-28,701000.0,657656.98,515600.38,142056.6
PROP-000153,PI-0042,Dr. Fred Smith,College of Medicine,Public Health,Biomedical Research,Department of Education,Federal,New,Declined,2023-02-17,2023-10-24,,,324000.0,0.0,0.0,0.0
PROP-000154,PI-0083,Dr. Michael Evans,College of Engineering,Electrical Engineering,Artificial Intelligence,Department of Education,Federal,New,Declined,2025-03-22,2025-06-03,,,643000.0,0.0,0.0,0.0
PROP-000155,PI-0092,Dr. Brian Rodriguez,College of Arts and Sciences,Psychology,Neuroscience,Regional Research Alliance,Nonprofit,New,Declined,2024-05-05,2025-02-18,,,167000.0,0.0,0.0,0.0
PROP-000156,PI-0080,Dr. Lisa Barnes,College of Engineering,Mechanical Engineering,Environmental Science,National Institutes of Health,Federal,Resubmission,Awarded,2023-09-01,2023-10-09,2024-02-07,2025-02-06,316000.0,314202.54,237383.49,76819.05
PROP-000157,PI-0172,Dr. Darlene Miller,College of Agriculture,Animal Sciences,Data Science,National Science Foundation,Federal,Renewal,Awarded,2024-10-04,2024-11-25,2025-03-25,2030-03-24,2190000.0,2016017.85,1545383.73,470634.12
PROP-000158,PI-0154,Dr. Devon Flores,College of Engineering,Civil Engineering,Renewable Energy,Advanced Manufacturing Solutions,Industry,New,Declined,2024-02-07,2024-11-08,,,457000.0,0.0,0.0,0.0
PROP-000159,PI-0034,Dr. Nathan Maldonado,College of Engineering,Civil Engineering,Data Science,Advanced Manufacturing Solutions,Industry,New,Declined,2024-01-24,2024-03-12,,,142000.0,0.0,0.0,0.0
PROP-000160,PI-0109,Dr. Evelyn Galvan,College of Medicine,Public Health,Public Health,National Science Foundation,Federal,Renewal,Pending,2023-04-08,,,,884000.0,0.0,0.0,0.0
PROP-000161,PI-0059,Dr. Brent Jordan,College of Engineering,Computer Science,Renewable Energy,Department of Agriculture,Federal,Supplement,Declined,2022-12-01,2023-01-18,,,260000.0,0.0,0.0,0.0
PROP-000162,PI-0162,Dr. Jennifer Adkins,College of Education,Educational Leadership,Data Science,National Science Foundation,Federal,New,Declined,2025-03-04,2025-09-19,,,975000.0,0.0,0.0,0.0
PROP-000163,PI-0060,Dr. John Daniel,College of Business,Marketing,Data Science,National Institutes of Health,Federal,New,Pending,2025-08-31,,,,1288000.0,0.0,0.0,0.0
PROP-000164,PI-0133,Dr. Mary Marshall,College of Engineering,Electrical Engineering,Advanced Manufacturing,Future Science Foundation,Foundation,New,Withdrawn,2024-04-12,,,,111000.0,0.0,0.0,0.0
PROP-000165,PI-0010,Dr. Ryan Munoz,College of Agriculture,Plant and Soil Sciences,Renewable Energy,Department of Energy,Federal,Renewal,Awarded,2021-12-17,2022-04-18,2022-10-04,2025-10-03,1113000.0,1021872.45,747039.63,274832.82
PROP-000166,PI-0170,Dr. Daniel Murphy,College of Agriculture,Animal Sciences,Data Science,National Institutes of Health,Federal,New,Awarded,2023-12-31,2024-09-13,2025-01-10,2029-01-09,736000.0,648258.86,505419.07,142839.79
PROP-000167,PI-0163,Dr. Lindsey Walker,College of Arts and Sciences,Biology,Biomedical Research,State Department of Public Health,State,Resubmission,Declined,2023-12-08,2024-05-26,,,357000.0,0.0,0.0,0.0
PROP-000168,PI-0082,Dr. Mike Allen,College of Medicine,Public Health,Biomedical Research,National Institutes of Health,Federal,Renewal,Declined,2025-04-22,2025-08-11,,,2241000.0,0.0,0.0,0.0
PROP-000169,PI-0171,Dr. Jamie Walton,College of Agriculture,Agricultural Economics,Agriculture,National Institutes of Health,Federal,New,Declined,2021-09-10,2021-12-13,,,450000.0,0.0,0.0,0.0
PROP-000170,PI-0178,Dr. Michael Wang,College of Engineering,Electrical Engineering,Artificial Intelligence,National Science Foundation,Federal,Renewal,Declined,2024-09-04,2024-10-20,,,307000.0,0.0,0.0,0.0
PROP-000171,PI-0115,Dr. Garrett Lin,College of Engineering,Computer Science,Environmental Science,National Institutes of Health,Federal,New,Declined,2023-12-27,2024-03-05,,,277000.0,0.0,0.0,0.0
PROP-000172,PI-0044,Dr. Anthony Humphrey,College of Medicine,Internal Medicine,Neuroscience,National Aeronautics and Space Administration,Federal,New,Declined,2022-11-24,2023-02-20,,,293000.0,0.0,0.0,0.0
PROP-000173,PI-0010,Dr. Ryan Munoz,College of Agriculture,Plant and Soil Sciences,Agriculture,State Department of Public Health,State,New,Awarded,2024-08-24,2025-05-09,2025-08-01,2030-07-31,199000.0,146330.33,121233.95,25096.38
PROP-000174,PI-0137,Dr. Robert Potter,College of Medicine,Public Health,Public Health,State Research Council,State,Supplement,Awarded,2022-04-04,2022-12-17,2023-02-07,2026-02-06,261000.0,249476.3,195411.29,54065.01
PROP-000175,PI-0121,Dr. Larry Dixon,College of Education,Educational Leadership,Data Science,Department of Energy,Federal,New,Declined,2023-03-07,2023-06-25,,,665000.0,0.0,0.0,0.0
PROP-000176,PI-0018,Dr. Derek Zuniga,College of Arts and Sciences,Biology,Environmental Science,Advanced Manufacturing Solutions,Industry,New,Awarded,2022-08-16,2023-05-25,2023-06-30,2026-06-29,585000.0,548507.53,413104.64,135402.89
PROP-000177,PI-0028,Dr. Stephanie Ross,College of Arts and Sciences,Physics,Neuroscience,Centers for Disease Control and Prevention,Federal,New,Withdrawn,2022-03-23,,,,546000.0,0.0,0.0,0.0
PROP-000178,PI-0002,Dr. Noah Rhodes,College of Agriculture,Plant and Soil Sciences,Agriculture,National Institutes of Health,Federal,New,Declined,2024-03-07,2024-12-31,,,1607000.0,0.0,0.0,0.0
PROP-000179,PI-0174,Dr. Matthew Harrington,College of Medicine,Biomedical Sciences,Data Science,Bluegrass Technology Corporation,Industry,Resubmission,Awarded,2023-04-11,2024-01-30,2024-05-27,2026-05-27,272000.0,242814.83,190123.14,52691.69
PROP-000180,PI-0043,Dr. Sherry Decker,College of Engineering,Electrical Engineering,Environmental Science,Department of Education,Federal,New,Withdrawn,2023-12-04,,,,4156000.0,0.0,0.0,0.0
PROP-000181,PI-0100,Dr. Stephen Mckee,College of Agriculture,Plant and Soil Sciences,Agriculture,Health Innovation Partners,Industry,New,Awarded,2022-05-28,2022-12-21,2023-06-01,2026-05-31,508000.0,404773.5,331633.56,73139.94
PROP-000182,PI-0080,Dr. Lisa Barnes,College of Engineering,Mechanical Engineering,Artificial Intelligence,National Science Foundation,Federal,Renewal,Declined,2022-03-14,2022-09-15,,,284000.0,0.0,0.0,0.0
PROP-000183,PI-0056,Dr. Michael Lewis,College of Arts and Sciences,Physics,Neuroscience,National Aeronautics and Space Administration,Federal,New,Awarded,2024-10-02,2025-04-22,2025-10-13,2026-10-13,242000.0,180594.5,146682.93,33911.57
PROP-000184,PI-0059,Dr. Brent Jordan,College of Engineering,Computer Science,Artificial Intelligence,National Institutes of Health,Federal,Supplement,Declined,2022-12-25,2023-05-11,,,776000.0,0.0,0.0,0.0
PROP-000185,PI-0019,Dr. Lisa Jackson,College of Business,Management,Social and Behavioral Science,Department of Defense,Federal,Renewal,Declined,2025-01-05,2025-07-02,,,457000.0,0.0,0.0,0.0
PROP-000186,PI-0045,Dr. Angelica Tucker,College of Agriculture,Animal Sciences,Data Science,Department of Agriculture,Federal,Resubmission,Declined,2023-03-02,2023-11-19,,,923000.0,0.0,0.0,0.0
PROP-000187,PI-0164,Dr. Jeffrey Johnson,College of Medicine,Public Health,Biomedical Research,State Research Council,State,New,Awarded,2024-02-07,2024-08-15,2024-12-04,2027-12-04,284000.0,216182.76,174012.52,42170.24
PROP-000188,PI-0082,Dr. Mike Allen,College of Medicine,Public Health,Data Science,National Institutes of Health,Federal,New,Declined,2023-04-15,2023-09-15,,,512000.0,0.0,0.0,0.0
PROP-000189,PI-0161,Dr. Paul Castaneda,College of Medicine,Biomedical Sciences,Data Science,National Institutes of Health,Federal,New,Awarded,2021-10-12,2022-06-13,2022-09-14,2024-09-13,286000.0,225100.19,174178.24,50921.95
PROP-000190,PI-0020,Dr. Carla Gray,College of Engineering,Mechanical Engineering,Renewable Energy,Community Health Foundation,Foundation,Renewal,Awarded,2022-05-23,2023-03-04,2023-06-20,2027-06-19,71000.0,60313.06,47771.65,12541.41
PROP-000191,PI-0088,Dr. Christopher Bass,College of Engineering,Computer Science,Artificial Intelligence,National Institutes of Health,Federal,New,Declined,2022-11-06,2023-03-26,,,387000.0,0.0,0.0,0.0
PROP-000192,PI-0009,Dr. Gabrielle Davis,College of Engineering,Mechanical Engineering,Environmental Science,Department of Energy,Federal,New,Declined,2025-03-01,2025-11-26,,,1027000.0,0.0,0.0,0.0
PROP-000193,PI-0178,Dr. Michael Wang,College of Engineering,Electrical Engineering,Renewable Energy,National Aeronautics and Space Administration,Federal,Resubmission,Declined,2022-12-24,2023-07-29,,,634000.0,0.0,0.0,0.0
PROP-000194,PI-0009,Dr. Gabrielle Davis,College of Engineering,Mechanical Engineering,Advanced Manufacturing,Department of Energy,Federal,New,Declined,2022-08-03,2023-03-06,,,212000.0,0.0,0.0,0.0
PROP-000195,PI-0016,Dr. Brian Ramirez,College of Engineering,Mechanical Engineering,Environmental Science,National Science Foundation,Federal,New,Declined,2024-07-31,2025-01-20,,,615000.0,0.0,0.0,0.0
PROP-000196,PI-0083,Dr. Michael Evans,College of Engineering,Electrical Engineering,Environmental Science,State Research Council,State,New,Withdrawn,2023-09-15,,,,268000.0,0.0,0.0,0.0
PROP-000197,PI-0110,Dr. Sharon Cochran,College of Education,Educational Leadership,Social and Behavioral Science,Advanced Manufacturing Solutions,Industry,New,Pending,2022-04-22,,,,177000.0,0.0,0.0,0.0
PROP-000198,PI-0109,Dr. Evelyn Galvan,College of Medicine,Public Health,Neuroscience,Department of Education,Federal,New,Awarded,2021-09-18,2022-06-17,2022-11-26,2026-11-25,606000.0,449113.21,344301.73,104811.48
PROP-000199,PI-0076,Dr. Sarah Moore,College of Arts and Sciences,Chemistry,Environmental Science,Department of Education,Federal,New,Awarded,2024-12-07,2025-06-08,2025-10-02,2030-10-01,564000.0,448695.28,347744.96,100950.32
PROP-000200,PI-0097,Dr. Aaron Wise,College of Medicine,Biomedical Sciences,Data Science,State Department of Public Health,State,New,Declined,2023-07-25,2024-02-09,,,99000.0,0.0,0.0,0.0
PROP-000201,PI-0116,Dr. Diana May,College of Arts and Sciences,Biology,Biomedical Research,Regional Research Alliance,Nonprofit,New,Declined,2025-07-25,2025-09-06,,,174000.0,0.0,0.0,0.0
PROP-000202,PI-0106,Dr. Marc Moore,College of Engineering,Computer Science,Environmental Science,Department of Agriculture,Federal,Supplement,Declined,2024-09-27,2025-02-20,,,823000.0,0.0,0.0,0.0
PROP-000203,PI-0106,Dr. Marc Moore,College of Engineering,Computer Science,Artificial Intelligence,Centers for Disease Control and Prevention,Federal,New,Declined,2024-12-21,2025-08-02,,,1217000.0,0.0,0.0,0.0
PROP-000204,PI-0083,Dr. Michael Evans,College of Engineering,Electrical Engineering,Data Science,Advanced Manufacturing Solutions,Industry,New,Declined,2025-06-04,2025-08-29,,,685000.0,0.0,0.0,0.0
PROP-000205,PI-0138,Dr. Courtney Gonzalez,College of Agriculture,Agricultural Economics,Environmental Science,National Institutes of Health,Federal,New,Awarded,2025-05-15,2026-02-10,2026-03-27,2028-03-26,192000.0,146144.16,115491.11,30653.05
PROP-000206,PI-0139,Dr. David Alvarez,College of Medicine,Biomedical Sciences,Neuroscience,Centers for Disease Control and Prevention,Federal,Supplement,Declined,2023-08-11,2024-02-17,,,267000.0,0.0,0.0,0.0
PROP-000207,PI-0075,Dr. Amy Silva,College of Agriculture,Plant and Soil Sciences,Environmental Science,Department of Defense,Federal,New,Declined,2025-04-15,2025-09-27,,,795000.0,0.0,0.0,0.0
PROP-000208,PI-0018,Dr. Derek Zuniga,College of Arts and Sciences,Biology,Neuroscience,Department of Agriculture,Federal,Supplement,Awarded,2023-03-04,2023-09-02,2023-12-14,2025-12-13,794000.0,609363.33,521741.45,87621.88
PROP-000209,PI-0169,Dr. Joel Williams,College of Engineering,Mechanical Engineering,Advanced Manufacturing,Department of Energy,Federal,New,Pending,2025-07-17,,,,795000.0,0.0,0.0,0.0
PROP-000210,PI-0055,Dr. Shannon Jones,College of Arts and Sciences,Biology,Social and Behavioral Science,National Science Foundation,Federal,New,Declined,2023-09-17,2024-04-10,,,5000000.0,0.0,0.0,0.0
PROP-000211,PI-0042,Dr. Fred Smith,College of Medicine,Public Health,Neuroscience,National Science Foundation,Federal,New,Declined,2023-06-10,2024-02-21,,,829000.0,0.0,0.0,0.0
PROP-000212,PI-0005,Dr. Cristian Santos,College of Arts and Sciences,Biology,Social and Behavioral Science,Bluegrass Technology Corporation,Industry,New,Declined,2023-01-07,2023-06-25,,,726000.0,0.0,0.0,0.0
PROP-000213,PI-0043,Dr. Sherry Decker,College of Engineering,Electrical Engineering,Data Science,National Institutes of Health,Federal,Renewal,Awarded,2021-10-12,2022-03-10,2022-04-22,2023-04-22,1105000.0,995549.96,790810.94,204739.02
PROP-000214,PI-0143,Dr. Patricia Rodriguez,College of Medicine,Biomedical Sciences,Data Science,Department of Energy,Federal,New,Declined,2022-04-08,2022-05-10,,,881000.0,0.0,0.0,0.0
PROP-000215,PI-0077,Dr. Angela Lopez,College of Medicine,Public Health,Neuroscience,Department of Defense,Federal,Resubmission,Pending,2024-03-04,,,,427000.0,0.0,0.0,0.0
PROP-000216,PI-0060,Dr. John Daniel,College of Business,Marketing,Social and Behavioral Science,National Science Foundation,Federal,Supplement,Awarded,2025-02-12,2025-07-10,2025-12-23,2026-12-23,955000.0,685450.08,567293.22,118156.86
PROP-000217,PI-0100,Dr. Stephen Mckee,College of Agriculture,Plant and Soil Sciences,Environmental Science,Department of Defense,Federal,Resubmission,Pending,2021-09-13,,,,303000.0,0.0,0.0,0.0
PROP-000218,PI-0016,Dr. Brian Ramirez,College of Engineering,Mechanical Engineering,Advanced Manufacturing,Bluegrass Technology Corporation,Industry,New,Declined,2023-02-13,2023-04-03,,,278000.0,0.0,0.0,0.0
PROP-000219,PI-0009,Dr. Gabrielle Davis,College of Engineering,Mechanical Engineering,Artificial Intelligence,National Science Foundation,Federal,New,Pending,2023-05-18,,,,375000.0,0.0,0.0,0.0
PROP-000220,PI-0109,Dr. Evelyn Galvan,College of Medicine,Public Health,Public Health,Department of Defense,Federal,Renewal,Declined,2022-04-01,2023-01-14,,,575000.0,0.0,0.0,0.0
PROP-000221,PI-0040,Dr. Brittany Farmer,College of Education,Curriculum and Instruction,Social and Behavioral Science,National Science Foundation,Federal,Resubmission,Awarded,2025-08-06,2025-12-09,2026-01-11,2029-01-10,3066000.0,2568309.53,1941685.88,626623.65
PROP-000222,PI-0020,Dr. Carla Gray,College of Engineering,Mechanical Engineering,Renewable Energy,Centers for Disease Control and Prevention,Federal,Renewal,Awarded,2025-01-29,2025-11-18,2026-03-11,2027-03-11,133000.0,128892.01,107725.18,21166.83
PROP-000223,PI-0117,Dr. William Herrera,College of Agriculture,Plant and Soil Sciences,Renewable Energy,State Research Council,State,New,Awarded,2023-04-24,2023-12-06,2024-03-05,2028-03-04,326000.0,319723.72,230506.8,89216.92
PROP-000224,PI-0035,Dr. Debra Davidson,College of Medicine,Neuroscience,Public Health,Education Advancement Foundation,Foundation,New,Declined,2021-07-24,2022-01-03,,,66000.0,0.0,0.0,0.0
PROP-000225,PI-0150,Dr. Stephanie Manning,College of Engineering,Civil Engineering,Renewable Energy,State Research Council,State,New,Awarded,2023-03-21,2023-09-26,2023-11-25,2026-11-24,154000.0,115178.92,93991.79,21187.13
PROP-000226,PI-0037,Dr. Sherri Baker,College of Engineering,Computer Science,Renewable Energy,Department of Education,Federal,New,Awarded,2022-05-10,2022-12-17,2023-05-02,2028-04-30,1223000.0,1023031.68,878208.57,144823.11
PROP-000227,PI-0101,Dr. Sandra Aguilar,College of Medicine,Neuroscience,Data Science,Bluegrass Technology Corporation,Industry,Resubmission,Declined,2022-11-19,2023-01-29,,,343000.0,0.0,0.0,0.0
PROP-000228,PI-0175,Dr. Nicole Herring,College of Education,Educational Leadership,Data Science,Department of Defense,Federal,Renewal,Awarded,2024-08-29,2025-06-13,2025-09-02,2030-09-01,241000.0,176812.7,147820.43,28992.27
PROP-000229,PI-0093,Dr. Denise Jacobs,College of Medicine,Public Health,Neuroscience,National Science Foundation,Federal,Resubmission,Declined,2025-04-24,2025-09-06,,,316000.0,0.0,0.0,0.0
PROP-000230,PI-0041,Dr. Paula Moreno,College of Engineering,Civil Engineering,Environmental Science,Department of Agriculture,Federal,Resubmission,Declined,2021-10-22,2022-07-11,,,900000.0,0.0,0.0,0.0
PROP-000231,PI-0087,Dr. Shirley Suarez,College of Engineering,Computer Science,Data Science,Department of Agriculture,Federal,New,Awarded,2024-02-02,2024-03-14,2024-07-23,2027-07-23,312000.0,281371.06,214726.56,66644.5
PROP-000232,PI-0036,Dr. Jeffrey Chavez,College of Arts and Sciences,Biology,Biomedical Research,Bluegrass Technology Corporation,Industry,New,Awarded,2023-06-06,2023-08-05,2023-09-21,2027-09-20,381000.0,346753.99,275933.96,70820.03
PROP-000233,PI-0100,Dr. Stephen Mckee,College of Agriculture,Plant and Soil Sciences,Agriculture,National Science Foundation,Federal,New,Awarded,2025-02-03,2025-10-06,2026-02-08,2030-02-07,559000.0,555366.49,450081.95,105284.54
PROP-000234,PI-0104,Dr. Christine Wright,College of Medicine,Biomedical Sciences,Data Science,Health Innovation Partners,Industry,Resubmission,Awarded,2025-04-29,2025-08-05,2025-12-02,2026-12-02,208000.0,205762.61,173342.14,32420.47
PROP-000235,PI-0054,Dr. Mark Perez,College of Medicine,Biomedical Sciences,Neuroscience,University Research Initiative,Internal,New,Awarded,2022-09-30,2023-03-31,2023-08-26,2028-08-24,158000.0,150170.54,124020.61,26149.93
PROP-000236,PI-0068,Dr. Carol Tucker,College of Arts and Sciences,Psychology,Data Science,National Aeronautics and Space Administration,Federal,Resubmission,Awarded,2023-06-09,2023-09-04,2023-10-12,2027-10-11,869000.0,648740.14,484211.38,164528.76
PROP-000237,PI-0017,Dr. Holly Wood,College of Arts and Sciences,Biology,Neuroscience,Bluegrass Technology Corporation,Industry,Resubmission,Awarded,2022-08-27,2023-05-12,2023-06-23,2025-06-22,79000.0,56894.79,45695.17,11199.62
PROP-000238,PI-0153,Dr. Denise Jones,College of Arts and Sciences,Physics,Biomedical Research,Department of Defense,Federal,New,Awarded,2021-10-24,2022-03-22,2022-09-15,2025-09-14,621000.0,460807.26,395873.84,64933.42
PROP-000239,PI-0123,Dr. April Frost,College of Medicine,Neuroscience,Public Health,National Science Foundation,Federal,Resubmission,Withdrawn,2024-06-02,,,,329000.0,0.0,0.0,0.0
PROP-000240,PI-0032,Dr. James Ferrell,College of Arts and Sciences,Chemistry,Environmental Science,Department of Defense,Federal,New,Declined,2024-10-24,2025-02-20,,,1024000.0,0.0,0.0,0.0
PROP-000241,PI-0022,Dr. Patty Perez,College of Education,Curriculum and Instruction,Data Science,State Research Council,State,New,Awarded,2023-06-06,2024-03-30,2024-07-19,2028-07-18,125000.0,122809.49,99965.45,22844.04
PROP-000242,PI-0177,Dr. Michael Elliott,College of Medicine,Neuroscience,Data Science,National Institutes of Health,Federal,New,Declined,2024-02-25,2024-07-27,,,496000.0,0.0,0.0,0.0
PROP-000243,PI-0094,Dr. Christina Walters,College of Agriculture,Plant and Soil Sciences,Environmental Science,National Science Foundation,Federal,Renewal,Declined,2021-10-27,2022-06-25,,,789000.0,0.0,0.0,0.0
PROP-000244,PI-0136,Dr. Jose Schultz,College of Education,Curriculum and Instruction,Social and Behavioral Science,National Aeronautics and Space Administration,Federal,New,Awarded,2022-08-21,2023-05-08,2023-09-09,2024-09-08,1034000.0,826247.58,604044.7,222202.88
PROP-000245,PI-0135,Dr. Rebecca Jackson,College of Business,Finance,Social and Behavioral Science,State Department of Public Health,State,New,Awarded,2025-04-10,2025-06-16,2025-09-02,2030-09-01,96000.0,84623.12,61397.18,23225.94
PROP-000246,PI-0074,Dr. Lauren Daniels,College of Agriculture,Agricultural Economics,Environmental Science,Department of Agriculture,Federal,Resubmission,Awarded,2021-08-01,2021-10-30,2022-03-31,2024-03-30,420000.0,320687.78,239426.56,81261.22
PROP-000247,PI-0079,Dr. Steve Sanchez,College of Agriculture,Agricultural Economics,Environmental Science,Department of Defense,Federal,New,Awarded,2023-01-31,2023-09-01,2023-12-18,2026-12-17,378000.0,307767.04,244585.86,63181.18
PROP-000248,PI-0100,Dr. Stephen Mckee,College of Agriculture,Plant and Soil Sciences,Data Science,Department of Agriculture,Federal,New,Awarded,2025-07-19,2025-11-30,2026-04-03,2029-04-02,331000.0,278320.4,233110.69,45209.71
PROP-000249,PI-0082,Dr. Mike Allen,College of Medicine,Public Health,Data Science,National Institutes of Health,Federal,Resubmission,Declined,2021-08-03,2022-01-13,,,2031000.0,0.0,0.0,0.0
PROP-000250,PI-0169,Dr. Joel Williams,College of Engineering,Mechanical Engineering,Environmental Science,Community Health Foundation,Foundation,New,Declined,2022-05-09,2022-09-16,,,246000.0,0.0,0.0,0.0
PROP-000251,PI-0045,Dr. Angelica Tucker,College of Agriculture,Animal Sciences,Data Science,National Science Foundation,Federal,New,Awarded,2024-08-01,2025-01-09,2025-06-13,2029-06-12,210000.0,188240.3,153581.22,34659.08
PROP-000252,PI-0006,Dr. Connie Lawrence,College of Engineering,Electrical Engineering,Advanced Manufacturing,National Science Foundation,Federal,Renewal,Awarded,2025-07-15,2025-09-13,2026-02-24,2027-02-24,1076000.0,929625.15,693283.47,236341.68
PROP-000253,PI-0027,Dr. Justin Baker,College of Medicine,Public Health,Biomedical Research,Education Advancement Foundation,Foundation,Renewal,Declined,2023-10-23,2024-01-31,,,751000.0,0.0,0.0,0.0
PROP-000254,PI-0024,Dr. Tommy Walter,College of Engineering,Electrical Engineering,Data Science,National Institutes of Health,Federal,New,Awarded,2024-01-20,2024-10-23,2025-03-26,2026-03-26,1172000.0,951617.36,767476.48,184140.88
PROP-000255,PI-0035,Dr. Debra Davidson,College of Medicine,Neuroscience,Biomedical Research,National Aeronautics and Space Administration,Federal,New,Awarded,2025-07-19,2025-08-26,2026-01-31,2030-01-30,173000.0,135359.04,115982.0,19377.04
PROP-000256,PI-0094,Dr. Christina Walters,College of Agriculture,Plant and Soil Sciences,Environmental Science,National Institutes of Health,Federal,New,Awarded,2022-07-29,2023-02-25,2023-06-03,2027-06-02,376000.0,333111.28,251611.79,81499.49
PROP-000257,PI-0133,Dr. Mary Marshall,College of Engineering,Electrical Engineering,Artificial Intelligence,Department of Energy,Federal,New,Declined,2025-05-28,2025-10-20,,,1397000.0,0.0,0.0,0.0
PROP-000258,PI-0130,Dr. Megan Orr,College of Engineering,Mechanical Engineering,Renewable Energy,State Research Council,State,Resubmission,Declined,2025-02-20,2025-04-07,,,132000.0,0.0,0.0,0.0
PROP-000259,PI-0164,Dr. Jeffrey Johnson,College of Medicine,Public Health,Biomedical Research,Department of Defense,Federal,New,Declined,2025-01-25,2025-02-28,,,754000.0,0.0,0.0,0.0
PROP-000260,PI-0120,Dr. Jeffrey Chandler,College of Engineering,Computer Science,Data Science,National Institutes of Health,Federal,Resubmission,Declined,2023-05-10,2023-07-27,,,966000.0,0.0,0.0,0.0
PROP-000261,PI-0120,Dr. Jeffrey Chandler,College of Engineering,Computer Science,Environmental Science,Community Health Foundation,Foundation,New,Pending,2025-05-18,,,,104000.0,0.0,0.0,0.0
PROP-000262,PI-0107,Dr. Sharon Cherry,College of Business,Finance,Social and Behavioral Science,Department of Agriculture,Federal,New,Awarded,2023-01-26,2023-03-13,2023-05-27,2026-05-26,517000.0,501383.24,400550.75,100832.49
PROP-000263,PI-0107,Dr. Sharon Cherry,College of Business,Finance,Business and Economics,Regional Research Alliance,Nonprofit,New,Declined,2025-06-29,2026-02-17,,,25000.0,0.0,0.0,0.0
PROP-000264,PI-0076,Dr. Sarah Moore,College of Arts and Sciences,Chemistry,Biomedical Research,National Science Foundation,Federal,New,Declined,2023-09-05,2024-03-22,,,251000.0,0.0,0.0,0.0
PROP-000265,PI-0093,Dr. Denise Jacobs,College of Medicine,Public Health,Data Science,Bluegrass Technology Corporation,Industry,New,Withdrawn,2025-07-23,,,,275000.0,0.0,0.0,0.0
PROP-000266,PI-0060,Dr. John Daniel,College of Business,Marketing,Business and Economics,Department of Agriculture,Federal,Supplement,Awarded,2023-12-13,2024-08-02,2024-11-23,2025-11-23,212000.0,163164.36,119214.82,43949.54
PROP-000267,PI-0118,Dr. Ashley Waller,College of Engineering,Civil Engineering,Renewable Energy,Bluegrass Technology Corporation,Industry,New,Awarded,2024-08-06,2025-03-18,2025-05-08,2030-05-07,1028000.0,1009848.45,788145.02,221703.43
PROP-000268,PI-0032,Dr. James Ferrell,College of Arts and Sciences,Chemistry,Social and Behavioral Science,Advanced Manufacturing Solutions,Industry,Renewal,Awarded,2022-05-12,2022-08-28,2023-01-04,2026-01-03,120000.0,97680.0,81049.46,16630.54
PROP-000269,PI-0149,Dr. Kathy Rivas,College of Education,Educational Leadership,Social and Behavioral Science,National Institutes of Health,Federal,New,Awarded,2023-07-08,2023-09-20,2023-12-06,2027-12-05,388000.0,360220.73,264514.55,95706.18
PROP-000270,PI-0136,Dr. Jose Schultz,College of Education,Curriculum and Instruction,Social and Behavioral Science,National Aeronautics and Space Administration,Federal,New,Awarded,2021-12-31,2022-07-15,2022-11-20,2023-11-20,596000.0,480479.87,352205.68,128274.19
PROP-000271,PI-0171,Dr. Jamie Walton,College of Agriculture,Agricultural Economics,Data Science,Department of Defense,Federal,Renewal,Declined,2024-08-19,2025-01-20,,,1593000.0,0.0,0.0,0.0
PROP-000272,PI-0150,Dr. Stephanie Manning,College of Engineering,Civil Engineering,Environmental Science,National Aeronautics and Space Administration,Federal,Renewal,Awarded,2023-01-02,2023-03-05,2023-05-16,2027-05-15,184000.0,145422.45,114743.74,30678.71
PROP-000273,PI-0149,Dr. Kathy Rivas,College of Education,Educational Leadership,Social and Behavioral Science,Department of Defense,Federal,New,Awarded,2022-11-28,2023-09-07,2023-11-26,2027-11-25,1293000.0,1271363.83,1043695.53,227668.3
PROP-000274,PI-0063,Dr. Connor West,College of Education,Curriculum and Instruction,Education,National Institutes of Health,Federal,New,Declined,2024-12-22,2025-08-03,,,545000.0,0.0,0.0,0.0
PROP-000275,PI-0133,Dr. Mary Marshall,College of Engineering,Electrical Engineering,Renewable Energy,Department of Defense,Federal,New,Declined,2025-02-23,2025-06-02,,,259000.0,0.0,0.0,0.0
PROP-000276,PI-0075,Dr. Amy Silva,College of Agriculture,Plant and Soil Sciences,Data Science,Department of Energy,Federal,Supplement,Awarded,2023-04-05,2023-10-15,2024-01-27,2028-01-26,764000.0,575514.46,446457.38,129057.08
PROP-000277,PI-0131,Dr. Elizabeth Kelley,College of Medicine,Biomedical Sciences,Neuroscience,Department of Energy,Federal,New,Declined,2023-07-18,2023-10-14,,,627000.0,0.0,0.0,0.0
PROP-000278,PI-0043,Dr. Sherry Decker,College of Engineering,Electrical Engineering,Environmental Science,National Science Foundation,Federal,Supplement,Awarded,2024-07-31,2024-12-15,2025-05-06,2028-05-05,344000.0,243577.74,200174.59,43403.15
PROP-000279,PI-0096,Dr. Anna Henderson,College of Medicine,Public Health,Biomedical Research,Advanced Manufacturing Solutions,Industry,Renewal,Awarded,2024-04-18,2024-09-24,2024-12-02,2028-12-01,344000.0,255163.29,194535.62,60627.67
PROP-000280,PI-0172,Dr. Darlene Miller,College of Agriculture,Animal Sciences,Renewable Energy,National Institutes of Health,Federal,Supplement,Declined,2023-09-29,2024-07-14,,,405000.0,0.0,0.0,0.0
PROP-000281,PI-0171,Dr. Jamie Walton,College of Agriculture,Agricultural Economics,Renewable Energy,National Aeronautics and Space Administration,Federal,Renewal,Declined,2024-07-04,2024-09-15,,,588000.0,0.0,0.0,0.0
PROP-000282,PI-0063,Dr. Connor West,College of Education,Curriculum and Instruction,Education,Bluegrass Technology Corporation,Industry,Renewal,Awarded,2025-02-15,2025-10-07,2026-01-29,2030-01-28,521000.0,460461.56,367840.1,92621.46
PROP-000283,PI-0056,Dr. Michael Lewis,College of Arts and Sciences,Physics,Biomedical Research,National Institutes of Health,Federal,New,Declined,2024-05-28,2024-10-18,,,1775000.0,0.0,0.0,0.0
PROP-000284,PI-0008,Dr. Gina Moore,College of Arts and Sciences,Psychology,Data Science,Department of Energy,Federal,New,Declined,2025-05-15,2026-02-25,,,214000.0,0.0,0.0,0.0
PROP-000285,PI-0166,Dr. John Anderson,College of Engineering,Electrical Engineering,Data Science,Department of Energy,Federal,New,Awarded,2023-10-30,2024-02-09,2024-06-07,2027-06-07,2676000.0,2612215.57,1912193.18,700022.39
PROP-000286,PI-0133,Dr. Mary Marshall,College of Engineering,Electrical Engineering,Renewable Energy,Department of Defense,Federal,New,Declined,2024-03-02,2024-05-20,,,125000.0,0.0,0.0,0.0
PROP-000287,PI-0034,Dr. Nathan Maldonado,College of Engineering,Civil Engineering,Advanced Manufacturing,State Department of Public Health,State,New,Awarded,2021-09-30,2022-04-23,2022-06-19,2024-06-18,189000.0,178237.54,131202.78,47034.76
PROP-000288,PI-0151,Dr. David Wright,College of Agriculture,Plant and Soil Sciences,Environmental Science,Department of Agriculture,Federal,New,Awarded,2023-11-21,2024-07-15,2024-09-30,2026-09-30,840000.0,829532.58,624189.9,205342.68
PROP-000289,PI-0115,Dr. Garrett Lin,College of Engineering,Computer Science,Advanced Manufacturing,Department of Defense,Federal,Renewal,Pending,2024-01-07,,,,667000.0,0.0,0.0,0.0
PROP-000290,PI-0108,Dr. Sierra Johnson,College of Engineering,Civil Engineering,Environmental Science,Department of Defense,Federal,New,Awarded,2023-01-22,2023-03-25,2023-09-18,2024-09-17,339000.0,313811.5,261474.7,52336.8
PROP-000291,PI-0119,Dr. Victor Baker,College of Medicine,Neuroscience,Neuroscience,Department of Energy,Federal,New,Awarded,2025-04-04,2025-10-11,2026-02-17,2031-02-16,462000.0,442961.43,351658.27,91303.16
PROP-000292,PI-0052,Dr. Danny Morgan,College of Arts and Sciences,Psychology,Data Science,Centers for Disease Control and Prevention,Federal,New,Pending,2024-12-16,,,,373000.0,0.0,0.0,0.0
PROP-000293,PI-0150,Dr. Stephanie Manning,College of Engineering,Civil Engineering,Data Science,Advanced Manufacturing Solutions,Industry,Renewal,Awarded,2024-12-10,2025-06-18,2025-08-17,2027-08-17,217000.0,190319.96,154938.61,35381.35
PROP-000294,PI-0117,Dr. William Herrera,College of Agriculture,Plant and Soil Sciences,Data Science,National Institutes of Health,Federal,New,Awarded,2023-09-04,2024-04-17,2024-09-02,2026-09-02,1022000.0,843632.11,623698.42,219933.69
PROP-000295,PI-0015,Dr. Dylan Miller,College of Engineering,Civil Engineering,Advanced Manufacturing,Department of Education,Federal,Renewal,Declined,2022-06-20,2022-10-13,,,706000.0,0.0,0.0,0.0
PROP-000296,PI-0004,Dr. Daniel Wagner,College of Arts and Sciences,Biology,Data Science,National Science Foundation,Federal,New,Pending,2024-12-20,,,,321000.0,0.0,0.0,0.0
PROP-000297,PI-0039,Dr. Elizabeth Fowler,College of Medicine,Neuroscience,Biomedical Research,Health Innovation Partners,Industry,Supplement,Awarded,2022-08-04,2023-05-19,2023-10-22,2027-10-21,615000.0,580907.34,496638.64,84268.7
PROP-000298,PI-0111,Dr. Richard Rodriguez,College of Medicine,Public Health,Data Science,Department of Defense,Federal,Resubmission,Declined,2021-12-17,2022-01-31,,,680000.0,0.0,0.0,0.0
PROP-000299,PI-0172,Dr. Darlene Miller,College of Agriculture,Animal Sciences,Environmental Science,National Science Foundation,Federal,New,Declined,2022-06-10,2023-03-01,,,994000.0,0.0,0.0,0.0
PROP-000300,PI-0117,Dr. William Herrera,College of Agriculture,Plant and Soil Sciences,Renewable Energy,National Aeronautics and Space Administration,Federal,New,Awarded,2024-07-17,2024-09-06,2025-01-26,2030-01-25,867000.0,821035.86,633314.75,187721.11
PROP-000301,PI-0014,Dr. Michele Williams,College of Business,Management,Business and Economics,University Research Initiative,Internal,New,Declined,2022-11-19,2023-05-20,,,36000.0,0.0,0.0,0.0
PROP-000302,PI-0132,Dr. Dustin Jordan,College of Engineering,Computer Science,Artificial Intelligence,Department of Defense,Federal,New,Declined,2023-12-17,2024-03-16,,,355000.0,0.0,0.0,0.0
PROP-000303,PI-0030,Dr. Anthony Rodriguez,College of Engineering,Mechanical Engineering,Data Science,National Science Foundation,Federal,Renewal,Declined,2025-06-25,2026-03-01,,,946000.0,0.0,0.0,0.0
PROP-000304,PI-0077,Dr. Angela Lopez,College of Medicine,Public Health,Neuroscience,Department of Education,Federal,Renewal,Declined,2021-10-30,2022-05-27,,,854000.0,0.0,0.0,0.0
PROP-000305,PI-0148,Dr. Stephanie Salazar,College of Medicine,Internal Medicine,Public Health,Centers for Disease Control and Prevention,Federal,New,Withdrawn,2023-02-20,,,,532000.0,0.0,0.0,0.0
PROP-000306,PI-0102,Dr. Cameron Parker,College of Arts and Sciences,Chemistry,Social and Behavioral Science,Centers for Disease Control and Prevention,Federal,Supplement,Declined,2025-04-22,2025-07-09,,,590000.0,0.0,0.0,0.0
PROP-000307,PI-0179,Dr. Lawrence Adkins,College of Medicine,Internal Medicine,Neuroscience,Regional Research Alliance,Nonprofit,Renewal,Pending,2023-01-19,,,,302000.0,0.0,0.0,0.0
PROP-000308,PI-0066,Dr. Amber Kidd,College of Medicine,Neuroscience,Neuroscience,State Department of Public Health,State,New,Awarded,2023-04-21,2023-12-08,2024-05-11,2026-05-11,142000.0,134693.32,111338.35,23354.97
PROP-000309,PI-0131,Dr. Elizabeth Kelley,College of Medicine,Biomedical Sciences,Public Health,Department of Education,Federal,New,Awarded,2022-01-07,2022-08-13,2023-01-06,2027-01-05,814000.0,668176.16,551226.85,116949.31
PROP-000310,PI-0042,Dr. Fred Smith,College of Medicine,Public Health,Public Health,Centers for Disease Control and Prevention,Federal,Resubmission,Pending,2022-01-07,,,,464000.0,0.0,0.0,0.0
PROP-000311,PI-0145,Dr. Amber Wright,College of Medicine,Neuroscience,Data Science,Department of Education,Federal,Renewal,Pending,2024-06-29,,,,459000.0,0.0,0.0,0.0
PROP-000312,PI-0091,Dr. Matthew Mcmillan,College of Arts and Sciences,Chemistry,Data Science,National Science Foundation,Federal,New,Awarded,2023-01-01,2023-04-07,2023-09-28,2027-09-27,1232000.0,981730.96,745823.99,235906.97
PROP-000313,PI-0011,Dr. Monica Herrera,College of Agriculture,Plant and Soil Sciences,Data Science,Future Science Foundation,Foundation,Renewal,Awarded,2025-01-03,2025-04-06,2025-06-15,2029-06-14,323000.0,302058.92,236917.33,65141.59
PROP-000314,PI-0127,Dr. Michelle Evans,College of Business,Finance,Data Science,National Institutes of Health,Federal,Supplement,Awarded,2025-05-11,2025-11-11,2026-01-20,2029-01-19,995000.0,967958.05,816473.28,151484.77
PROP-000315,PI-0152,Dr. Pamela Boyd,College of Engineering,Electrical Engineering,Artificial Intelligence,State Research Council,State,New,Awarded,2025-02-18,2025-08-23,2025-11-20,2029-11-19,488000.0,365832.87,283698.93,82133.94
PROP-000316,PI-0050,Dr. Eric Carney,College of Engineering,Electrical Engineering,Artificial Intelligence,State Department of Public Health,State,New,Declined,2022-03-29,2022-08-21,,,212000.0,0.0,0.0,0.0
PROP-000317,PI-0080,Dr. Lisa Barnes,College of Engineering,Mechanical Engineering,Environmental Science,State Research Council,State,New,Declined,2022-03-04,2022-11-05,,,326000.0,0.0,0.0,0.0
PROP-000318,PI-0127,Dr. Michelle Evans,College of Business,Finance,Social and Behavioral Science,National Institutes of Health,Federal,New,Declined,2025-08-05,2025-10-26,,,428000.0,0.0,0.0,0.0
PROP-000319,PI-0064,Dr. Donald Wright,College of Agriculture,Agricultural Economics,Agriculture,Department of Energy,Federal,Resubmission,Awarded,2022-03-30,2022-06-03,2022-11-15,2027-11-14,689000.0,614913.79,501031.26,113882.53
PROP-000320,PI-0020,Dr. Carla Gray,College of Engineering,Mechanical Engineering,Artificial Intelligence,Department of Education,Federal,New,Declined,2022-09-10,2022-12-26,,,490000.0,0.0,0.0,0.0
PROP-000321,PI-0107,Dr. Sharon Cherry,College of Business,Finance,Data Science,Department of Education,Federal,New,Awarded,2022-01-22,2022-09-05,2023-01-02,2027-01-01,581000.0,431104.29,317828.19,113276.1
PROP-000322,PI-0061,Dr. Victoria Garcia,College of Medicine,Neuroscience,Public Health,Advanced Manufacturing Solutions,Industry,New,Declined,2022-11-21,2023-05-15,,,497000.0,0.0,0.0,0.0
PROP-000323,PI-0165,Dr. Michael Powell,College of Business,Marketing,Social and Behavioral Science,National Institutes of Health,Federal,Resubmission,Pending,2022-08-25,,,,293000.0,0.0,0.0,0.0
PROP-000324,PI-0126,Dr. Erin Edwards,College of Arts and Sciences,Physics,Neuroscience,Department of Education,Federal,New,Declined,2025-02-13,2025-04-11,,,2596000.0,0.0,0.0,0.0
PROP-000325,PI-0116,Dr. Diana May,College of Arts and Sciences,Biology,Environmental Science,Department of Agriculture,Federal,New,Declined,2024-10-29,2025-01-03,,,254000.0,0.0,0.0,0.0
PROP-000326,PI-0179,Dr. Lawrence Adkins,College of Medicine,Internal Medicine,Biomedical Research,University Research Initiative,Internal,Resubmission,Awarded,2024-09-07,2025-01-03,2025-06-02,2026-06-02,30000.0,24787.77,19743.21,5044.56
PROP-000327,PI-0168,Dr. Alyssa Day,College of Education,Educational Leadership,Education,Centers for Disease Control and Prevention,Federal,New,Awarded,2021-11-01,2022-04-26,2022-10-01,2026-09-30,1288000.0,1268169.95,983740.36,284429.59
PROP-000328,PI-0104,Dr. Christine Wright,College of Medicine,Biomedical Sciences,Data Science,State Department of Public Health,State,New,Declined,2024-12-13,2025-03-31,,,350000.0,0.0,0.0,0.0
PROP-000329,PI-0152,Dr. Pamela Boyd,College of Engineering,Electrical Engineering,Renewable Energy,National Institutes of Health,Federal,New,Pending,2022-05-15,,,,863000.0,0.0,0.0,0.0
PROP-000330,PI-0057,Dr. Timothy Duncan,College of Agriculture,Animal Sciences,Data Science,Department of Defense,Federal,Renewal,Declined,2025-04-25,2025-06-27,,,866000.0,0.0,0.0,0.0
PROP-000331,PI-0030,Dr. Anthony Rodriguez,College of Engineering,Mechanical Engineering,Renewable Energy,State Research Council,State,Renewal,Pending,2021-10-27,,,,207000.0,0.0,0.0,0.0
PROP-000332,PI-0103,Dr. Rebecca Valencia,College of Medicine,Internal Medicine,Neuroscience,National Institutes of Health,Federal,New,Declined,2024-11-28,2025-01-25,,,276000.0,0.0,0.0,0.0
PROP-000333,PI-0033,Dr. Tricia Valencia,College of Arts and Sciences,Chemistry,Social and Behavioral Science,State Research Council,State,Renewal,Awarded,2021-07-26,2021-11-16,2022-04-22,2025-04-21,220000.0,200721.44,164232.28,36489.16
PROP-000334,PI-0085,Dr. Zachary Ferrell,College of Arts and Sciences,Chemistry,Neuroscience,Department of Agriculture,Federal,Resubmission,Awarded,2023-08-01,2024-01-15,2024-03-15,2025-03-15,325000.0,239875.73,198942.7,40933.03
PROP-000335,PI-0050,Dr. Eric Carney,College of Engineering,Electrical Engineering,Renewable Energy,Advanced Manufacturing Solutions,Industry,New,Awarded,2025-06-28,2026-04-08,2026-09-01,2031-08-31,649000.0,644142.35,520373.36,123768.99
PROP-000336,PI-0060,Dr. John Daniel,College of Business,Marketing,Data Science,National Institutes of Health,Federal,Resubmission,Awarded,2022-05-19,2022-08-16,2022-11-12,2027-11-11,484000.0,375842.85,276021.5,99821.35
PROP-000337,PI-0149,Dr. Kathy Rivas,College of Education,Educational Leadership,Education,National Institutes of Health,Federal,Resubmission,Awarded,2024-02-22,2024-06-22,2024-07-31,2029-07-30,291000.0,235475.15,199878.78,35596.37
PROP-000338,PI-0149,Dr. Kathy Rivas,College of Education,Educational Leadership,Data Science,Bluegrass Technology Corporation,Industry,New,Awarded,2023-10-31,2024-01-08,2024-07-02,2027-07-02,262000.0,255386.18,195317.03,60069.15
PROP-000339,PI-0096,Dr. Anna Henderson,College of Medicine,Public Health,Biomedical Research,Department of Agriculture,Federal,Resubmission,Awarded,2024-05-22,2024-07-26,2024-12-22,2027-12-22,737000.0,732890.61,625574.26,107316.35
PROP-000340,PI-0001,Dr. Allison Hill,College of Arts and Sciences,Biology,Social and Behavioral Science,Department of Energy,Federal,New,Awarded,2022-08-15,2023-01-16,2023-06-13,2026-06-12,354000.0,278767.4,231329.83,47437.57
PROP-000341,PI-0033,Dr. Tricia Valencia,College of Arts and Sciences,Chemistry,Neuroscience,Regional Research Alliance,Nonprofit,Supplement,Declined,2025-08-09,2026-01-11,,,86000.0,0.0,0.0,0.0
PROP-000342,PI-0131,Dr. Elizabeth Kelley,College of Medicine,Biomedical Sciences,Neuroscience,National Institutes of Health,Federal,New,Awarded,2023-06-10,2023-07-14,2023-11-06,2024-11-05,649000.0,578117.88,472371.17,105746.71
PROP-000343,PI-0116,Dr. Diana May,College of Arts and Sciences,Biology,Data Science,Health Innovation Partners,Industry,Renewal,Awarded,2024-06-20,2024-08-19,2024-10-24,2027-10-24,389000.0,387029.61,301408.68,85620.93
PROP-000344,PI-0143,Dr. Patricia Rodriguez,College of Medicine,Biomedical Sciences,Biomedical Research,National Institutes of Health,Federal,New,Pending,2023-10-24,,,,369000.0,0.0,0.0,0.0
PROP-000345,PI-0155,Dr. Brenda Hall,College of Arts and Sciences,Psychology,Social and Behavioral Science,Department of Defense,Federal,Renewal,Declined,2024-05-01,2024-08-07,,,380000.0,0.0,0.0,0.0
PROP-000346,PI-0162,Dr. Jennifer Adkins,College of Education,Educational Leadership,Data Science,Advanced Manufacturing Solutions,Industry,New,Declined,2023-12-08,2024-03-13,,,386000.0,0.0,0.0,0.0
PROP-000347,PI-0098,Dr. Deborah Figueroa,College of Arts and Sciences,Biology,Environmental Science,National Science Foundation,Federal,Resubmission,Pending,2023-09-13,,,,182000.0,0.0,0.0,0.0
PROP-000348,PI-0067,Dr. Tracy House,College of Arts and Sciences,Biology,Social and Behavioral Science,Department of Energy,Federal,New,Awarded,2022-08-20,2022-11-13,2023-01-21,2024-01-21,188000.0,139276.71,115296.12,23980.59
PROP-000349,PI-0167,Dr. Alyssa Long,College of Education,Educational Leadership,Education,Department of Defense,Federal,New,Awarded,2023-07-04,2024-01-07,2024-06-03,2027-06-03,315000.0,311657.98,233453.35,78204.63
PROP-000350,PI-0169,Dr. Joel Williams,College of Engineering,Mechanical Engineering,Artificial Intelligence,National Institutes of Health,Federal,Resubmission,Awarded,2025-06-13,2025-12-27,2026-03-04,2027-03-04,460000.0,418169.16,303442.85,114726.31
PROP-000351,PI-0083,Dr. Michael Evans,College of Engineering,Electrical Engineering,Data Science,Regional Research Alliance,Nonprofit,New,Awarded,2023-03-05,2023-04-19,2023-08-30,2027-08-29,169000.0,131490.46,112910.16,18580.3
PROP-000352,PI-0047,Dr. John Pierce,College of Medicine,Neuroscience,Neuroscience,National Institutes of Health,Federal,New,Declined,2022-03-06,2022-04-11,,,1634000.0,0.0,0.0,0.0
PROP-000353,PI-0179,Dr. Lawrence Adkins,College of Medicine,Internal Medicine,Biomedical Research,Health Innovation Partners,Industry,Supplement,Awarded,2023-09-29,2023-12-11,2024-06-07,2029-06-06,597000.0,484568.14,391648.16,92919.98
PROP-000354,PI-0007,Dr. Abigail Shaffer,College of Engineering,Computer Science,Renewable Energy,Community Health Foundation,Foundation,New,Withdrawn,2022-08-09,,,,170000.0,0.0,0.0,0.0
PROP-000355,PI-0027,Dr. Justin Baker,College of Medicine,Public Health,Data Science,Advanced Manufacturing Solutions,Industry,New,Pending,2023-05-11,,,,323000.0,0.0,0.0,0.0
PROP-000356,PI-0071,Dr. Jordan Henderson,College of Engineering,Electrical Engineering,Artificial Intelligence,National Institutes of Health,Federal,New,Awarded,2024-09-18,2025-06-29,2025-08-05,2029-08-04,255000.0,211636.46,173842.49,37793.97
PROP-000357,PI-0072,Dr. Whitney Peters,College of Education,Educational Leadership,Data Science,Department of Defense,Federal,New,Pending,2023-01-15,,,,533000.0,0.0,0.0,0.0
PROP-000358,PI-0124,Dr. Michelle Harmon,College of Arts and Sciences,Biology,Social and Behavioral Science,Department of Defense,Federal,New,Declined,2024-12-15,2025-05-19,,,435000.0,0.0,0.0,0.0
PROP-000359,PI-0014,Dr. Michele Williams,College of Business,Management,Social and Behavioral Science,National Science Foundation,Federal,New,Declined,2021-11-02,2022-01-15,,,688000.0,0.0,0.0,0.0
PROP-000360,PI-0002,Dr. Noah Rhodes,College of Agriculture,Plant and Soil Sciences,Data Science,Department of Energy,Federal,New,Declined,2024-06-11,2024-11-15,,,291000.0,0.0,0.0,0.0
PROP-000361,PI-0140,Dr. Angel Perry,College of Arts and Sciences,Physics,Neuroscience,Advanced Manufacturing Solutions,Industry,Supplement,Declined,2023-07-06,2024-04-06,,,471000.0,0.0,0.0,0.0
PROP-000362,PI-0108,Dr. Sierra Johnson,College of Engineering,Civil Engineering,Environmental Science,Bluegrass Technology Corporation,Industry,New,Declined,2023-04-20,2023-12-04,,,958000.0,0.0,0.0,0.0
PROP-000363,PI-0079,Dr. Steve Sanchez,College of Agriculture,Agricultural Economics,Data Science,National Science Foundation,Federal,New,Awarded,2023-01-27,2023-08-28,2024-02-23,2026-02-22,498000.0,357353.53,306900.35,50453.18
PROP-000364,PI-0140,Dr. Angel Perry,College of Arts and Sciences,Physics,Environmental Science,National Institutes of Health,Federal,Renewal,Awarded,2025-08-18,2026-01-07,2026-07-03,2030-07-02,730000.0,523244.0,449725.54,73518.46
PROP-000365,PI-0021,Dr. Margaret Hawkins DDS,College of Agriculture,Agricultural Economics,Data Science,Community Health Foundation,Foundation,Supplement,Awarded,2022-10-28,2023-05-29,2023-07-05,2026-07-04,296000.0,259815.73,216392.58,43423.15
PROP-000366,PI-0121,Dr. Larry Dixon,College of Education,Educational Leadership,Data Science,Centers for Disease Control and Prevention,Federal,New,Awarded,2024-04-04,2024-05-23,2024-07-15,2025-07-15,400000.0,345054.95,256920.31,88134.64
PROP-000367,PI-0040,Dr. Brittany Farmer,College of Education,Curriculum and Instruction,Education,Department of Education,Federal,New,Declined,2023-05-11,2023-09-21,,,639000.0,0.0,0.0,0.0
PROP-000368,PI-0155,Dr. Brenda Hall,College of Arts and Sciences,Psychology,Environmental Science,Department of Energy,Federal,New,Declined,2023-04-24,2023-06-23,,,545000.0,0.0,0.0,0.0
PROP-000369,PI-0177,Dr. Michael Elliott,College of Medicine,Neuroscience,Biomedical Research,National Institutes of Health,Federal,Renewal,Awarded,2022-02-13,2022-04-21,2022-08-24,2026-08-23,581000.0,554241.62,465836.6,88405.02
PROP-000370,PI-0002,Dr. Noah Rhodes,College of Agriculture,Plant and Soil Sciences,Agriculture,Department of Energy,Federal,New,Withdrawn,2025-08-08,,,,303000.0,0.0,0.0,0.0
PROP-000371,PI-0102,Dr. Cameron Parker,College of Arts and Sciences,Chemistry,Data Science,Advanced Manufacturing Solutions,Industry,Supplement,Declined,2022-06-22,2023-01-20,,,333000.0,0.0,0.0,0.0
PROP-000372,PI-0179,Dr. Lawrence Adkins,College of Medicine,Internal Medicine,Neuroscience,State Research Council,State,Resubmission,Awarded,2025-08-12,2025-09-11,2026-03-06,2030-03-05,289000.0,261992.81,193305.83,68686.98
PROP-000373,PI-0007,Dr. Abigail Shaffer,College of Engineering,Computer Science,Environmental Science,National Institutes of Health,Federal,New,Pending,2024-12-04,,,,1605000.0,0.0,0.0,0.0
PROP-000374,PI-0003,Dr. Angie Henderson,College of Engineering,Computer Science,Data Science,Department of Education,Federal,New,Declined,2023-05-10,2023-07-18,,,1110000.0,0.0,0.0,0.0
PROP-000375,PI-0006,Dr. Connie Lawrence,College of Engineering,Electrical Engineering,Data Science,Department of Energy,Federal,New,Declined,2021-12-29,2022-07-18,,,2717000.0,0.0,0.0,0.0
PROP-000376,PI-0126,Dr. Erin Edwards,College of Arts and Sciences,Physics,Data Science,National Institutes of Health,Federal,New,Declined,2023-06-18,2023-11-26,,,304000.0,0.0,0.0,0.0
PROP-000377,PI-0171,Dr. Jamie Walton,College of Agriculture,Agricultural Economics,Agriculture,State Department of Public Health,State,New,Declined,2023-11-07,2024-03-01,,,368000.0,0.0,0.0,0.0
PROP-000378,PI-0168,Dr. Alyssa Day,College of Education,Educational Leadership,Social and Behavioral Science,Department of Agriculture,Federal,New,Declined,2022-01-24,2022-10-26,,,620000.0,0.0,0.0,0.0
PROP-000379,PI-0175,Dr. Nicole Herring,College of Education,Educational Leadership,Data Science,State Research Council,State,Renewal,Awarded,2021-11-28,2022-01-07,2022-04-28,2025-04-27,868000.0,815710.26,591127.11,224583.15
PROP-000380,PI-0114,Dr. Crystal Johnson,College of Engineering,Mechanical Engineering,Artificial Intelligence,National Institutes of Health,Federal,New,Declined,2025-08-08,2025-10-15,,,295000.0,0.0,0.0,0.0
PROP-000381,PI-0147,Dr. Victoria Larson,College of Arts and Sciences,Physics,Neuroscience,Education Advancement Foundation,Foundation,Supplement,Awarded,2024-12-08,2025-08-15,2025-10-26,2030-10-25,110000.0,106476.46,87164.89,19311.57
PROP-000382,PI-0174,Dr. Matthew Harrington,College of Medicine,Biomedical Sciences,Data Science,National Institutes of Health,Federal,New,Awarded,2022-07-25,2023-01-06,2023-04-18,2026-04-17,345000.0,283860.47,226400.22,57460.25
PROP-000383,PI-0111,Dr. Richard Rodriguez,College of Medicine,Public Health,Neuroscience,National Institutes of Health,Federal,New,Declined,2024-04-01,2024-07-18,,,110000.0,0.0,0.0,0.0
PROP-000384,PI-0061,Dr. Victoria Garcia,College of Medicine,Neuroscience,Biomedical Research,Department of Energy,Federal,New,Awarded,2025-03-17,2025-06-04,2025-07-10,2027-07-10,364000.0,323059.93,254327.63,68732.3
PROP-000385,PI-0001,Dr. Allison Hill,College of Arts and Sciences,Biology,Environmental Science,Department of Education,Federal,Supplement,Declined,2022-02-22,2022-08-28,,,306000.0,0.0,0.0,0.0
PROP-000386,PI-0063,Dr. Connor West,College of Education,Curriculum and Instruction,Social and Behavioral Science,Department of Agriculture,Federal,Resubmission,Awarded,2025-02-04,2025-09-17,2026-01-19,2028-01-19,605000.0,522258.87,389544.21,132714.66
PROP-000387,PI-0024,Dr. Tommy Walter,College of Engineering,Electrical Engineering,Advanced Manufacturing,National Institutes of Health,Federal,New,Awarded,2023-01-02,2023-03-22,2023-05-12,2026-05-11,698000.0,606753.24,449700.2,157053.04
PROP-000388,PI-0043,Dr. Sherry Decker,College of Engineering,Electrical Engineering,Environmental Science,Department of Defense,Federal,Renewal,Awarded,2021-11-02,2022-07-04,2022-12-18,2026-12-17,2207000.0,2101591.8,1753939.61,347652.19
PROP-000389,PI-0027,Dr. Justin Baker,College of Medicine,Public Health,Neuroscience,Department of Agriculture,Federal,New,Pending,2025-07-02,,,,1102000.0,0.0,0.0,0.0
PROP-000390,PI-0133,Dr. Mary Marshall,College of Engineering,Electrical Engineering,Artificial Intelligence,Department of Agriculture,Federal,Resubmission,Declined,2025-04-18,2025-08-01,,,351000.0,0.0,0.0,0.0
PROP-000391,PI-0077,Dr. Angela Lopez,College of Medicine,Public Health,Biomedical Research,Education Advancement Foundation,Foundation,New,Pending,2022-06-08,,,,105000.0,0.0,0.0,0.0
PROP-000392,PI-0059,Dr. Brent Jordan,College of Engineering,Computer Science,Data Science,Advanced Manufacturing Solutions,Industry,New,Awarded,2025-04-30,2025-08-13,2025-11-17,2028-11-16,462000.0,383745.5,329874.42,53871.08
PROP-000393,PI-0126,Dr. Erin Edwards,College of Arts and Sciences,Physics,Biomedical Research,National Institutes of Health,Federal,New,Declined,2023-01-17,2023-11-09,,,201000.0,0.0,0.0,0.0
PROP-000394,PI-0013,Dr. Lisa Hensley,College of Medicine,Neuroscience,Data Science,Community Health Foundation,Foundation,New,Declined,2024-10-16,2025-08-09,,,622000.0,0.0,0.0,0.0
PROP-000395,PI-0104,Dr. Christine Wright,College of Medicine,Biomedical Sciences,Data Science,National Institutes of Health,Federal,New,Declined,2024-10-06,2024-12-26,,,1309000.0,0.0,0.0,0.0
PROP-000396,PI-0027,Dr. Justin Baker,College of Medicine,Public Health,Biomedical Research,Centers for Disease Control and Prevention,Federal,New,Awarded,2024-07-01,2024-12-13,2025-04-20,2029-04-19,380000.0,366335.48,308786.04,57549.44
PROP-000397,PI-0155,Dr. Brenda Hall,College of Arts and Sciences,Psychology,Neuroscience,Department of Education,Federal,New,Awarded,2022-04-21,2022-12-12,2023-01-20,2027-01-19,150000.0,132821.0,108290.79,24530.21
PROP-000398,PI-0155,Dr. Brenda Hall,College of Arts and Sciences,Psychology,Social and Behavioral Science,State Research Council,State,New,Declined,2023-01-02,2023-08-10,,,504000.0,0.0,0.0,0.0
PROP-000399,PI-0027,Dr. Justin Baker,College of Medicine,Public Health,Biomedical Research,Department of Energy,Federal,Renewal,Awarded,2024-04-02,2024-08-26,2024-10-29,2027-10-29,496000.0,474905.34,387465.43,87439.91
PROP-000400,PI-0175,Dr. Nicole Herring,College of Education,Educational Leadership,Data Science,Department of Defense,Federal,Resubmission,Awarded,2023-11-01,2024-07-14,2024-10-06,2028-10-05,1367000.0,1205001.94,882664.11,322337.83
PROP-000401,PI-0007,Dr. Abigail Shaffer,College of Engineering,Computer Science,Advanced Manufacturing,Bluegrass Technology Corporation,Industry,Resubmission,Declined,2024-05-21,2024-09-09,,,107000.0,0.0,0.0,0.0
PROP-000402,PI-0102,Dr. Cameron Parker,College of Arts and Sciences,Chemistry,Biomedical Research,Department of Energy,Federal,New,Awarded,2024-06-08,2024-10-14,2025-01-03,2026-01-03,345000.0,332510.92,240755.44,91755.48
PROP-000403,PI-0127,Dr. Michelle Evans,College of Business,Finance,Business and Economics,National Institutes of Health,Federal,New,Declined,2022-08-12,2023-01-29,,,542000.0,0.0,0.0,0.0
PROP-000404,PI-0044,Dr. Anthony Humphrey,College of Medicine,Internal Medicine,Public Health,Advanced Manufacturing Solutions,Industry,New,Declined,2022-03-11,2022-04-25,,,339000.0,0.0,0.0,0.0
PROP-000405,PI-0172,Dr. Darlene Miller,College of Agriculture,Animal Sciences,Environmental Science,Department of Energy,Federal,New,Awarded,2024-02-27,2024-06-19,2024-09-23,2025-09-23,386000.0,338160.73,260034.23,78126.5
PROP-000406,PI-0142,Dr. David Douglas Jr.,College of Business,Finance,Data Science,National Institutes of Health,Federal,New,Pending,2022-09-12,,,,862000.0,0.0,0.0,0.0
PROP-000407,PI-0141,Dr. Cheyenne Horton,College of Business,Finance,Business and Economics,State Research Council,State,Renewal,Awarded,2023-10-17,2023-11-20,2024-04-19,2026-04-19,104000.0,88814.37,74697.17,14117.2
PROP-000408,PI-0063,Dr. Connor West,College of Education,Curriculum and Instruction,Data Science,National Science Foundation,Federal,Resubmission,Awarded,2024-11-27,2025-05-16,2025-10-01,2029-09-30,486000.0,457581.48,349026.84,108554.64
PROP-000409,PI-0149,Dr. Kathy Rivas,College of Education,Educational Leadership,Social and Behavioral Science,Department of Defense,Federal,New,Awarded,2024-06-01,2024-08-22,2024-09-22,2029-09-21,591000.0,559850.31,434220.66,125629.65
PROP-000410,PI-0060,Dr. John Daniel,College of Business,Marketing,Social and Behavioral Science,Regional Research Alliance,Nonprofit,Resubmission,Declined,2024-10-29,2025-04-21,,,191000.0,0.0,0.0,0.0
PROP-000411,PI-0100,Dr. Stephen Mckee,College of Agriculture,Plant and Soil Sciences,Data Science,State Research Council,State,New,Awarded,2023-01-18,2023-06-30,2023-10-14,2025-10-13,332000.0,296203.24,248991.06,47212.18
PROP-000412,PI-0019,Dr. Lisa Jackson,College of Business,Management,Business and Economics,Department of Agriculture,Federal,New,Awarded,2024-11-10,2025-02-19,2025-03-27,2029-03-26,232000.0,190525.25,145702.66,44822.59
PROP-000413,PI-0023,Dr. Ethan Adams,College of Arts and Sciences,Biology,Social and Behavioral Science,National Science Foundation,Federal,New,Declined,2021-09-11,2022-01-16,,,171000.0,0.0,0.0,0.0
PROP-000414,PI-0096,Dr. Anna Henderson,College of Medicine,Public Health,Public Health,State Department of Public Health,State,New,Declined,2024-03-01,2024-09-30,,,479000.0,0.0,0.0,0.0
PROP-000415,PI-0044,Dr. Anthony Humphrey,College of Medicine,Internal Medicine,Public Health,Health Innovation Partners,Industry,Resubmission,Pending,2022-07-06,,,,414000.0,0.0,0.0,0.0
PROP-000416,PI-0052,Dr. Danny Morgan,College of Arts and Sciences,Psychology,Social and Behavioral Science,National Institutes of Health,Federal,New,Awarded,2024-08-18,2025-03-07,2025-04-28,2027-04-28,308000.0,286093.64,213319.88,72773.76
PROP-000417,PI-0131,Dr. Elizabeth Kelley,College of Medicine,Biomedical Sciences,Public Health,National Science Foundation,Federal,Resubmission,Declined,2023-05-10,2023-12-16,,,1730000.0,0.0,0.0,0.0
PROP-000418,PI-0150,Dr. Stephanie Manning,College of Engineering,Civil Engineering,Renewable Energy,Centers for Disease Control and Prevention,Federal,New,Awarded,2021-10-18,2021-12-23,2022-05-22,2024-05-21,589000.0,565391.71,453274.79,112116.92
PROP-000419,PI-0134,Dr. Daniel Kennedy,College of Medicine,Neuroscience,Biomedical Research,Health Innovation Partners,Industry,New,Awarded,2021-10-19,2022-02-28,2022-06-25,2026-06-24,748000.0,719018.55,532871.11,186147.44
PROP-000420,PI-0165,Dr. Michael Powell,College of Business,Marketing,Social and Behavioral Science,Future Science Foundation,Foundation,Supplement,Awarded,2025-07-05,2026-01-21,2026-04-06,2029-04-05,198000.0,149313.19,109194.77,40118.42
PROP-000421,PI-0136,Dr. Jose Schultz,College of Education,Curriculum and Instruction,Data Science,National Institutes of Health,Federal,New,Awarded,2022-06-11,2022-08-25,2022-10-27,2027-10-26,2535000.0,2212760.12,1642268.33,570491.79
PROP-000422,PI-0008,Dr. Gina Moore,College of Arts and Sciences,Psychology,Data Science,Department of Education,Federal,New,Withdrawn,2023-08-25,,,,2016000.0,0.0,0.0,0.0
PROP-000423,PI-0171,Dr. Jamie Walton,College of Agriculture,Agricultural Economics,Agriculture,National Institutes of Health,Federal,New,Declined,2021-07-29,2022-02-08,,,448000.0,0.0,0.0,0.0
PROP-000424,PI-0049,Dr. Joshua Blair,College of Agriculture,Plant and Soil Sciences,Environmental Science,National Institutes of Health,Federal,New,Declined,2022-10-07,2023-05-01,,,1120000.0,0.0,0.0,0.0
PROP-000425,PI-0028,Dr. Stephanie Ross,College of Arts and Sciences,Physics,Social and Behavioral Science,National Institutes of Health,Federal,New,Declined,2022-06-08,2022-08-10,,,877000.0,0.0,0.0,0.0
PROP-000426,PI-0032,Dr. James Ferrell,College of Arts and Sciences,Chemistry,Biomedical Research,National Science Foundation,Federal,New,Declined,2024-11-03,2025-08-28,,,1508000.0,0.0,0.0,0.0
PROP-000427,PI-0043,Dr. Sherry Decker,College of Engineering,Electrical Engineering,Renewable Energy,Department of Defense,Federal,Renewal,Awarded,2024-03-30,2024-11-21,2024-12-25,2026-12-25,262000.0,211637.12,157961.64,53675.48
PROP-000428,PI-0179,Dr. Lawrence Adkins,College of Medicine,Internal Medicine,Neuroscience,State Department of Public Health,State,New,Declined,2024-10-20,2025-08-04,,,326000.0,0.0,0.0,0.0
PROP-000429,PI-0046,Dr. Philip Cannon,College of Education,Curriculum and Instruction,Education,National Institutes of Health,Federal,Renewal,Declined,2023-08-08,2024-01-15,,,1195000.0,0.0,0.0,0.0
PROP-000430,PI-0116,Dr. Diana May,College of Arts and Sciences,Biology,Neuroscience,Department of Education,Federal,New,Awarded,2022-02-07,2022-05-07,2022-09-20,2026-09-19,144000.0,129034.12,93261.2,35772.92
PROP-000431,PI-0166,Dr. John Anderson,College of Engineering,Electrical Engineering,Advanced Manufacturing,National Institutes of Health,Federal,New,Declined,2022-08-25,2022-09-28,,,222000.0,0.0,0.0,0.0
PROP-000432,PI-0065,Dr. Jessica Callahan,College of Arts and Sciences,Chemistry,Social and Behavioral Science,Department of Defense,Federal,New,Declined,2024-12-27,2025-04-06,,,117000.0,0.0,0.0,0.0
PROP-000433,PI-0133,Dr. Mary Marshall,College of Engineering,Electrical Engineering,Advanced Manufacturing,Health Innovation Partners,Industry,New,Declined,2022-02-27,2022-08-20,,,271000.0,0.0,0.0,0.0
PROP-000434,PI-0065,Dr. Jessica Callahan,College of Arts and Sciences,Chemistry,Biomedical Research,Bluegrass Technology Corporation,Industry,New,Declined,2022-12-21,2023-10-14,,,542000.0,0.0,0.0,0.0
PROP-000435,PI-0064,Dr. Donald Wright,College of Agriculture,Agricultural Economics,Environmental Science,Department of Energy,Federal,New,Awarded,2024-07-27,2025-04-29,2025-08-21,2027-08-21,1667000.0,1415126.99,1060039.3,355087.69
PROP-000436,PI-0026,Dr. Judy Baker,College of Education,Educational Leadership,Education,National Institutes of Health,Federal,New,Awarded,2024-09-18,2024-12-03,2025-05-12,2026-05-12,571000.0,514303.46,381037.27,133266.19
PROP-000437,PI-0066,Dr. Amber Kidd,College of Medicine,Neuroscience,Biomedical Research,Future Science Foundation,Foundation,Renewal,Declined,2023-02-27,2023-08-11,,,545000.0,0.0,0.0,0.0
PROP-000438,PI-0042,Dr. Fred Smith,College of Medicine,Public Health,Data Science,National Institutes of Health,Federal,Resubmission,Pending,2023-02-16,,,,192000.0,0.0,0.0,0.0
PROP-000439,PI-0039,Dr. Elizabeth Fowler,College of Medicine,Neuroscience,Public Health,Advanced Manufacturing Solutions,Industry,New,Declined,2022-01-11,2022-03-05,,,99000.0,0.0,0.0,0.0
PROP-000440,PI-0101,Dr. Sandra Aguilar,College of Medicine,Neuroscience,Biomedical Research,Health Innovation Partners,Industry,Renewal,Awarded,2023-07-03,2023-12-17,2024-02-08,2027-02-07,315000.0,305032.86,260410.36,44622.5
PROP-000441,PI-0090,Dr. Aimee Montoya,College of Medicine,Internal Medicine,Public Health,National Science Foundation,Federal,New,Withdrawn,2023-01-08,,,,721000.0,0.0,0.0,0.0
PROP-000442,PI-0030,Dr. Anthony Rodriguez,College of Engineering,Mechanical Engineering,Advanced Manufacturing,State Research Council,State,New,Declined,2022-06-07,2022-09-02,,,205000.0,0.0,0.0,0.0
PROP-000443,PI-0107,Dr. Sharon Cherry,College of Business,Finance,Business and Economics,State Research Council,State,New,Pending,2022-05-23,,,,55000.0,0.0,0.0,0.0
PROP-000444,PI-0121,Dr. Larry Dixon,College of Education,Educational Leadership,Education,Department of Defense,Federal,New,Declined,2025-04-20,2025-12-30,,,505000.0,0.0,0.0,0.0
PROP-000445,PI-0055,Dr. Shannon Jones,College of Arts and Sciences,Biology,Environmental Science,Department of Education,Federal,Renewal,Declined,2025-05-02,2025-08-06,,,203000.0,0.0,0.0,0.0
PROP-000446,PI-0009,Dr. Gabrielle Davis,College of Engineering,Mechanical Engineering,Advanced Manufacturing,Community Health Foundation,Foundation,New,Declined,2021-10-03,2021-12-04,,,292000.0,0.0,0.0,0.0
PROP-000447,PI-0078,Dr. Megan Young,College of Business,Marketing,Data Science,State Research Council,State,New,Pending,2024-06-09,,,,265000.0,0.0,0.0,0.0
PROP-000448,PI-0136,Dr. Jose Schultz,College of Education,Curriculum and Instruction,Data Science,Centers for Disease Control and Prevention,Federal,New,Withdrawn,2025-04-02,,,,267000.0,0.0,0.0,0.0
PROP-000449,PI-0118,Dr. Ashley Waller,College of Engineering,Civil Engineering,Renewable Energy,Department of Agriculture,Federal,Renewal,Declined,2023-12-04,2024-05-09,,,368000.0,0.0,0.0,0.0
PROP-000450,PI-0090,Dr. Aimee Montoya,College of Medicine,Internal Medicine,Data Science,Department of Energy,Federal,Renewal,Declined,2024-08-17,2024-10-13,,,244000.0,0.0,0.0,0.0
PROP-000451,PI-0172,Dr. Darlene Miller,College of Agriculture,Animal Sciences,Agriculture,State Research Council,State,New,Pending,2024-04-11,,,,201000.0,0.0,0.0,0.0
PROP-000452,PI-0058,Dr. Richard Aguirre,College of Engineering,Civil Engineering,Data Science,National Institutes of Health,Federal,New,Awarded,2023-01-21,2023-09-01,2024-01-12,2026-01-11,1106000.0,790906.37,594112.19,196794.18
PROP-000453,PI-0036,Dr. Jeffrey Chavez,College of Arts and Sciences,Biology,Biomedical Research,Department of Defense,Federal,Resubmission,Declined,2024-04-16,2024-12-30,,,258000.0,0.0,0.0,0.0
PROP-000454,PI-0058,Dr. Richard Aguirre,College of Engineering,Civil Engineering,Renewable Energy,National Institutes of Health,Federal,New,Declined,2022-01-27,2022-09-20,,,789000.0,0.0,0.0,0.0
PROP-000455,PI-0030,Dr. Anthony Rodriguez,College of Engineering,Mechanical Engineering,Advanced Manufacturing,National Institutes of Health,Federal,New,Declined,2024-11-19,2025-05-23,,,363000.0,0.0,0.0,0.0
PROP-000456,PI-0127,Dr. Michelle Evans,College of Business,Finance,Social and Behavioral Science,Centers for Disease Control and Prevention,Federal,Renewal,Declined,2023-05-30,2024-01-01,,,298000.0,0.0,0.0,0.0
PROP-000457,PI-0158,Dr. Jason Stein,College of Arts and Sciences,Physics,Biomedical Research,Advanced Manufacturing Solutions,Industry,Resubmission,Awarded,2024-12-21,2025-07-25,2025-12-17,2026-12-17,304000.0,267515.55,219451.6,48063.95
PROP-000458,PI-0093,Dr. Denise Jacobs,College of Medicine,Public Health,Biomedical Research,Bluegrass Technology Corporation,Industry,New,Awarded,2025-01-18,2025-11-11,2026-03-16,2027-03-16,159000.0,157303.49,119688.72,37614.77
PROP-000459,PI-0144,Dr. Christopher Rubio,College of Agriculture,Plant and Soil Sciences,Agriculture,Future Science Foundation,Foundation,New,Declined,2025-08-29,2026-04-25,,,132000.0,0.0,0.0,0.0
PROP-000460,PI-0179,Dr. Lawrence Adkins,College of Medicine,Internal Medicine,Biomedical Research,National Science Foundation,Federal,New,Awarded,2023-09-13,2024-01-18,2024-05-13,2025-05-13,220000.0,168228.91,140544.75,27684.16
PROP-000461,PI-0010,Dr. Ryan Munoz,College of Agriculture,Plant and Soil Sciences,Renewable Energy,National Institutes of Health,Federal,Renewal,Declined,2022-03-10,2022-11-25,,,2359000.0,0.0,0.0,0.0
PROP-000462,PI-0157,Dr. Joshua Perry,College of Engineering,Electrical Engineering,Advanced Manufacturing,State Research Council,State,Supplement,Awarded,2024-04-17,2024-12-24,2025-06-21,2029-06-20,214000.0,150078.48,123525.09,26553.39
PROP-000463,PI-0064,Dr. Donald Wright,College of Agriculture,Agricultural Economics,Environmental Science,State Research Council,State,New,Declined,2022-01-29,2022-09-14,,,133000.0,0.0,0.0,0.0
PROP-000464,PI-0100,Dr. Stephen Mckee,College of Agriculture,Plant and Soil Sciences,Data Science,Department of Agriculture,Federal,New,Withdrawn,2025-05-19,,,,634000.0,0.0,0.0,0.0
PROP-000465,PI-0176,Dr. Alex Hernandez,College of Engineering,Civil Engineering,Data Science,National Science Foundation,Federal,Supplement,Withdrawn,2024-01-14,,,,497000.0,0.0,0.0,0.0
PROP-000466,PI-0064,Dr. Donald Wright,College of Agriculture,Agricultural Economics,Environmental Science,National Institutes of Health,Federal,New,Pending,2024-05-15,,,,458000.0,0.0,0.0,0.0
PROP-000467,PI-0040,Dr. Brittany Farmer,College of Education,Curriculum and Instruction,Social and Behavioral Science,Health Innovation Partners,Industry,New,Awarded,2025-08-18,2025-12-28,2026-03-21,2031-03-20,504000.0,494249.43,399631.14,94618.29
PROP-000468,PI-0179,Dr. Lawrence Adkins,College of Medicine,Internal Medicine,Public Health,State Research Council,State,Resubmission,Awarded,2025-06-24,2026-04-07,2026-09-22,2029-09-21,342000.0,306098.86,261459.15,44639.71
PROP-000469,PI-0133,Dr. Mary Marshall,College of Engineering,Electrical Engineering,Artificial Intelligence,Bluegrass Technology Corporation,Industry,New,Declined,2025-03-28,2025-11-26,,,226000.0,0.0,0.0,0.0
PROP-000470,PI-0104,Dr. Christine Wright,College of Medicine,Biomedical Sciences,Public Health,Future Science Foundation,Foundation,New,Awarded,2022-02-04,2022-04-03,2022-06-23,2025-06-22,130000.0,91985.61,68101.15,23884.46
PROP-000471,PI-0099,Dr. Jessica Smith,College of Engineering,Mechanical Engineering,Data Science,University Research Initiative,Internal,Renewal,Awarded,2021-11-05,2021-12-21,2022-04-21,2026-04-20,47000.0,42637.39,32460.68,10176.71
PROP-000472,PI-0080,Dr. Lisa Barnes,College of Engineering,Mechanical Engineering,Artificial Intelligence,Department of Education,Federal,Renewal,Declined,2022-10-03,2023-05-20,,,96000.0,0.0,0.0,0.0
PROP-000473,PI-0016,Dr. Brian Ramirez,College of Engineering,Mechanical Engineering,Data Science,Department of Agriculture,Federal,Renewal,Declined,2025-05-20,2025-07-13,,,173000.0,0.0,0.0,0.0
PROP-000474,PI-0028,Dr. Stephanie Ross,College of Arts and Sciences,Physics,Data Science,Department of Energy,Federal,Supplement,Withdrawn,2023-04-02,,,,1506000.0,0.0,0.0,0.0
PROP-000475,PI-0014,Dr. Michele Williams,College of Business,Management,Social and Behavioral Science,National Institutes of Health,Federal,Renewal,Awarded,2023-12-25,2024-07-30,2025-01-26,2030-01-25,1856000.0,1761334.8,1492921.63,268413.17
PROP-000476,PI-0104,Dr. Christine Wright,College of Medicine,Biomedical Sciences,Neuroscience,Bluegrass Technology Corporation,Industry,Supplement,Awarded,2022-06-29,2022-10-25,2023-04-04,2024-04-03,275000.0,273634.9,199869.95,73764.95
PROP-000477,PI-0004,Dr. Daniel Wagner,College of Arts and Sciences,Biology,Data Science,National Institutes of Health,Federal,New,Awarded,2022-05-26,2022-12-11,2023-05-09,2025-05-08,833000.0,729038.12,550935.76,178102.36
PROP-000478,PI-0001,Dr. Allison Hill,College of Arts and Sciences,Biology,Biomedical Research,National Institutes of Health,Federal,New,Awarded,2025-01-01,2025-10-09,2026-04-03,2031-04-02,682000.0,603353.54,490324.08,113029.46
PROP-000479,PI-0154,Dr. Devon Flores,College of Engineering,Civil Engineering,Renewable Energy,National Institutes of Health,Federal,Renewal,Declined,2022-07-12,2023-05-04,,,5000000.0,0.0,0.0,0.0
PROP-000480,PI-0161,Dr. Paul Castaneda,College of Medicine,Biomedical Sciences,Biomedical Research,Bluegrass Technology Corporation,Industry,New,Declined,2023-10-05,2023-12-21,,,718000.0,0.0,0.0,0.0
PROP-000481,PI-0028,Dr. Stephanie Ross,College of Arts and Sciences,Physics,Social and Behavioral Science,National Science Foundation,Federal,New,Awarded,2023-07-09,2024-04-07,2024-09-27,2025-09-27,491000.0,386943.5,330079.51,56863.99
PROP-000482,PI-0020,Dr. Carla Gray,College of Engineering,Mechanical Engineering,Artificial Intelligence,State Research Council,State,New,Pending,2024-12-08,,,,112000.0,0.0,0.0,0.0
PROP-000483,PI-0054,Dr. Mark Perez,College of Medicine,Biomedical Sciences,Neuroscience,Education Advancement Foundation,Foundation,Renewal,Awarded,2022-02-18,2022-08-11,2022-09-16,2027-09-15,67000.0,54656.11,43486.22,11169.89
PROP-000484,PI-0022,Dr. Patty Perez,College of Education,Curriculum and Instruction,Social and Behavioral Science,Department of Agriculture,Federal,New,Declined,2023-02-28,2023-07-06,,,629000.0,0.0,0.0,0.0
PROP-000485,PI-0172,Dr. Darlene Miller,College of Agriculture,Animal Sciences,Data Science,Department of Agriculture,Federal,Supplement,Awarded,2024-07-06,2024-11-20,2025-02-12,2029-02-11,306000.0,263148.29,212563.46,50584.83
PROP-000486,PI-0083,Dr. Michael Evans,College of Engineering,Electrical Engineering,Artificial Intelligence,National Science Foundation,Federal,Resubmission,Pending,2025-08-27,,,,186000.0,0.0,0.0,0.0
PROP-000487,PI-0075,Dr. Amy Silva,College of Agriculture,Plant and Soil Sciences,Renewable Energy,State Research Council,State,Resubmission,Declined,2022-05-11,2022-06-22,,,137000.0,0.0,0.0,0.0
PROP-000488,PI-0139,Dr. David Alvarez,College of Medicine,Biomedical Sciences,Data Science,State Department of Public Health,State,New,Awarded,2022-06-30,2022-11-23,2023-02-27,2027-02-26,103000.0,96641.24,77132.45,19508.79
PROP-000489,PI-0045,Dr. Angelica Tucker,College of Agriculture,Animal Sciences,Renewable Energy,Department of Defense,Federal,New,Awarded,2023-09-06,2023-11-07,2024-05-04,2025-05-04,1915000.0,1727310.12,1372998.76,354311.36
PROP-000490,PI-0105,Dr. Richard Henson,College of Medicine,Biomedical Sciences,Biomedical Research,Department of Energy,Federal,New,Awarded,2025-05-05,2026-01-14,2026-05-21,2030-05-20,1047000.0,827554.26,605861.35,221692.91
PROP-000491,PI-0142,Dr. David Douglas Jr.,College of Business,Finance,Social and Behavioral Science,National Institutes of Health,Federal,New,Awarded,2023-09-09,2024-03-08,2024-05-13,2027-05-13,537000.0,504259.72,423036.31,81223.41
PROP-000492,PI-0179,Dr. Lawrence Adkins,College of Medicine,Internal Medicine,Public Health,Education Advancement Foundation,Foundation,New,Pending,2022-04-16,,,,495000.0,0.0,0.0,0.0
PROP-000493,PI-0091,Dr. Matthew Mcmillan,College of Arts and Sciences,Chemistry,Biomedical Research,National Institutes of Health,Federal,New,Declined,2024-07-26,2024-10-07,,,573000.0,0.0,0.0,0.0
PROP-000494,PI-0100,Dr. Stephen Mckee,College of Agriculture,Plant and Soil Sciences,Data Science,National Science Foundation,Federal,Renewal,Declined,2022-09-07,2023-05-06,,,283000.0,0.0,0.0,0.0
PROP-000495,PI-0062,Dr. Gerald Hensley,College of Medicine,Biomedical Sciences,Neuroscience,National Science Foundation,Federal,New,Declined,2022-08-02,2022-10-29,,,1694000.0,0.0,0.0,0.0
PROP-000496,PI-0152,Dr. Pamela Boyd,College of Engineering,Electrical Engineering,Data Science,State Research Council,State,New,Awarded,2024-07-29,2025-01-23,2025-03-11,2028-03-10,297000.0,248998.73,198440.3,50558.43
PROP-000497,PI-0158,Dr. Jason Stein,College of Arts and Sciences,Physics,Biomedical Research,National Science Foundation,Federal,New,Pending,2023-07-02,,,,248000.0,0.0,0.0,0.0
PROP-000498,PI-0018,Dr. Derek Zuniga,College of Arts and Sciences,Biology,Environmental Science,State Research Council,State,New,Awarded,2021-11-20,2022-08-07,2022-11-29,2027-11-28,185000.0,179456.58,137192.77,42263.81
PROP-000499,PI-0017,Dr. Holly Wood,College of Arts and Sciences,Biology,Social and Behavioral Science,State Research Council,State,New,Declined,2023-04-09,2023-12-14,,,118000.0,0.0,0.0,0.0
PROP-000500,PI-0017,Dr. Holly Wood,College of Arts and Sciences,Biology,Environmental Science,National Institutes of Health,Federal,New,Awarded,2025-08-24,2026-03-26,2026-05-29,2029-05-28,192000.0,171312.3,129980.67,41331.63
PROP-000501,PI-0042,Dr. Fred Smith,College of Medicine,Public Health,Data Science,Department of Agriculture,Federal,New,Awarded,2024-08-03,2024-10-13,2025-01-22,2027-01-22,1082000.0,792727.07,642407.96,150319.11
PROP-000502,PI-0134,Dr. Daniel Kennedy,College of Medicine,Neuroscience,Neuroscience,National Science Foundation,Federal,Resubmission,Awarded,2021-12-02,2022-01-16,2022-07-13,2027-07-12,2263000.0,2189750.21,1837073.9,352676.31
PROP-000503,PI-0082,Dr. Mike Allen,College of Medicine,Public Health,Data Science,Bluegrass Technology Corporation,Industry,New,Awarded,2022-12-16,2023-09-13,2023-11-20,2026-11-19,123000.0,106154.02,91273.56,14880.46
PROP-000504,PI-0084,Dr. Paul Jones,College of Engineering,Computer Science,Advanced Manufacturing,National Science Foundation,Federal,Renewal,Declined,2023-02-16,2023-05-25,,,824000.0,0.0,0.0,0.0
PROP-000505,PI-0171,Dr. Jamie Walton,College of Agriculture,Agricultural Economics,Renewable Energy,Department of Agriculture,Federal,New,Declined,2021-07-22,2021-12-21,,,332000.0,0.0,0.0,0.0
PROP-000506,PI-0146,Dr. Joyce Solis,College of Arts and Sciences,Chemistry,Neuroscience,State Research Council,State,Renewal,Awarded,2022-05-23,2022-09-04,2023-02-04,2026-02-03,152000.0,114569.02,97706.71,16862.31
PROP-000507,PI-0014,Dr. Michele Williams,College of Business,Management,Business and Economics,National Science Foundation,Federal,New,Awarded,2023-07-27,2024-05-17,2024-09-16,2028-09-15,347000.0,267261.34,217444.36,49816.98
PROP-000508,PI-0009,Dr. Gabrielle Davis,College of Engineering,Mechanical Engineering,Advanced Manufacturing,Community Health Foundation,Foundation,Resubmission,Awarded,2025-02-18,2025-12-11,2026-03-21,2029-03-20,108000.0,86099.9,70474.75,15625.15
PROP-000509,PI-0021,Dr. Margaret Hawkins DDS,College of Agriculture,Agricultural Economics,Environmental Science,Department of Energy,Federal,New,Declined,2021-12-07,2022-09-27,,,560000.0,0.0,0.0,0.0
PROP-000510,PI-0032,Dr. James Ferrell,College of Arts and Sciences,Chemistry,Social and Behavioral Science,Department of Energy,Federal,Resubmission,Declined,2023-06-23,2024-01-15,,,290000.0,0.0,0.0,0.0
PROP-000511,PI-0034,Dr. Nathan Maldonado,College of Engineering,Civil Engineering,Advanced Manufacturing,Advanced Manufacturing Solutions,Industry,Resubmission,Awarded,2022-04-11,2023-01-29,2023-05-10,2025-05-09,396000.0,329459.97,247819.36,81640.61
PROP-000512,PI-0112,Dr. Shannon Walker,College of Medicine,Public Health,Neuroscience,National Science Foundation,Federal,New,Declined,2022-02-28,2022-07-25,,,520000.0,0.0,0.0,0.0
PROP-000513,PI-0163,Dr. Lindsey Walker,College of Arts and Sciences,Biology,Data Science,Advanced Manufacturing Solutions,Industry,Renewal,Awarded,2024-03-07,2024-11-02,2024-12-07,2026-12-07,277000.0,233706.66,187598.84,46107.82
PROP-000514,PI-0086,Dr. Daniel Baker,College of Arts and Sciences,Biology,Biomedical Research,National Institutes of Health,Federal,New,Awarded,2024-05-15,2024-07-12,2024-09-22,2027-09-22,274000.0,195021.49,156040.15,38981.34
PROP-000515,PI-0009,Dr. Gabrielle Davis,College of Engineering,Mechanical Engineering,Data Science,Department of Agriculture,Federal,New,Withdrawn,2025-01-26,,,,351000.0,0.0,0.0,0.0
PROP-000516,PI-0129,Dr. Cameron Fisher,College of Engineering,Civil Engineering,Artificial Intelligence,Future Science Foundation,Foundation,Renewal,Declined,2021-12-23,2022-05-12,,,309000.0,0.0,0.0,0.0
PROP-000517,PI-0119,Dr. Victor Baker,College of Medicine,Neuroscience,Data Science,Department of Education,Federal,New,Declined,2022-09-23,2023-05-21,,,787000.0,0.0,0.0,0.0
PROP-000518,PI-0129,Dr. Cameron Fisher,College of Engineering,Civil Engineering,Environmental Science,National Institutes of Health,Federal,New,Declined,2024-12-28,2025-10-15,,,260000.0,0.0,0.0,0.0
PROP-000519,PI-0019,Dr. Lisa Jackson,College of Business,Management,Data Science,National Science Foundation,Federal,Renewal,Pending,2024-11-03,,,,582000.0,0.0,0.0,0.0
PROP-000520,PI-0167,Dr. Alyssa Long,College of Education,Educational Leadership,Data Science,National Institutes of Health,Federal,New,Awarded,2021-08-03,2022-05-18,2022-10-02,2024-10-01,949000.0,721908.63,606650.75,115257.88
PROP-000521,PI-0097,Dr. Aaron Wise,College of Medicine,Biomedical Sciences,Biomedical Research,National Science Foundation,Federal,Resubmission,Declined,2024-06-23,2025-04-06,,,154000.0,0.0,0.0,0.0
PROP-000522,PI-0132,Dr. Dustin Jordan,College of Engineering,Computer Science,Artificial Intelligence,National Institutes of Health,Federal,Renewal,Pending,2024-07-09,,,,812000.0,0.0,0.0,0.0
PROP-000523,PI-0127,Dr. Michelle Evans,College of Business,Finance,Business and Economics,Future Science Foundation,Foundation,Renewal,Declined,2024-06-04,2025-02-04,,,123000.0,0.0,0.0,0.0
PROP-000524,PI-0024,Dr. Tommy Walter,College of Engineering,Electrical Engineering,Renewable Energy,Future Science Foundation,Foundation,Renewal,Declined,2024-03-14,2024-10-25,,,274000.0,0.0,0.0,0.0
PROP-000525,PI-0129,Dr. Cameron Fisher,College of Engineering,Civil Engineering,Renewable Energy,Centers for Disease Control and Prevention,Federal,Renewal,Declined,2025-05-27,2025-08-15,,,305000.0,0.0,0.0,0.0
PROP-000526,PI-0179,Dr. Lawrence Adkins,College of Medicine,Internal Medicine,Data Science,National Institutes of Health,Federal,New,Awarded,2021-12-19,2022-08-15,2022-11-18,2024-11-17,140000.0,109897.2,92615.57,17281.63
PROP-000527,PI-0123,Dr. April Frost,College of Medicine,Neuroscience,Biomedical Research,State Department of Public Health,State,Renewal,Declined,2022-02-27,2022-12-20,,,73000.0,0.0,0.0,0.0
PROP-000528,PI-0044,Dr. Anthony Humphrey,College of Medicine,Internal Medicine,Biomedical Research,Department of Energy,Federal,New,Declined,2023-10-16,2024-05-18,,,560000.0,0.0,0.0,0.0
PROP-000529,PI-0074,Dr. Lauren Daniels,College of Agriculture,Agricultural Economics,Agriculture,National Institutes of Health,Federal,Renewal,Awarded,2024-07-02,2024-12-20,2025-04-30,2027-04-30,657000.0,543383.98,419052.39,124331.59
PROP-000530,PI-0137,Dr. Robert Potter,College of Medicine,Public Health,Data Science,National Aeronautics and Space Administration,Federal,New,Awarded,2024-08-19,2025-02-22,2025-08-18,2028-08-17,274000.0,237413.71,179372.91,58040.8
PROP-000531,PI-0150,Dr. Stephanie Manning,College of Engineering,Civil Engineering,Advanced Manufacturing,State Department of Public Health,State,Resubmission,Declined,2022-10-14,2023-06-29,,,317000.0,0.0,0.0,0.0
PROP-000532,PI-0084,Dr. Paul Jones,College of Engineering,Computer Science,Data Science,National Institutes of Health,Federal,New,Declined,2024-08-01,2024-09-26,,,155000.0,0.0,0.0,0.0
PROP-000533,PI-0145,Dr. Amber Wright,College of Medicine,Neuroscience,Neuroscience,Department of Energy,Federal,Renewal,Declined,2022-04-24,2023-01-20,,,514000.0,0.0,0.0,0.0
PROP-000534,PI-0115,Dr. Garrett Lin,College of Engineering,Computer Science,Environmental Science,Department of Defense,Federal,New,Awarded,2021-12-11,2022-08-03,2023-01-13,2026-01-12,218000.0,192430.49,158068.03,34362.46
PROP-000535,PI-0005,Dr. Cristian Santos,College of Arts and Sciences,Biology,Neuroscience,National Institutes of Health,Federal,Renewal,Awarded,2024-04-08,2025-01-28,2025-05-11,2027-05-11,331000.0,275289.92,205982.66,69307.26
PROP-000536,PI-0011,Dr. Monica Herrera,College of Agriculture,Plant and Soil Sciences,Agriculture,Bluegrass Technology Corporation,Industry,New,Declined,2024-12-11,2025-04-06,,,339000.0,0.0,0.0,0.0
PROP-000537,PI-0088,Dr. Christopher Bass,College of Engineering,Computer Science,Artificial Intelligence,Department of Energy,Federal,Renewal,Withdrawn,2021-12-25,,,,283000.0,0.0,0.0,0.0
PROP-000538,PI-0112,Dr. Shannon Walker,College of Medicine,Public Health,Public Health,Bluegrass Technology Corporation,Industry,New,Awarded,2024-10-13,2024-12-17,2025-02-08,2030-02-07,250000.0,190023.28,137225.56,52797.72
PROP-000539,PI-0143,Dr. Patricia Rodriguez,College of Medicine,Biomedical Sciences,Public Health,State Department of Public Health,State,New,Declined,2023-06-12,2023-11-30,,,402000.0,0.0,0.0,0.0
PROP-000540,PI-0155,Dr. Brenda Hall,College of Arts and Sciences,Psychology,Environmental Science,Department of Education,Federal,New,Pending,2024-09-20,,,,351000.0,0.0,0.0,0.0
PROP-000541,PI-0050,Dr. Eric Carney,College of Engineering,Electrical Engineering,Artificial Intelligence,National Science Foundation,Federal,New,Awarded,2021-11-26,2022-02-23,2022-08-03,2025-08-02,1011000.0,860311.21,660370.78,199940.43
PROP-000542,PI-0094,Dr. Christina Walters,College of Agriculture,Plant and Soil Sciences,Data Science,State Research Council,State,Supplement,Declined,2022-11-11,2023-06-02,,,100000.0,0.0,0.0,0.0
PROP-000543,PI-0162,Dr. Jennifer Adkins,College of Education,Educational Leadership,Social and Behavioral Science,State Research Council,State,Resubmission,Pending,2024-03-14,,,,295000.0,0.0,0.0,0.0
PROP-000544,PI-0007,Dr. Abigail Shaffer,College of Engineering,Computer Science,Artificial Intelligence,National Science Foundation,Federal,New,Declined,2022-09-25,2023-02-19,,,1593000.0,0.0,0.0,0.0
PROP-000545,PI-0114,Dr. Crystal Johnson,College of Engineering,Mechanical Engineering,Renewable Energy,Department of Defense,Federal,New,Declined,2025-06-05,2025-11-16,,,85000.0,0.0,0.0,0.0
PROP-000546,PI-0080,Dr. Lisa Barnes,College of Engineering,Mechanical Engineering,Data Science,National Science Foundation,Federal,New,Declined,2023-06-01,2023-08-08,,,297000.0,0.0,0.0,0.0
PROP-000547,PI-0037,Dr. Sherri Baker,College of Engineering,Computer Science,Environmental Science,Community Health Foundation,Foundation,New,Awarded,2024-09-17,2025-01-22,2025-06-28,2027-06-28,275000.0,214698.75,183051.41,31647.34
PROP-000548,PI-0072,Dr. Whitney Peters,College of Education,Educational Leadership,Education,State Department of Public Health,State,Resubmission,Awarded,2022-08-20,2023-03-20,2023-05-28,2024-05-27,183000.0,173938.23,145601.41,28336.82
PROP-000549,PI-0075,Dr. Amy Silva,College of Agriculture,Plant and Soil Sciences,Agriculture,Community Health Foundation,Foundation,Renewal,Declined,2024-12-09,2025-01-11,,,241000.0,0.0,0.0,0.0
PROP-000550,PI-0017,Dr. Holly Wood,College of Arts and Sciences,Biology,Neuroscience,Education Advancement Foundation,Foundation,Resubmission,Awarded,2023-04-07,2023-09-24,2024-02-26,2026-02-25,128000.0,108505.87,93092.67,15413.2
PROP-000551,PI-0035,Dr. Debra Davidson,College of Medicine,Neuroscience,Public Health,Department of Defense,Federal,Renewal,Awarded,2024-06-11,2024-07-27,2025-01-01,2028-01-01,577000.0,542253.62,426734.52,115519.1
PROP-000552,PI-0026,Dr. Judy Baker,College of Education,Educational Leadership,Social and Behavioral Science,Health Innovation Partners,Industry,Renewal,Awarded,2022-03-04,2022-04-07,2022-05-10,2024-05-09,294000.0,267385.17,209739.57,57645.6
PROP-000553,PI-0149,Dr. Kathy Rivas,College of Education,Educational Leadership,Social and Behavioral Science,Centers for Disease Control and Prevention,Federal,New,Declined,2022-12-14,2023-04-18,,,1297000.0,0.0,0.0,0.0
PROP-000554,PI-0177,Dr. Michael Elliott,College of Medicine,Neuroscience,Public Health,National Science Foundation,Federal,New,Declined,2023-07-20,2023-11-21,,,654000.0,0.0,0.0,0.0
PROP-000555,PI-0053,Dr. Crystal Robinson,College of Medicine,Public Health,Data Science,Department of Defense,Federal,New,Declined,2023-07-18,2024-03-09,,,696000.0,0.0,0.0,0.0
PROP-000556,PI-0094,Dr. Christina Walters,College of Agriculture,Plant and Soil Sciences,Data Science,Department of Defense,Federal,New,Withdrawn,2025-05-05,,,,397000.0,0.0,0.0,0.0
PROP-000557,PI-0010,Dr. Ryan Munoz,College of Agriculture,Plant and Soil Sciences,Environmental Science,Advanced Manufacturing Solutions,Industry,Renewal,Declined,2024-08-11,2025-04-19,,,233000.0,0.0,0.0,0.0
PROP-000558,PI-0105,Dr. Richard Henson,College of Medicine,Biomedical Sciences,Data Science,National Science Foundation,Federal,Resubmission,Declined,2024-02-24,2024-03-29,,,391000.0,0.0,0.0,0.0
PROP-000559,PI-0164,Dr. Jeffrey Johnson,College of Medicine,Public Health,Neuroscience,Department of Defense,Federal,New,Pending,2025-01-12,,,,726000.0,0.0,0.0,0.0
PROP-000560,PI-0131,Dr. Elizabeth Kelley,College of Medicine,Biomedical Sciences,Public Health,Bluegrass Technology Corporation,Industry,New,Declined,2024-09-05,2024-10-29,,,244000.0,0.0,0.0,0.0
PROP-000561,PI-0135,Dr. Rebecca Jackson,College of Business,Finance,Data Science,National Institutes of Health,Federal,New,Awarded,2022-12-03,2023-08-20,2023-12-13,2026-12-12,672000.0,566470.35,457810.41,108659.94
PROP-000562,PI-0044,Dr. Anthony Humphrey,College of Medicine,Internal Medicine,Public Health,Department of Energy,Federal,New,Declined,2023-06-05,2023-07-15,,,2563000.0,0.0,0.0,0.0
PROP-000563,PI-0068,Dr. Carol Tucker,College of Arts and Sciences,Psychology,Data Science,National Institutes of Health,Federal,Resubmission,Withdrawn,2022-08-12,,,,1039000.0,0.0,0.0,0.0
PROP-000564,PI-0098,Dr. Deborah Figueroa,College of Arts and Sciences,Biology,Neuroscience,Centers for Disease Control and Prevention,Federal,Renewal,Awarded,2023-02-03,2023-11-09,2024-04-01,2025-04-01,423000.0,341163.34,277791.23,63372.11
PROP-000565,PI-0006,Dr. Connie Lawrence,College of Engineering,Electrical Engineering,Advanced Manufacturing,Department of Education,Federal,New,Pending,2022-06-09,,,,1330000.0,0.0,0.0,0.0
PROP-000566,PI-0167,Dr. Alyssa Long,College of Education,Educational Leadership,Data Science,Advanced Manufacturing Solutions,Industry,New,Declined,2024-09-13,2025-05-08,,,246000.0,0.0,0.0,0.0
PROP-000567,PI-0021,Dr. Margaret Hawkins DDS,College of Agriculture,Agricultural Economics,Agriculture,National Institutes of Health,Federal,New,Awarded,2025-02-27,2025-10-17,2026-01-24,2030-01-23,117000.0,92126.61,69780.94,22345.67
PROP-000568,PI-0171,Dr. Jamie Walton,College of Agriculture,Agricultural Economics,Data Science,Bluegrass Technology Corporation,Industry,New,Awarded,2022-06-08,2022-11-05,2023-02-07,2024-02-07,162000.0,122336.87,88478.2,33858.67
PROP-000569,PI-0008,Dr. Gina Moore,College of Arts and Sciences,Psychology,Environmental Science,National Science Foundation,Federal,New,Awarded,2024-02-25,2024-10-15,2025-03-28,2026-03-28,133000.0,114982.51,83211.82,31770.69
PROP-000570,PI-0114,Dr. Crystal Johnson,College of Engineering,Mechanical Engineering,Artificial Intelligence,National Science Foundation,Federal,New,Declined,2023-09-07,2024-03-13,,,415000.0,0.0,0.0,0.0
PROP-000571,PI-0012,Dr. Jamie Arnold,College of Arts and Sciences,Physics,Environmental Science,National Science Foundation,Federal,New,Declined,2022-03-26,2023-01-19,,,548000.0,0.0,0.0,0.0
PROP-000572,PI-0126,Dr. Erin Edwards,College of Arts and Sciences,Physics,Environmental Science,National Institutes of Health,Federal,Renewal,Pending,2023-04-28,,,,1900000.0,0.0,0.0,0.0
PROP-000573,PI-0046,Dr. Philip Cannon,College of Education,Curriculum and Instruction,Social and Behavioral Science,Department of Agriculture,Federal,Resubmission,Pending,2024-07-28,,,,691000.0,0.0,0.0,0.0
PROP-000574,PI-0005,Dr. Cristian Santos,College of Arts and Sciences,Biology,Data Science,National Institutes of Health,Federal,Supplement,Declined,2024-10-23,2025-07-13,,,458000.0,0.0,0.0,0.0
PROP-000575,PI-0036,Dr. Jeffrey Chavez,College of Arts and Sciences,Biology,Neuroscience,Department of Defense,Federal,Renewal,Declined,2023-06-12,2024-03-14,,,1007000.0,0.0,0.0,0.0
PROP-000576,PI-0093,Dr. Denise Jacobs,College of Medicine,Public Health,Neuroscience,Advanced Manufacturing Solutions,Industry,New,Awarded,2022-12-15,2023-10-08,2023-12-11,2026-12-10,70000.0,52270.07,37711.7,14558.37
PROP-000577,PI-0168,Dr. Alyssa Day,College of Education,Educational Leadership,Social and Behavioral Science,Department of Agriculture,Federal,New,Pending,2024-03-04,,,,645000.0,0.0,0.0,0.0
PROP-000578,PI-0114,Dr. Crystal Johnson,College of Engineering,Mechanical Engineering,Renewable Energy,National Institutes of Health,Federal,New,Awarded,2022-10-17,2023-02-20,2023-07-05,2028-07-03,963000.0,904286.1,720489.69,183796.41
PROP-000579,PI-0132,Dr. Dustin Jordan,College of Engineering,Computer Science,Advanced Manufacturing,Department of Defense,Federal,New,Declined,2023-09-07,2024-04-17,,,178000.0,0.0,0.0,0.0
PROP-000580,PI-0069,Dr. James Brown,College of Engineering,Mechanical Engineering,Data Science,National Science Foundation,Federal,New,Awarded,2024-12-07,2025-05-31,2025-11-13,2028-11-12,1274000.0,1200455.14,979390.89,221064.25
PROP-000581,PI-0024,Dr. Tommy Walter,College of Engineering,Electrical Engineering,Advanced Manufacturing,National Science Foundation,Federal,New,Awarded,2022-02-12,2022-07-31,2023-01-02,2025-01-01,697000.0,621074.27,500885.29,120188.98
PROP-000582,PI-0132,Dr. Dustin Jordan,College of Engineering,Computer Science,Renewable Energy,National Institutes of Health,Federal,New,Declined,2022-07-16,2022-10-06,,,396000.0,0.0,0.0,0.0
PROP-000583,PI-0095,Dr. John Whitehead,College of Engineering,Civil Engineering,Renewable Energy,National Science Foundation,Federal,Renewal,Declined,2022-10-20,2023-01-04,,,869000.0,0.0,0.0,0.0
PROP-000584,PI-0122,Dr. Kenneth Scott,College of Arts and Sciences,Chemistry,Environmental Science,National Institutes of Health,Federal,New,Declined,2024-04-16,2024-11-22,,,2967000.0,0.0,0.0,0.0
PROP-000585,PI-0006,Dr. Connie Lawrence,College of Engineering,Electrical Engineering,Advanced Manufacturing,State Research Council,State,New,Awarded,2022-04-26,2022-07-01,2022-12-17,2026-12-16,235000.0,168450.7,139576.8,28873.9
PROP-000586,PI-0060,Dr. John Daniel,College of Business,Marketing,Business and Economics,National Science Foundation,Federal,Resubmission,Declined,2021-07-26,2021-10-26,,,651000.0,0.0,0.0,0.0
PROP-000587,PI-0088,Dr. Christopher Bass,College of Engineering,Computer Science,Data Science,Department of Energy,Federal,Supplement,Awarded,2021-09-07,2021-11-24,2022-05-06,2024-05-05,383000.0,290985.77,239465.34,51520.43
PROP-000588,PI-0095,Dr. John Whitehead,College of Engineering,Civil Engineering,Advanced Manufacturing,Department of Energy,Federal,Supplement,Pending,2022-05-21,,,,286000.0,0.0,0.0,0.0
PROP-000589,PI-0159,Dr. Melissa Gates,College of Arts and Sciences,Chemistry,Biomedical Research,Bluegrass Technology Corporation,Industry,New,Awarded,2024-03-12,2024-05-07,2024-07-31,2025-07-31,586000.0,522451.82,390700.6,131751.22
PROP-000590,PI-0063,Dr. Connor West,College of Education,Curriculum and Instruction,Education,Department of Education,Federal,New,Awarded,2023-01-17,2023-06-20,2023-07-22,2024-07-21,284000.0,248616.17,192780.25,55835.92
PROP-000591,PI-0071,Dr. Jordan Henderson,College of Engineering,Electrical Engineering,Environmental Science,Bluegrass Technology Corporation,Industry,New,Declined,2023-07-31,2023-10-14,,,345000.0,0.0,0.0,0.0
PROP-000592,PI-0084,Dr. Paul Jones,College of Engineering,Computer Science,Data Science,National Institutes of Health,Federal,New,Declined,2025-01-01,2025-03-02,,,378000.0,0.0,0.0,0.0
PROP-000593,PI-0117,Dr. William Herrera,College of Agriculture,Plant and Soil Sciences,Agriculture,Department of Energy,Federal,New,Declined,2022-02-05,2022-05-10,,,774000.0,0.0,0.0,0.0
PROP-000594,PI-0060,Dr. John Daniel,College of Business,Marketing,Data Science,National Science Foundation,Federal,Supplement,Declined,2023-06-12,2024-02-21,,,694000.0,0.0,0.0,0.0
PROP-000595,PI-0127,Dr. Michelle Evans,College of Business,Finance,Social and Behavioral Science,National Science Foundation,Federal,Renewal,Declined,2022-04-02,2022-09-07,,,1177000.0,0.0,0.0,0.0
PROP-000596,PI-0167,Dr. Alyssa Long,College of Education,Educational Leadership,Education,Department of Agriculture,Federal,New,Awarded,2025-05-28,2025-12-22,2026-04-13,2030-04-12,369000.0,312553.18,249835.71,62717.47
PROP-000597,PI-0093,Dr. Denise Jacobs,College of Medicine,Public Health,Public Health,Health Innovation Partners,Industry,New,Pending,2022-05-25,,,,271000.0,0.0,0.0,0.0
PROP-000598,PI-0078,Dr. Megan Young,College of Business,Marketing,Business and Economics,National Aeronautics and Space Administration,Federal,New,Declined,2024-07-14,2025-02-16,,,259000.0,0.0,0.0,0.0
PROP-000599,PI-0146,Dr. Joyce Solis,College of Arts and Sciences,Chemistry,Data Science,National Institutes of Health,Federal,Renewal,Declined,2022-07-15,2022-08-23,,,387000.0,0.0,0.0,0.0
PROP-000600,PI-0069,Dr. James Brown,College of Engineering,Mechanical Engineering,Environmental Science,Health Innovation Partners,Industry,Renewal,Awarded,2025-07-16,2026-03-01,2026-05-18,2031-05-17,427000.0,307014.08,262620.72,44393.36
PROP-000601,PI-0050,Dr. Eric Carney,College of Engineering,Electrical Engineering,Advanced Manufacturing,Bluegrass Technology Corporation,Industry,New,Awarded,2023-10-18,2024-08-10,2024-09-26,2025-09-26,557000.0,496995.05,365522.45,131472.6
PROP-000602,PI-0035,Dr. Debra Davidson,College of Medicine,Neuroscience,Neuroscience,National Science Foundation,Federal,New,Awarded,2022-07-28,2023-03-13,2023-08-15,2028-08-13,271000.0,197728.67,158171.41,39557.26
PROP-000603,PI-0162,Dr. Jennifer Adkins,College of Education,Educational Leadership,Data Science,State Department of Public Health,State,New,Awarded,2024-11-22,2025-04-07,2025-09-09,2026-09-09,368000.0,336850.11,243149.21,93700.9
PROP-000604,PI-0135,Dr. Rebecca Jackson,College of Business,Finance,Data Science,Advanced Manufacturing Solutions,Industry,New,Declined,2023-10-30,2024-06-04,,,847000.0,0.0,0.0,0.0
PROP-000605,PI-0158,Dr. Jason Stein,College of Arts and Sciences,Physics,Biomedical Research,Advanced Manufacturing Solutions,Industry,New,Awarded,2021-11-22,2022-04-11,2022-09-20,2023-09-20,438000.0,416247.58,304239.92,112007.66
PROP-000606,PI-0103,Dr. Rebecca Valencia,College of Medicine,Internal Medicine,Biomedical Research,State Department of Public Health,State,New,Awarded,2024-06-12,2024-10-11,2025-04-01,2030-03-31,708000.0,635120.57,507971.89,127148.68
PROP-000607,PI-0087,Dr. Shirley Suarez,College of Engineering,Computer Science,Advanced Manufacturing,Bluegrass Technology Corporation,Industry,Renewal,Declined,2025-04-12,2026-01-01,,,191000.0,0.0,0.0,0.0
PROP-000608,PI-0048,Dr. Shane Henderson,College of Medicine,Biomedical Sciences,Data Science,Future Science Foundation,Foundation,New,Awarded,2023-10-01,2024-06-13,2024-10-11,2027-10-11,84000.0,71518.26,58076.72,13441.54
PROP-000609,PI-0015,Dr. Dylan Miller,College of Engineering,Civil Engineering,Environmental Science,University Research Initiative,Internal,New,Awarded,2025-01-17,2025-06-19,2025-12-10,2030-12-09,25000.0,20729.41,17031.73,3697.68
PROP-000610,PI-0158,Dr. Jason Stein,College of Arts and Sciences,Physics,Environmental Science,Department of Energy,Federal,New,Declined,2023-07-08,2024-03-25,,,1660000.0,0.0,0.0,0.0
PROP-000611,PI-0020,Dr. Carla Gray,College of Engineering,Mechanical Engineering,Advanced Manufacturing,Education Advancement Foundation,Foundation,New,Awarded,2023-02-03,2023-08-06,2023-09-06,2026-09-05,289000.0,253952.64,201248.66,52703.98
PROP-000612,PI-0061,Dr. Victoria Garcia,College of Medicine,Neuroscience,Neuroscience,National Science Foundation,Federal,New,Declined,2025-05-13,2025-10-31,,,518000.0,0.0,0.0,0.0
PROP-000613,PI-0069,Dr. James Brown,College of Engineering,Mechanical Engineering,Environmental Science,Department of Agriculture,Federal,New,Declined,2022-01-10,2022-02-28,,,667000.0,0.0,0.0,0.0
PROP-000614,PI-0012,Dr. Jamie Arnold,College of Arts and Sciences,Physics,Data Science,Department of Energy,Federal,New,Declined,2024-10-05,2025-03-11,,,232000.0,0.0,0.0,0.0
PROP-000615,PI-0113,Dr. Julia Torres,College of Medicine,Public Health,Neuroscience,National Science Foundation,Federal,New,Declined,2024-09-08,2025-01-27,,,3383000.0,0.0,0.0,0.0
PROP-000616,PI-0165,Dr. Michael Powell,College of Business,Marketing,Social and Behavioral Science,National Institutes of Health,Federal,New,Declined,2024-03-26,2024-06-12,,,595000.0,0.0,0.0,0.0
PROP-000617,PI-0062,Dr. Gerald Hensley,College of Medicine,Biomedical Sciences,Public Health,National Institutes of Health,Federal,Resubmission,Declined,2021-10-23,2022-05-12,,,587000.0,0.0,0.0,0.0
PROP-000618,PI-0141,Dr. Cheyenne Horton,College of Business,Finance,Data Science,Future Science Foundation,Foundation,New,Pending,2022-03-04,,,,303000.0,0.0,0.0,0.0
PROP-000619,PI-0051,Dr. Jessica Holmes,College of Agriculture,Animal Sciences,Environmental Science,Bluegrass Technology Corporation,Industry,Resubmission,Pending,2025-01-19,,,,459000.0,0.0,0.0,0.0
PROP-000620,PI-0155,Dr. Brenda Hall,College of Arts and Sciences,Psychology,Data Science,National Institutes of Health,Federal,New,Awarded,2024-08-30,2025-01-20,2025-03-30,2026-03-30,639000.0,475974.49,376179.88,99794.61
PROP-000621,PI-0068,Dr. Carol Tucker,College of Arts and Sciences,Psychology,Data Science,Regional Research Alliance,Nonprofit,Renewal,Declined,2022-01-01,2022-05-24,,,87000.0,0.0,0.0,0.0
PROP-000622,PI-0009,Dr. Gabrielle Davis,College of Engineering,Mechanical Engineering,Advanced Manufacturing,National Science Foundation,Federal,New,Awarded,2021-12-17,2022-08-08,2022-11-13,2023-11-13,770000.0,648922.43,534935.38,113987.05
PROP-000623,PI-0096,Dr. Anna Henderson,College of Medicine,Public Health,Data Science,Department of Agriculture,Federal,Renewal,Awarded,2022-04-03,2022-11-21,2023-05-16,2025-05-15,2217000.0,1871761.56,1399581.99,472179.57
PROP-000624,PI-0105,Dr. Richard Henson,College of Medicine,Biomedical Sciences,Neuroscience,National Science Foundation,Federal,New,Declined,2025-05-03,2025-07-17,,,1482000.0,0.0,0.0,0.0
PROP-000625,PI-0010,Dr. Ryan Munoz,College of Agriculture,Plant and Soil Sciences,Agriculture,State Research Council,State,New,Awarded,2023-04-18,2023-10-21,2024-01-02,2027-01-01,589000.0,473177.55,384105.37,89072.18
PROP-000626,PI-0103,Dr. Rebecca Valencia,College of Medicine,Internal Medicine,Data Science,Department of Education,Federal,New,Pending,2022-10-22,,,,368000.0,0.0,0.0,0.0
PROP-000627,PI-0012,Dr. Jamie Arnold,College of Arts and Sciences,Physics,Environmental Science,State Research Council,State,New,Declined,2021-12-23,2022-03-20,,,110000.0,0.0,0.0,0.0
PROP-000628,PI-0165,Dr. Michael Powell,College of Business,Marketing,Social and Behavioral Science,National Institutes of Health,Federal,Supplement,Pending,2023-02-10,,,,492000.0,0.0,0.0,0.0
PROP-000629,PI-0123,Dr. April Frost,College of Medicine,Neuroscience,Biomedical Research,Department of Energy,Federal,Resubmission,Awarded,2024-02-20,2024-07-07,2024-09-27,2029-09-26,563000.0,397942.16,298162.67,99779.49
PROP-000630,PI-0099,Dr. Jessica Smith,College of Engineering,Mechanical Engineering,Environmental Science,Bluegrass Technology Corporation,Industry,New,Declined,2022-04-16,2022-05-25,,,705000.0,0.0,0.0,0.0
PROP-000631,PI-0014,Dr. Michele Williams,College of Business,Management,Data Science,Centers for Disease Control and Prevention,Federal,Renewal,Awarded,2022-06-14,2022-11-29,2023-01-11,2027-01-10,152000.0,109141.02,81648.12,27492.9
PROP-000632,PI-0066,Dr. Amber Kidd,College of Medicine,Neuroscience,Biomedical Research,National Institutes of Health,Federal,Renewal,Declined,2025-03-13,2025-10-13,,,1702000.0,0.0,0.0,0.0
PROP-000633,PI-0052,Dr. Danny Morgan,College of Arts and Sciences,Psychology,Biomedical Research,National Institutes of Health,Federal,Resubmission,Declined,2022-10-17,2023-05-29,,,480000.0,0.0,0.0,0.0
PROP-000634,PI-0138,Dr. Courtney Gonzalez,College of Agriculture,Agricultural Economics,Agriculture,Future Science Foundation,Foundation,New,Declined,2021-12-28,2022-05-02,,,143000.0,0.0,0.0,0.0
PROP-000635,PI-0180,Dr. Robert Oconnell,College of Education,Curriculum and Instruction,Education,Department of Agriculture,Federal,New,Pending,2021-08-14,,,,253000.0,0.0,0.0,0.0
PROP-000636,PI-0162,Dr. Jennifer Adkins,College of Education,Educational Leadership,Education,National Science Foundation,Federal,New,Awarded,2023-09-14,2024-04-11,2024-08-09,2027-08-09,156000.0,144037.49,104077.47,39960.02
PROP-000637,PI-0022,Dr. Patty Perez,College of Education,Curriculum and Instruction,Education,University Research Initiative,Internal,Supplement,Awarded,2021-11-04,2021-12-19,2022-06-09,2025-06-08,82000.0,72794.49,61366.83,11427.66
PROP-000638,PI-0071,Dr. Jordan Henderson,College of Engineering,Electrical Engineering,Data Science,National Institutes of Health,Federal,Resubmission,Declined,2021-12-27,2022-08-09,,,571000.0,0.0,0.0,0.0
PROP-000639,PI-0098,Dr. Deborah Figueroa,College of Arts and Sciences,Biology,Neuroscience,Regional Research Alliance,Nonprofit,New,Declined,2022-10-09,2023-06-09,,,65000.0,0.0,0.0,0.0
PROP-000640,PI-0103,Dr. Rebecca Valencia,College of Medicine,Internal Medicine,Neuroscience,Centers for Disease Control and Prevention,Federal,New,Awarded,2024-11-21,2025-04-05,2025-06-09,2030-06-08,205000.0,163751.01,130331.51,33419.5
PROP-000641,PI-0084,Dr. Paul Jones,College of Engineering,Computer Science,Environmental Science,State Research Council,State,New,Awarded,2025-05-11,2025-08-18,2026-01-05,2028-01-05,168000.0,153138.87,121490.08,31648.79
PROP-000642,PI-0136,Dr. Jose Schultz,College of Education,Curriculum and Instruction,Data Science,Community Health Foundation,Foundation,Resubmission,Awarded,2024-08-15,2024-12-17,2025-04-07,2027-04-07,560000.0,481537.54,395208.29,86329.25
PROP-000643,PI-0081,Dr. Kelly Donovan,College of Medicine,Internal Medicine,Biomedical Research,Bluegrass Technology Corporation,Industry,Resubmission,Awarded,2023-10-21,2024-04-08,2024-06-15,2026-06-15,273000.0,215944.21,178021.25,37922.96
PROP-000644,PI-0008,Dr. Gina Moore,College of Arts and Sciences,Psychology,Biomedical Research,National Institutes of Health,Federal,New,Withdrawn,2024-12-15,,,,175000.0,0.0,0.0,0.0
PROP-000645,PI-0155,Dr. Brenda Hall,College of Arts and Sciences,Psychology,Social and Behavioral Science,Department of Education,Federal,New,Declined,2022-10-16,2022-11-28,,,449000.0,0.0,0.0,0.0
PROP-000646,PI-0087,Dr. Shirley Suarez,College of Engineering,Computer Science,Renewable Energy,National Institutes of Health,Federal,Renewal,Awarded,2024-11-20,2025-03-24,2025-07-31,2029-07-30,440000.0,369876.78,299947.73,69929.05
PROP-000647,PI-0111,Dr. Richard Rodriguez,College of Medicine,Public Health,Data Science,National Institutes of Health,Federal,New,Awarded,2021-07-31,2021-12-21,2022-03-12,2024-03-11,71000.0,69411.77,59210.16,10201.61
PROP-000648,PI-0016,Dr. Brian Ramirez,College of Engineering,Mechanical Engineering,Artificial Intelligence,National Science Foundation,Federal,Supplement,Declined,2024-12-15,2025-09-21,,,519000.0,0.0,0.0,0.0
PROP-000649,PI-0141,Dr. Cheyenne Horton,College of Business,Finance,Social and Behavioral Science,Department of Energy,Federal,New,Awarded,2023-10-08,2024-05-19,2024-09-06,2028-09-05,454000.0,423520.44,340980.62,82539.82
PROP-000650,PI-0057,Dr. Timothy Duncan,College of Agriculture,Animal Sciences,Agriculture,National Aeronautics and Space Administration,Federal,New,Declined,2021-09-25,2022-02-27,,,911000.0,0.0,0.0,0.0
PROP-000651,PI-0145,Dr. Amber Wright,College of Medicine,Neuroscience,Data Science,University Research Initiative,Internal,New,Awarded,2025-01-12,2025-09-24,2026-02-02,2029-02-01,137000.0,135462.54,101133.49,34329.05
PROP-000652,PI-0131,Dr. Elizabeth Kelley,College of Medicine,Biomedical Sciences,Public Health,Department of Agriculture,Federal,New,Declined,2021-10-20,2022-08-10,,,1258000.0,0.0,0.0,0.0
PROP-000653,PI-0118,Dr. Ashley Waller,College of Engineering,Civil Engineering,Data Science,Department of Agriculture,Federal,Renewal,Awarded,2024-04-21,2024-07-29,2024-12-06,2028-12-05,442000.0,324406.55,268940.28,55466.27
PROP-000654,PI-0006,Dr. Connie Lawrence,College of Engineering,Electrical Engineering,Renewable Energy,Department of Defense,Federal,New,Declined,2025-06-29,2025-11-09,,,236000.0,0.0,0.0,0.0
PROP-000655,PI-0153,Dr. Denise Jones,College of Arts and Sciences,Physics,Data Science,National Institutes of Health,Federal,New,Declined,2025-06-27,2025-10-18,,,3723000.0,0.0,0.0,0.0
PROP-000656,PI-0138,Dr. Courtney Gonzalez,College of Agriculture,Agricultural Economics,Agriculture,National Institutes of Health,Federal,Renewal,Declined,2021-12-22,2022-10-16,,,565000.0,0.0,0.0,0.0
PROP-000657,PI-0049,Dr. Joshua Blair,College of Agriculture,Plant and Soil Sciences,Renewable Energy,State Department of Public Health,State,Supplement,Declined,2022-05-24,2023-01-02,,,211000.0,0.0,0.0,0.0
PROP-000658,PI-0150,Dr. Stephanie Manning,College of Engineering,Civil Engineering,Environmental Science,Department of Energy,Federal,Renewal,Pending,2024-09-01,,,,531000.0,0.0,0.0,0.0
PROP-000659,PI-0120,Dr. Jeffrey Chandler,College of Engineering,Computer Science,Data Science,National Science Foundation,Federal,New,Declined,2021-10-14,2022-06-15,,,627000.0,0.0,0.0,0.0
PROP-000660,PI-0125,Dr. Helen Jones,College of Arts and Sciences,Psychology,Social and Behavioral Science,National Science Foundation,Federal,Renewal,Declined,2025-01-03,2025-05-05,,,485000.0,0.0,0.0,0.0
PROP-000661,PI-0138,Dr. Courtney Gonzalez,College of Agriculture,Agricultural Economics,Agriculture,Future Science Foundation,Foundation,Supplement,Awarded,2022-12-01,2023-09-12,2024-02-28,2025-02-27,130000.0,91476.1,72235.74,19240.36
PROP-000662,PI-0058,Dr. Richard Aguirre,College of Engineering,Civil Engineering,Environmental Science,Future Science Foundation,Foundation,New,Declined,2024-03-01,2024-11-18,,,133000.0,0.0,0.0,0.0
PROP-000663,PI-0115,Dr. Garrett Lin,College of Engineering,Computer Science,Advanced Manufacturing,Department of Defense,Federal,New,Awarded,2024-07-25,2024-12-08,2025-01-19,2027-01-19,527000.0,412869.66,333602.38,79267.28
PROP-000664,PI-0040,Dr. Brittany Farmer,College of Education,Curriculum and Instruction,Education,National Institutes of Health,Federal,New,Awarded,2021-09-05,2022-03-06,2022-06-28,2023-06-28,359000.0,323135.53,270568.5,52567.03
PROP-000665,PI-0078,Dr. Megan Young,College of Business,Marketing,Business and Economics,National Institutes of Health,Federal,Supplement,Awarded,2023-02-03,2023-06-03,2023-10-27,2028-10-25,317000.0,280014.64,228719.29,51295.35
PROP-000666,PI-0167,Dr. Alyssa Long,College of Education,Educational Leadership,Social and Behavioral Science,Community Health Foundation,Foundation,New,Awarded,2023-07-25,2024-03-29,2024-09-15,2025-09-15,203000.0,196759.56,164262.17,32497.39
PROP-000667,PI-0124,Dr. Michelle Harmon,College of Arts and Sciences,Biology,Social and Behavioral Science,Department of Agriculture,Federal,New,Pending,2023-05-06,,,,446000.0,0.0,0.0,0.0
PROP-000668,PI-0082,Dr. Mike Allen,College of Medicine,Public Health,Data Science,National Aeronautics and Space Administration,Federal,Renewal,Declined,2022-02-09,2022-12-06,,,1669000.0,0.0,0.0,0.0
PROP-000669,PI-0076,Dr. Sarah Moore,College of Arts and Sciences,Chemistry,Biomedical Research,Department of Agriculture,Federal,Renewal,Pending,2025-06-17,,,,74000.0,0.0,0.0,0.0
PROP-000670,PI-0100,Dr. Stephen Mckee,College of Agriculture,Plant and Soil Sciences,Data Science,Department of Defense,Federal,Resubmission,Awarded,2024-09-20,2024-12-25,2025-06-17,2029-06-16,1225000.0,1223171.44,941278.7,281892.74
PROP-000671,PI-0086,Dr. Daniel Baker,College of Arts and Sciences,Biology,Neuroscience,State Department of Public Health,State,New,Declined,2024-11-30,2025-04-28,,,470000.0,0.0,0.0,0.0
PROP-000672,PI-0161,Dr. Paul Castaneda,College of Medicine,Biomedical Sciences,Public Health,Regional Research Alliance,Nonprofit,New,Awarded,2025-01-01,2025-05-17,2025-09-30,2029-09-29,40000.0,37560.79,30921.75,6639.04
PROP-000673,PI-0180,Dr. Robert Oconnell,College of Education,Curriculum and Instruction,Education,Department of Energy,Federal,New,Declined,2021-07-24,2021-12-04,,,418000.0,0.0,0.0,0.0
PROP-000674,PI-0110,Dr. Sharon Cochran,College of Education,Educational Leadership,Data Science,National Science Foundation,Federal,Renewal,Awarded,2024-05-03,2024-07-30,2024-11-22,2027-11-22,409000.0,353784.21,292715.59,61068.62
PROP-000675,PI-0001,Dr. Allison Hill,College of Arts and Sciences,Biology,Data Science,State Department of Public Health,State,New,Awarded,2022-06-25,2023-03-27,2023-08-25,2024-08-24,84000.0,63689.19,53291.01,10398.18
PROP-000676,PI-0071,Dr. Jordan Henderson,College of Engineering,Electrical Engineering,Data Science,Department of Agriculture,Federal,Renewal,Pending,2024-07-04,,,,302000.0,0.0,0.0,0.0
PROP-000677,PI-0097,Dr. Aaron Wise,College of Medicine,Biomedical Sciences,Public Health,Department of Agriculture,Federal,Resubmission,Pending,2021-10-23,,,,235000.0,0.0,0.0,0.0
PROP-000678,PI-0103,Dr. Rebecca Valencia,College of Medicine,Internal Medicine,Public Health,Centers for Disease Control and Prevention,Federal,Renewal,Declined,2021-08-08,2021-12-22,,,2011000.0,0.0,0.0,0.0
PROP-000679,PI-0009,Dr. Gabrielle Davis,College of Engineering,Mechanical Engineering,Environmental Science,State Research Council,State,Renewal,Pending,2023-06-25,,,,384000.0,0.0,0.0,0.0
PROP-000680,PI-0045,Dr. Angelica Tucker,College of Agriculture,Animal Sciences,Agriculture,Regional Research Alliance,Nonprofit,New,Awarded,2023-08-08,2024-03-24,2024-06-09,2029-06-08,300000.0,266385.98,223214.62,43171.36
PROP-000681,PI-0131,Dr. Elizabeth Kelley,College of Medicine,Biomedical Sciences,Biomedical Research,Health Innovation Partners,Industry,Renewal,Declined,2023-04-06,2023-05-22,,,543000.0,0.0,0.0,0.0
PROP-000682,PI-0094,Dr. Christina Walters,College of Agriculture,Plant and Soil Sciences,Data Science,Department of Defense,Federal,New,Awarded,2024-01-12,2024-11-05,2025-02-20,2027-02-20,232000.0,220130.24,167820.25,52309.99
PROP-000683,PI-0014,Dr. Michele Williams,College of Business,Management,Business and Economics,Department of Energy,Federal,New,Awarded,2022-01-06,2022-10-10,2023-03-17,2025-03-16,365000.0,304093.26,220008.7,84084.56
PROP-000684,PI-0173,Dr. Joshua Cooke,College of Engineering,Computer Science,Data Science,Department of Energy,Federal,New,Pending,2023-03-28,,,,780000.0,0.0,0.0,0.0
PROP-000685,PI-0115,Dr. Garrett Lin,College of Engineering,Computer Science,Renewable Energy,National Institutes of Health,Federal,Resubmission,Declined,2024-05-23,2024-08-28,,,216000.0,0.0,0.0,0.0
PROP-000686,PI-0104,Dr. Christine Wright,College of Medicine,Biomedical Sciences,Neuroscience,State Department of Public Health,State,New,Declined,2024-06-04,2024-09-01,,,332000.0,0.0,0.0,0.0
PROP-000687,PI-0167,Dr. Alyssa Long,College of Education,Educational Leadership,Education,Department of Energy,Federal,New,Pending,2021-12-26,,,,451000.0,0.0,0.0,0.0
PROP-000688,PI-0002,Dr. Noah Rhodes,College of Agriculture,Plant and Soil Sciences,Data Science,Department of Agriculture,Federal,New,Declined,2025-03-11,2025-09-16,,,408000.0,0.0,0.0,0.0
PROP-000689,PI-0169,Dr. Joel Williams,College of Engineering,Mechanical Engineering,Artificial Intelligence,Centers for Disease Control and Prevention,Federal,New,Pending,2023-04-19,,,,921000.0,0.0,0.0,0.0
PROP-000690,PI-0122,Dr. Kenneth Scott,College of Arts and Sciences,Chemistry,Environmental Science,National Science Foundation,Federal,New,Awarded,2023-12-21,2024-04-09,2024-07-18,2025-07-18,754000.0,679608.26,515259.67,164348.59
PROP-000691,PI-0141,Dr. Cheyenne Horton,College of Business,Finance,Business and Economics,Education Advancement Foundation,Foundation,New,Awarded,2024-07-16,2024-10-26,2025-02-05,2030-02-04,150000.0,120764.32,92334.94,28429.38
PROP-000692,PI-0074,Dr. Lauren Daniels,College of Agriculture,Agricultural Economics,Environmental Science,National Science Foundation,Federal,New,Pending,2024-07-12,,,,1289000.0,0.0,0.0,0.0
PROP-000693,PI-0168,Dr. Alyssa Day,College of Education,Educational Leadership,Social and Behavioral Science,National Institutes of Health,Federal,New,Pending,2021-10-12,,,,240000.0,0.0,0.0,0.0
PROP-000694,PI-0153,Dr. Denise Jones,College of Arts and Sciences,Physics,Biomedical Research,Department of Energy,Federal,New,Declined,2025-06-13,2026-02-26,,,858000.0,0.0,0.0,0.0
PROP-000695,PI-0021,Dr. Margaret Hawkins DDS,College of Agriculture,Agricultural Economics,Data Science,Department of Energy,Federal,Resubmission,Declined,2025-04-04,2025-06-13,,,843000.0,0.0,0.0,0.0
PROP-000696,PI-0177,Dr. Michael Elliott,College of Medicine,Neuroscience,Data Science,Centers for Disease Control and Prevention,Federal,New,Declined,2025-05-31,2026-02-24,,,428000.0,0.0,0.0,0.0
PROP-000697,PI-0068,Dr. Carol Tucker,College of Arts and Sciences,Psychology,Biomedical Research,Department of Defense,Federal,Renewal,Declined,2024-02-09,2024-11-05,,,690000.0,0.0,0.0,0.0
PROP-000698,PI-0179,Dr. Lawrence Adkins,College of Medicine,Internal Medicine,Neuroscience,Education Advancement Foundation,Foundation,New,Pending,2022-12-11,,,,84000.0,0.0,0.0,0.0
PROP-000699,PI-0048,Dr. Shane Henderson,College of Medicine,Biomedical Sciences,Public Health,Department of Defense,Federal,Renewal,Declined,2023-04-27,2024-01-14,,,1081000.0,0.0,0.0,0.0
PROP-000700,PI-0135,Dr. Rebecca Jackson,College of Business,Finance,Data Science,National Institutes of Health,Federal,New,Declined,2024-01-31,2024-05-27,,,470000.0,0.0,0.0,0.0
PROP-000701,PI-0065,Dr. Jessica Callahan,College of Arts and Sciences,Chemistry,Social and Behavioral Science,Bluegrass Technology Corporation,Industry,New,Awarded,2022-01-27,2022-04-21,2022-08-12,2027-08-11,227000.0,186527.22,152951.99,33575.23
PROP-000702,PI-0002,Dr. Noah Rhodes,College of Agriculture,Plant and Soil Sciences,Agriculture,Advanced Manufacturing Solutions,Industry,New,Awarded,2023-10-25,2024-02-13,2024-07-15,2028-07-14,683000.0,526984.08,397407.52,129576.56
PROP-000703,PI-0053,Dr. Crystal Robinson,College of Medicine,Public Health,Biomedical Research,Department of Energy,Federal,Resubmission,Declined,2023-12-09,2024-07-01,,,319000.0,0.0,0.0,0.0
PROP-000704,PI-0127,Dr. Michelle Evans,College of Business,Finance,Social and Behavioral Science,State Research Council,State,New,Declined,2025-08-23,2026-05-29,,,84000.0,0.0,0.0,0.0
PROP-000705,PI-0031,Dr. Rebecca Henderson,College of Arts and Sciences,Biology,Biomedical Research,Centers for Disease Control and Prevention,Federal,New,Declined,2023-12-29,2024-04-27,,,168000.0,0.0,0.0,0.0
PROP-000706,PI-0091,Dr. Matthew Mcmillan,College of Arts and Sciences,Chemistry,Social and Behavioral Science,Education Advancement Foundation,Foundation,New,Awarded,2024-11-03,2025-08-13,2025-09-27,2026-09-27,280000.0,260792.84,201605.26,59187.58
PROP-000707,PI-0073,Dr. Brittney Phillips,College of Engineering,Civil Engineering,Data Science,Advanced Manufacturing Solutions,Industry,Resubmission,Pending,2025-01-23,,,,134000.0,0.0,0.0,0.0
PROP-000708,PI-0178,Dr. Michael Wang,College of Engineering,Electrical Engineering,Artificial Intelligence,Bluegrass Technology Corporation,Industry,Renewal,Awarded,2023-02-17,2023-06-27,2023-09-17,2026-09-16,1119000.0,914217.18,732206.05,182011.13
PROP-000709,PI-0097,Dr. Aaron Wise,College of Medicine,Biomedical Sciences,Public Health,Centers for Disease Control and Prevention,Federal,Resubmission,Awarded,2023-12-08,2024-02-21,2024-08-18,2025-08-18,113000.0,103433.12,87723.34,15709.78
PROP-000710,PI-0020,Dr. Carla Gray,College of Engineering,Mechanical Engineering,Environmental Science,University Research Initiative,Internal,New,Awarded,2023-02-23,2023-04-21,2023-05-21,2028-05-19,127000.0,91277.84,77234.8,14043.04
PROP-000711,PI-0083,Dr. Michael Evans,College of Engineering,Electrical Engineering,Renewable Energy,National Institutes of Health,Federal,New,Awarded,2023-12-02,2024-06-11,2024-10-16,2028-10-15,633000.0,576451.94,446864.14,129587.8
PROP-000712,PI-0043,Dr. Sherry Decker,College of Engineering,Electrical Engineering,Advanced Manufacturing,Department of Defense,Federal,New,Awarded,2022-04-11,2022-11-11,2023-03-27,2025-03-26,503000.0,380503.43,294450.03,86053.4
PROP-000713,PI-0170,Dr. Daniel Murphy,College of Agriculture,Animal Sciences,Data Science,University Research Initiative,Internal,Renewal,Awarded,2021-11-24,2022-08-30,2023-01-18,2025-01-17,41000.0,36675.19,27145.49,9529.7
PROP-000714,PI-0015,Dr. Dylan Miller,College of Engineering,Civil Engineering,Artificial Intelligence,National Institutes of Health,Federal,Resubmission,Pending,2025-05-25,,,,729000.0,0.0,0.0,0.0
PROP-000715,PI-0169,Dr. Joel Williams,College of Engineering,Mechanical Engineering,Environmental Science,Community Health Foundation,Foundation,Renewal,Declined,2023-11-16,2024-08-02,,,185000.0,0.0,0.0,0.0
PROP-000716,PI-0171,Dr. Jamie Walton,College of Agriculture,Agricultural Economics,Renewable Energy,Department of Energy,Federal,New,Declined,2024-09-26,2025-07-08,,,1236000.0,0.0,0.0,0.0
PROP-000717,PI-0171,Dr. Jamie Walton,College of Agriculture,Agricultural Economics,Environmental Science,State Department of Public Health,State,New,Pending,2024-09-23,,,,225000.0,0.0,0.0,0.0
PROP-000718,PI-0085,Dr. Zachary Ferrell,College of Arts and Sciences,Chemistry,Social and Behavioral Science,National Institutes of Health,Federal,New,Declined,2023-07-25,2023-10-20,,,605000.0,0.0,0.0,0.0
PROP-000719,PI-0128,Dr. Jason Powell,College of Arts and Sciences,Physics,Neuroscience,Department of Agriculture,Federal,Renewal,Awarded,2025-08-06,2026-01-26,2026-06-24,2031-06-23,411000.0,352606.11,296298.12,56307.99
PROP-000720,PI-0048,Dr. Shane Henderson,College of Medicine,Biomedical Sciences,Biomedical Research,National Aeronautics and Space Administration,Federal,New,Awarded,2025-01-12,2025-03-22,2025-09-06,2030-09-05,518000.0,477858.02,408309.39,69548.63
PROP-000721,PI-0034,Dr. Nathan Maldonado,College of Engineering,Civil Engineering,Renewable Energy,Department of Education,Federal,Resubmission,Declined,2021-07-23,2022-04-19,,,681000.0,0.0,0.0,0.0
PROP-000722,PI-0116,Dr. Diana May,College of Arts and Sciences,Biology,Data Science,Department of Agriculture,Federal,New,Declined,2023-11-10,2024-06-07,,,150000.0,0.0,0.0,0.0
PROP-000723,PI-0154,Dr. Devon Flores,College of Engineering,Civil Engineering,Renewable Energy,National Science Foundation,Federal,New,Pending,2023-03-15,,,,197000.0,0.0,0.0,0.0
PROP-000724,PI-0037,Dr. Sherri Baker,College of Engineering,Computer Science,Environmental Science,National Science Foundation,Federal,Renewal,Declined,2024-09-16,2024-11-11,,,944000.0,0.0,0.0,0.0
PROP-000725,PI-0125,Dr. Helen Jones,College of Arts and Sciences,Psychology,Social and Behavioral Science,Advanced Manufacturing Solutions,Industry,Renewal,Awarded,2021-12-16,2022-06-06,2022-09-08,2024-09-07,369000.0,272339.12,199014.73,73324.39
PROP-000726,PI-0058,Dr. Richard Aguirre,College of Engineering,Civil Engineering,Environmental Science,National Science Foundation,Federal,Resubmission,Awarded,2022-02-14,2022-06-01,2022-10-23,2025-10-22,471000.0,415019.98,351695.57,63324.41
PROP-000727,PI-0023,Dr. Ethan Adams,College of Arts and Sciences,Biology,Environmental Science,National Science Foundation,Federal,Renewal,Declined,2024-06-15,2024-07-31,,,548000.0,0.0,0.0,0.0
PROP-000728,PI-0029,Dr. Zachary Hicks,College of Engineering,Mechanical Engineering,Renewable Energy,University Research Initiative,Internal,Supplement,Awarded,2022-05-12,2023-01-08,2023-05-16,2025-05-15,64000.0,60882.19,50251.34,10630.85
PROP-000729,PI-0042,Dr. Fred Smith,College of Medicine,Public Health,Data Science,State Department of Public Health,State,New,Declined,2023-06-07,2023-08-03,,,147000.0,0.0,0.0,0.0
PROP-000730,PI-0108,Dr. Sierra Johnson,College of Engineering,Civil Engineering,Renewable Energy,Bluegrass Technology Corporation,Industry,New,Awarded,2023-09-25,2024-02-21,2024-06-27,2028-06-26,190000.0,160145.22,125982.61,34162.61
PROP-000731,PI-0062,Dr. Gerald Hensley,College of Medicine,Biomedical Sciences,Data Science,National Science Foundation,Federal,New,Declined,2023-02-12,2023-10-29,,,626000.0,0.0,0.0,0.0
PROP-000732,PI-0147,Dr. Victoria Larson,College of Arts and Sciences,Physics,Data Science,State Research Council,State,Supplement,Declined,2021-09-23,2021-12-11,,,111000.0,0.0,0.0,0.0
PROP-000733,PI-0078,Dr. Megan Young,College of Business,Marketing,Social and Behavioral Science,Department of Education,Federal,Supplement,Declined,2025-02-25,2025-08-13,,,734000.0,0.0,0.0,0.0
PROP-000734,PI-0146,Dr. Joyce Solis,College of Arts and Sciences,Chemistry,Social and Behavioral Science,National Science Foundation,Federal,Resubmission,Awarded,2024-10-09,2025-03-11,2025-09-07,2027-09-07,151000.0,123419.27,102220.92,21198.35
PROP-000735,PI-0081,Dr. Kelly Donovan,College of Medicine,Internal Medicine,Public Health,State Research Council,State,Supplement,Awarded,2021-07-22,2021-08-27,2022-01-09,2023-01-09,408000.0,367950.95,307767.62,60183.33
PROP-000736,PI-0141,Dr. Cheyenne Horton,College of Business,Finance,Social and Behavioral Science,National Institutes of Health,Federal,New,Awarded,2023-02-01,2023-04-19,2023-06-02,2028-05-31,770000.0,597188.0,432821.47,164366.53
PROP-000737,PI-0082,Dr. Mike Allen,College of Medicine,Public Health,Neuroscience,Education Advancement Foundation,Foundation,Renewal,Declined,2022-03-03,2022-05-16,,,223000.0,0.0,0.0,0.0
PROP-000738,PI-0024,Dr. Tommy Walter,College of Engineering,Electrical Engineering,Environmental Science,National Institutes of Health,Federal,Renewal,Pending,2024-09-02,,,,1129000.0,0.0,0.0,0.0
PROP-000739,PI-0152,Dr. Pamela Boyd,College of Engineering,Electrical Engineering,Data Science,Future Science Foundation,Foundation,Renewal,Awarded,2024-02-12,2024-10-31,2025-02-08,2029-02-07,558000.0,501163.99,366150.4,135013.59
PROP-000740,PI-0033,Dr. Tricia Valencia,College of Arts and Sciences,Chemistry,Social and Behavioral Science,National Science Foundation,Federal,Renewal,Awarded,2021-11-05,2022-01-04,2022-04-10,2025-04-09,1156000.0,941954.69,722075.77,219878.92
PROP-000741,PI-0034,Dr. Nathan Maldonado,College of Engineering,Civil Engineering,Data Science,Department of Defense,Federal,New,Pending,2024-12-01,,,,136000.0,0.0,0.0,0.0
PROP-000742,PI-0019,Dr. Lisa Jackson,College of Business,Management,Data Science,National Science Foundation,Federal,New,Awarded,2023-12-01,2024-08-13,2024-11-17,2025-11-17,207000.0,158461.8,128364.73,30097.07
PROP-000743,PI-0064,Dr. Donald Wright,College of Agriculture,Agricultural Economics,Agriculture,National Institutes of Health,Federal,New,Awarded,2023-12-31,2024-01-30,2024-03-09,2028-03-08,338000.0,238502.75,188340.42,50162.33
PROP-000744,PI-0080,Dr. Lisa Barnes,College of Engineering,Mechanical Engineering,Renewable Energy,National Institutes of Health,Federal,New,Declined,2021-07-08,2022-04-27,,,551000.0,0.0,0.0,0.0
PROP-000745,PI-0027,Dr. Justin Baker,College of Medicine,Public Health,Data Science,Department of Agriculture,Federal,New,Declined,2021-11-21,2022-04-15,,,797000.0,0.0,0.0,0.0
PROP-000746,PI-0043,Dr. Sherry Decker,College of Engineering,Electrical Engineering,Artificial Intelligence,Department of Energy,Federal,Renewal,Declined,2022-03-06,2022-10-05,,,314000.0,0.0,0.0,0.0
PROP-000747,PI-0057,Dr. Timothy Duncan,College of Agriculture,Animal Sciences,Data Science,State Research Council,State,New,Declined,2025-02-15,2025-05-02,,,236000.0,0.0,0.0,0.0
PROP-000748,PI-0007,Dr. Abigail Shaffer,College of Engineering,Computer Science,Renewable Energy,National Aeronautics and Space Administration,Federal,Supplement,Awarded,2024-01-28,2024-06-09,2024-08-23,2029-08-22,307000.0,284937.73,216721.99,68215.74
PROP-000749,PI-0004,Dr. Daniel Wagner,College of Arts and Sciences,Biology,Biomedical Research,Regional Research Alliance,Nonprofit,Renewal,Awarded,2023-09-07,2024-04-07,2024-09-08,2025-09-08,97000.0,93987.01,75968.42,18018.59
PROP-000750,PI-0128,Dr. Jason Powell,College of Arts and Sciences,Physics,Data Science,State Department of Public Health,State,New,Awarded,2025-07-14,2026-02-28,2026-04-15,2031-04-14,84000.0,83908.87,63215.93,20692.94
PROP-000751,PI-0031,Dr. Rebecca Henderson,College of Arts and Sciences,Biology,Social and Behavioral Science,Department of Agriculture,Federal,Supplement,Declined,2021-08-03,2021-09-20,,,270000.0,0.0,0.0,0.0
PROP-000752,PI-0147,Dr. Victoria Larson,College of Arts and Sciences,Physics,Social and Behavioral Science,National Institutes of Health,Federal,Renewal,Awarded,2022-02-28,2022-12-22,2023-05-18,2028-05-16,196000.0,149646.68,121444.12,28202.56
PROP-000753,PI-0062,Dr. Gerald Hensley,College of Medicine,Biomedical Sciences,Neuroscience,Bluegrass Technology Corporation,Industry,New,Awarded,2025-08-15,2026-05-13,2026-06-23,2028-06-22,166000.0,123251.21,100022.84,23228.37
PROP-000754,PI-0114,Dr. Crystal Johnson,College of Engineering,Mechanical Engineering,Data Science,National Institutes of Health,Federal,Renewal,Pending,2022-01-16,,,,1191000.0,0.0,0.0,0.0
PROP-000755,PI-0077,Dr. Angela Lopez,College of Medicine,Public Health,Data Science,Department of Education,Federal,Resubmission,Awarded,2022-02-03,2022-06-25,2022-08-10,2024-08-09,265000.0,194577.28,156303.31,38273.97
PROP-000756,PI-0051,Dr. Jessica Holmes,College of Agriculture,Animal Sciences,Renewable Energy,Department of Energy,Federal,Resubmission,Declined,2023-10-02,2024-04-15,,,3891000.0,0.0,0.0,0.0
PROP-000757,PI-0156,Dr. Michelle Brown,College of Arts and Sciences,Biology,Biomedical Research,Regional Research Alliance,Nonprofit,New,Awarded,2022-09-10,2023-03-30,2023-05-15,2024-05-14,188000.0,174702.45,140291.65,34410.8
PROP-000758,PI-0152,Dr. Pamela Boyd,College of Engineering,Electrical Engineering,Renewable Energy,National Institutes of Health,Federal,New,Declined,2024-08-07,2024-11-29,,,621000.0,0.0,0.0,0.0
PROP-000759,PI-0171,Dr. Jamie Walton,College of Agriculture,Agricultural Economics,Renewable Energy,National Science Foundation,Federal,New,Awarded,2025-01-15,2025-02-22,2025-07-26,2026-07-26,284000.0,250980.02,208030.47,42949.55
PROP-000760,PI-0162,Dr. Jennifer Adkins,College of Education,Educational Leadership,Education,National Institutes of Health,Federal,Resubmission,Declined,2024-10-28,2025-04-21,,,914000.0,0.0,0.0,0.0
PROP-000761,PI-0137,Dr. Robert Potter,College of Medicine,Public Health,Data Science,State Research Council,State,Renewal,Declined,2022-03-17,2022-07-30,,,144000.0,0.0,0.0,0.0
PROP-000762,PI-0157,Dr. Joshua Perry,College of Engineering,Electrical Engineering,Data Science,Department of Education,Federal,New,Declined,2022-06-23,2022-08-11,,,592000.0,0.0,0.0,0.0
PROP-000763,PI-0153,Dr. Denise Jones,College of Arts and Sciences,Physics,Neuroscience,National Science Foundation,Federal,New,Pending,2025-01-05,,,,3686000.0,0.0,0.0,0.0
PROP-000764,PI-0099,Dr. Jessica Smith,College of Engineering,Mechanical Engineering,Renewable Energy,Department of Energy,Federal,New,Awarded,2022-02-26,2022-09-29,2023-03-16,2028-03-14,503000.0,500978.47,429213.71,71764.76
PROP-000765,PI-0036,Dr. Jeffrey Chavez,College of Arts and Sciences,Biology,Environmental Science,Department of Agriculture,Federal,Renewal,Awarded,2021-10-17,2022-07-16,2022-12-20,2024-12-19,1279000.0,969629.98,806272.36,163357.62
PROP-000766,PI-0045,Dr. Angelica Tucker,College of Agriculture,Animal Sciences,Environmental Science,State Research Council,State,New,Declined,2023-02-04,2023-06-21,,,132000.0,0.0,0.0,0.0
PROP-000767,PI-0118,Dr. Ashley Waller,College of Engineering,Civil Engineering,Advanced Manufacturing,National Science Foundation,Federal,New,Pending,2024-01-15,,,,526000.0,0.0,0.0,0.0
PROP-000768,PI-0153,Dr. Denise Jones,College of Arts and Sciences,Physics,Biomedical Research,National Institutes of Health,Federal,New,Declined,2022-05-20,2022-07-03,,,2039000.0,0.0,0.0,0.0
PROP-000769,PI-0005,Dr. Cristian Santos,College of Arts and Sciences,Biology,Data Science,Department of Agriculture,Federal,New,Awarded,2023-12-28,2024-05-07,2024-08-28,2026-08-28,338000.0,296700.46,227164.59,69535.87
PROP-000770,PI-0098,Dr. Deborah Figueroa,College of Arts and Sciences,Biology,Biomedical Research,Department of Energy,Federal,New,Declined,2022-08-14,2023-03-24,,,2104000.0,0.0,0.0,0.0
PROP-000771,PI-0161,Dr. Paul Castaneda,College of Medicine,Biomedical Sciences,Neuroscience,National Institutes of Health,Federal,New,Awarded,2023-12-10,2024-08-28,2024-11-11,2028-11-10,919000.0,683260.31,580705.8,102554.51
PROP-000772,PI-0073,Dr. Brittney Phillips,College of Engineering,Civil Engineering,Renewable Energy,National Institutes of Health,Federal,Renewal,Declined,2023-01-04,2023-05-17,,,354000.0,0.0,0.0,0.0
PROP-000773,PI-0001,Dr. Allison Hill,College of Arts and Sciences,Biology,Social and Behavioral Science,National Institutes of Health,Federal,Renewal,Awarded,2022-04-06,2022-12-06,2023-02-17,2026-02-16,868000.0,636532.85,499789.55,136743.3
PROP-000774,PI-0002,Dr. Noah Rhodes,College of Agriculture,Plant and Soil Sciences,Environmental Science,Future Science Foundation,Foundation,New,Declined,2025-01-27,2025-05-24,,,356000.0,0.0,0.0,0.0
PROP-000775,PI-0108,Dr. Sierra Johnson,College of Engineering,Civil Engineering,Environmental Science,Regional Research Alliance,Nonprofit,Resubmission,Awarded,2024-06-03,2025-03-02,2025-07-28,2028-07-27,203000.0,171893.1,147723.73,24169.37
PROP-000776,PI-0106,Dr. Marc Moore,College of Engineering,Computer Science,Artificial Intelligence,State Department of Public Health,State,Renewal,Awarded,2023-05-02,2023-08-16,2024-02-08,2025-02-07,75000.0,62270.6,46773.75,15496.85
PROP-000777,PI-0177,Dr. Michael Elliott,College of Medicine,Neuroscience,Data Science,University Research Initiative,Internal,New,Awarded,2024-04-28,2025-01-28,2025-03-24,2029-03-23,38000.0,26983.27,21434.35,5548.92
PROP-000778,PI-0071,Dr. Jordan Henderson,College of Engineering,Electrical Engineering,Advanced Manufacturing,National Science Foundation,Federal,New,Awarded,2025-08-07,2026-03-08,2026-06-21,2028-06-20,449000.0,369071.46,276995.85,92075.61
PROP-000779,PI-0124,Dr. Michelle Harmon,College of Arts and Sciences,Biology,Biomedical Research,National Institutes of Health,Federal,Renewal,Awarded,2024-01-27,2024-03-09,2024-08-02,2028-08-01,511000.0,489219.46,403420.22,85799.24
PROP-000780,PI-0094,Dr. Christina Walters,College of Agriculture,Plant and Soil Sciences,Environmental Science,Future Science Foundation,Foundation,New,Declined,2023-07-29,2024-04-21,,,283000.0,0.0,0.0,0.0
PROP-000781,PI-0011,Dr. Monica Herrera,College of Agriculture,Plant and Soil Sciences,Agriculture,Health Innovation Partners,Industry,New,Pending,2023-05-13,,,,371000.0,0.0,0.0,0.0
PROP-000782,PI-0045,Dr. Angelica Tucker,College of Agriculture,Animal Sciences,Agriculture,National Science Foundation,Federal,Renewal,Declined,2024-12-06,2025-04-21,,,198000.0,0.0,0.0,0.0
PROP-000783,PI-0007,Dr. Abigail Shaffer,College of Engineering,Computer Science,Artificial Intelligence,Department of Education,Federal,New,Pending,2024-05-20,,,,719000.0,0.0,0.0,0.0
PROP-000784,PI-0176,Dr. Alex Hernandez,College of Engineering,Civil Engineering,Renewable Energy,Future Science Foundation,Foundation,New,Awarded,2024-12-19,2025-02-21,2025-08-13,2027-08-13,281000.0,200145.71,154372.51,45773.2
PROP-000785,PI-0108,Dr. Sierra Johnson,College of Engineering,Civil Engineering,Data Science,University Research Initiative,Internal,New,Awarded,2024-03-06,2024-07-21,2024-10-16,2027-10-16,72000.0,66327.41,54741.26,11586.15
PROP-000786,PI-0045,Dr. Angelica Tucker,College of Agriculture,Animal Sciences,Data Science,Future Science Foundation,Foundation,New,Declined,2021-10-20,2021-12-21,,,382000.0,0.0,0.0,0.0
PROP-000787,PI-0064,Dr. Donald Wright,College of Agriculture,Agricultural Economics,Data Science,Department of Energy,Federal,New,Declined,2022-03-09,2022-12-04,,,1010000.0,0.0,0.0,0.0
PROP-000788,PI-0125,Dr. Helen Jones,College of Arts and Sciences,Psychology,Neuroscience,State Research Council,State,New,Awarded,2024-12-23,2025-02-24,2025-05-13,2029-05-12,282000.0,228545.14,186095.83,42449.31
PROP-000789,PI-0031,Dr. Rebecca Henderson,College of Arts and Sciences,Biology,Biomedical Research,National Institutes of Health,Federal,Resubmission,Awarded,2021-12-05,2022-03-20,2022-08-24,2024-08-23,513000.0,375931.26,285193.48,90737.78
PROP-000790,PI-0010,Dr. Ryan Munoz,College of Agriculture,Plant and Soil Sciences,Environmental Science,National Aeronautics and Space Administration,Federal,Renewal,Awarded,2025-04-28,2025-11-21,2026-04-07,2030-04-06,155000.0,133676.73,98718.1,34958.63
PROP-000791,PI-0035,Dr. Debra Davidson,College of Medicine,Neuroscience,Biomedical Research,National Science Foundation,Federal,New,Pending,2022-10-19,,,,746000.0,0.0,0.0,0.0
PROP-000792,PI-0046,Dr. Philip Cannon,College of Education,Curriculum and Instruction,Data Science,State Research Council,State,New,Awarded,2025-02-13,2025-10-28,2026-03-24,2029-03-23,239000.0,223715.31,176301.26,47414.05
PROP-000793,PI-0070,Dr. William Baker,College of Education,Curriculum and Instruction,Data Science,National Institutes of Health,Federal,Renewal,Awarded,2022-12-15,2023-06-10,2023-07-22,2025-07-21,662000.0,508438.89,392548.54,115890.35
PROP-000794,PI-0084,Dr. Paul Jones,College of Engineering,Computer Science,Renewable Energy,National Science Foundation,Federal,Supplement,Declined,2022-05-26,2022-11-18,,,207000.0,0.0,0.0,0.0
PROP-000795,PI-0176,Dr. Alex Hernandez,College of Engineering,Civil Engineering,Data Science,Regional Research Alliance,Nonprofit,Resubmission,Declined,2025-03-26,2025-07-12,,,73000.0,0.0,0.0,0.0
PROP-000796,PI-0167,Dr. Alyssa Long,College of Education,Educational Leadership,Education,National Science Foundation,Federal,New,Awarded,2022-03-17,2022-07-30,2023-01-19,2024-01-19,1190000.0,990397.24,764343.13,226054.11
PROP-000797,PI-0089,Dr. Lisa Archer,College of Education,Educational Leadership,Data Science,Department of Energy,Federal,New,Declined,2024-07-10,2024-10-31,,,525000.0,0.0,0.0,0.0
PROP-000798,PI-0171,Dr. Jamie Walton,College of Agriculture,Agricultural Economics,Data Science,National Institutes of Health,Federal,New,Pending,2022-04-24,,,,901000.0,0.0,0.0,0.0
PROP-000799,PI-0072,Dr. Whitney Peters,College of Education,Educational Leadership,Social and Behavioral Science,Community Health Foundation,Foundation,New,Withdrawn,2024-07-23,,,,193000.0,0.0,0.0,0.0
PROP-000800,PI-0014,Dr. Michele Williams,College of Business,Management,Social and Behavioral Science,Department of Energy,Federal,Renewal,Declined,2023-02-14,2023-05-30,,,553000.0,0.0,0.0,0.0
PROP-000801,PI-0010,Dr. Ryan Munoz,College of Agriculture,Plant and Soil Sciences,Renewable Energy,Department of Energy,Federal,New,Declined,2021-09-21,2021-12-31,,,1092000.0,0.0,0.0,0.0
PROP-000802,PI-0052,Dr. Danny Morgan,College of Arts and Sciences,Psychology,Neuroscience,National Institutes of Health,Federal,New,Declined,2022-09-25,2023-06-10,,,367000.0,0.0,0.0,0.0
PROP-000803,PI-0133,Dr. Mary Marshall,College of Engineering,Electrical Engineering,Renewable Energy,National Institutes of Health,Federal,New,Declined,2024-10-07,2025-08-02,,,581000.0,0.0,0.0,0.0
PROP-000804,PI-0019,Dr. Lisa Jackson,College of Business,Management,Business and Economics,Bluegrass Technology Corporation,Industry,Renewal,Awarded,2021-12-19,2022-03-03,2022-08-11,2026-08-10,237000.0,204181.11,159743.98,44437.13
PROP-000805,PI-0030,Dr. Anthony Rodriguez,College of Engineering,Mechanical Engineering,Data Science,Department of Agriculture,Federal,New,Declined,2021-10-23,2022-05-25,,,390000.0,0.0,0.0,0.0
PROP-000806,PI-0019,Dr. Lisa Jackson,College of Business,Management,Data Science,National Institutes of Health,Federal,Resubmission,Declined,2023-08-03,2023-09-08,,,429000.0,0.0,0.0,0.0
PROP-000807,PI-0168,Dr. Alyssa Day,College of Education,Educational Leadership,Social and Behavioral Science,Department of Energy,Federal,New,Declined,2024-08-22,2024-11-04,,,638000.0,0.0,0.0,0.0
PROP-000808,PI-0110,Dr. Sharon Cochran,College of Education,Educational Leadership,Education,State Department of Public Health,State,New,Withdrawn,2023-12-24,,,,153000.0,0.0,0.0,0.0
PROP-000809,PI-0108,Dr. Sierra Johnson,College of Engineering,Civil Engineering,Renewable Energy,National Science Foundation,Federal,Renewal,Pending,2025-08-01,,,,1386000.0,0.0,0.0,0.0
PROP-000810,PI-0175,Dr. Nicole Herring,College of Education,Educational Leadership,Social and Behavioral Science,National Institutes of Health,Federal,New,Awarded,2022-08-30,2023-06-24,2023-10-17,2024-10-16,276000.0,218307.54,187389.42,30918.12
PROP-000811,PI-0117,Dr. William Herrera,College of Agriculture,Plant and Soil Sciences,Renewable Energy,National Institutes of Health,Federal,New,Pending,2023-10-27,,,,470000.0,0.0,0.0,0.0
PROP-000812,PI-0171,Dr. Jamie Walton,College of Agriculture,Agricultural Economics,Environmental Science,National Aeronautics and Space Administration,Federal,Renewal,Declined,2022-04-07,2022-08-17,,,389000.0,0.0,0.0,0.0
PROP-000813,PI-0163,Dr. Lindsey Walker,College of Arts and Sciences,Biology,Environmental Science,Health Innovation Partners,Industry,New,Awarded,2023-03-11,2023-12-03,2024-02-28,2025-02-27,902000.0,857238.76,653685.71,203553.05
PROP-000814,PI-0030,Dr. Anthony Rodriguez,College of Engineering,Mechanical Engineering,Artificial Intelligence,National Institutes of Health,Federal,New,Declined,2025-01-24,2025-10-22,,,626000.0,0.0,0.0,0.0
PROP-000815,PI-0062,Dr. Gerald Hensley,College of Medicine,Biomedical Sciences,Biomedical Research,State Research Council,State,Resubmission,Awarded,2024-04-03,2024-05-17,2024-07-16,2027-07-16,409000.0,397563.53,322133.81,75429.72
PROP-000816,PI-0079,Dr. Steve Sanchez,College of Agriculture,Agricultural Economics,Renewable Energy,University Research Initiative,Internal,New,Declined,2024-10-03,2025-07-06,,,26000.0,0.0,0.0,0.0
PROP-000817,PI-0039,Dr. Elizabeth Fowler,College of Medicine,Neuroscience,Data Science,Health Innovation Partners,Industry,Renewal,Awarded,2025-05-22,2025-06-29,2025-10-03,2027-10-03,395000.0,373466.27,288408.7,85057.57
PROP-000818,PI-0128,Dr. Jason Powell,College of Arts and Sciences,Physics,Neuroscience,National Institutes of Health,Federal,New,Pending,2022-04-04,,,,1053000.0,0.0,0.0,0.0
PROP-000819,PI-0001,Dr. Allison Hill,College of Arts and Sciences,Biology,Social and Behavioral Science,National Science Foundation,Federal,New,Declined,2023-06-30,2023-08-23,,,575000.0,0.0,0.0,0.0
PROP-000820,PI-0148,Dr. Stephanie Salazar,College of Medicine,Internal Medicine,Public Health,National Science Foundation,Federal,Renewal,Awarded,2022-08-01,2022-10-18,2022-12-29,2027-12-28,1202000.0,1117779.14,833477.21,284301.93
PROP-000821,PI-0064,Dr. Donald Wright,College of Agriculture,Agricultural Economics,Data Science,Future Science Foundation,Foundation,Resubmission,Declined,2023-03-09,2023-08-24,,,135000.0,0.0,0.0,0.0
PROP-000822,PI-0074,Dr. Lauren Daniels,College of Agriculture,Agricultural Economics,Data Science,National Institutes of Health,Federal,New,Declined,2021-07-27,2021-11-04,,,1555000.0,0.0,0.0,0.0
PROP-000823,PI-0105,Dr. Richard Henson,College of Medicine,Biomedical Sciences,Public Health,Department of Energy,Federal,New,Declined,2022-05-30,2022-08-20,,,3030000.0,0.0,0.0,0.0
PROP-000824,PI-0012,Dr. Jamie Arnold,College of Arts and Sciences,Physics,Environmental Science,National Institutes of Health,Federal,New,Awarded,2024-08-18,2025-06-13,2025-11-26,2030-11-25,412000.0,364219.75,304632.77,59586.98
PROP-000825,PI-0049,Dr. Joshua Blair,College of Agriculture,Plant and Soil Sciences,Agriculture,Department of Defense,Federal,Resubmission,Awarded,2022-03-26,2022-10-01,2023-01-31,2025-01-30,387000.0,378107.87,297621.01,80486.86
PROP-000826,PI-0134,Dr. Daniel Kennedy,College of Medicine,Neuroscience,Data Science,Future Science Foundation,Foundation,New,Declined,2023-06-01,2023-09-27,,,486000.0,0.0,0.0,0.0
PROP-000827,PI-0082,Dr. Mike Allen,College of Medicine,Public Health,Public Health,National Institutes of Health,Federal,Resubmission,Awarded,2025-05-22,2025-08-24,2025-11-15,2027-11-15,1767000.0,1312364.68,986531.33,325833.35
PROP-000828,PI-0102,Dr. Cameron Parker,College of Arts and Sciences,Chemistry,Biomedical Research,Department of Defense,Federal,Renewal,Awarded,2021-08-08,2021-09-28,2021-12-17,2022-12-17,365000.0,340328.81,281120.71,59208.1
PROP-000829,PI-0147,Dr. Victoria Larson,College of Arts and Sciences,Physics,Biomedical Research,Advanced Manufacturing Solutions,Industry,New,Awarded,2022-03-01,2022-09-01,2022-10-03,2023-10-03,244000.0,237304.34,172297.05,65007.29
PROP-000830,PI-0044,Dr. Anthony Humphrey,College of Medicine,Internal Medicine,Biomedical Research,Community Health Foundation,Foundation,New,Pending,2022-07-14,,,,157000.0,0.0,0.0,0.0
PROP-000831,PI-0053,Dr. Crystal Robinson,College of Medicine,Public Health,Public Health,National Institutes of Health,Federal,New,Declined,2023-01-20,2023-08-16,,,197000.0,0.0,0.0,0.0
PROP-000832,PI-0076,Dr. Sarah Moore,College of Arts and Sciences,Chemistry,Social and Behavioral Science,National Science Foundation,Federal,New,Declined,2022-11-08,2023-08-23,,,271000.0,0.0,0.0,0.0
PROP-000833,PI-0039,Dr. Elizabeth Fowler,College of Medicine,Neuroscience,Biomedical Research,National Institutes of Health,Federal,New,Awarded,2022-09-18,2023-01-13,2023-06-29,2024-06-28,254000.0,232344.85,198654.13,33690.72
PROP-000834,PI-0017,Dr. Holly Wood,College of Arts and Sciences,Biology,Biomedical Research,Community Health Foundation,Foundation,Resubmission,Pending,2024-02-28,,,,115000.0,0.0,0.0,0.0
PROP-000835,PI-0139,Dr. David Alvarez,College of Medicine,Biomedical Sciences,Public Health,State Research Council,State,New,Declined,2022-02-05,2022-06-07,,,204000.0,0.0,0.0,0.0
PROP-000836,PI-0082,Dr. Mike Allen,College of Medicine,Public Health,Public Health,University Research Initiative,Internal,New,Awarded,2023-10-13,2024-01-14,2024-06-11,2025-06-11,61000.0,44765.07,38401.53,6363.54
PROP-000837,PI-0011,Dr. Monica Herrera,College of Agriculture,Plant and Soil Sciences,Environmental Science,Department of Agriculture,Federal,New,Awarded,2025-07-18,2025-10-15,2026-02-20,2029-02-19,1729000.0,1231363.66,943145.95,288217.71
PROP-000838,PI-0011,Dr. Monica Herrera,College of Agriculture,Plant and Soil Sciences,Renewable Energy,Department of Education,Federal,New,Withdrawn,2023-12-27,,,,256000.0,0.0,0.0,0.0
PROP-000839,PI-0062,Dr. Gerald Hensley,College of Medicine,Biomedical Sciences,Neuroscience,National Aeronautics and Space Administration,Federal,New,Pending,2022-07-22,,,,1131000.0,0.0,0.0,0.0
PROP-000840,PI-0093,Dr. Denise Jacobs,College of Medicine,Public Health,Biomedical Research,Future Science Foundation,Foundation,Resubmission,Pending,2023-07-23,,,,165000.0,0.0,0.0,0.0
PROP-000841,PI-0035,Dr. Debra Davidson,College of Medicine,Neuroscience,Neuroscience,National Institutes of Health,Federal,Renewal,Declined,2023-09-20,2024-05-31,,,521000.0,0.0,0.0,0.0
PROP-000842,PI-0157,Dr. Joshua Perry,College of Engineering,Electrical Engineering,Environmental Science,State Research Council,State,New,Awarded,2023-09-29,2024-01-23,2024-03-09,2027-03-09,324000.0,294357.61,252223.24,42134.37
PROP-000843,PI-0058,Dr. Richard Aguirre,College of Engineering,Civil Engineering,Data Science,Department of Energy,Federal,New,Withdrawn,2022-03-09,,,,233000.0,0.0,0.0,0.0
PROP-000844,PI-0178,Dr. Michael Wang,College of Engineering,Electrical Engineering,Data Science,Health Innovation Partners,Industry,Renewal,Awarded,2025-07-01,2026-02-20,2026-06-21,2030-06-20,428000.0,397950.83,319598.69,78352.14
PROP-000845,PI-0007,Dr. Abigail Shaffer,College of Engineering,Computer Science,Environmental Science,Education Advancement Foundation,Foundation,Supplement,Declined,2022-04-28,2023-01-15,,,211000.0,0.0,0.0,0.0
PROP-000846,PI-0109,Dr. Evelyn Galvan,College of Medicine,Public Health,Biomedical Research,National Institutes of Health,Federal,New,Awarded,2022-04-02,2022-06-05,2022-11-09,2023-11-09,782000.0,554373.14,456410.84,97962.3
PROP-000847,PI-0101,Dr. Sandra Aguilar,College of Medicine,Neuroscience,Neuroscience,Department of Energy,Federal,Renewal,Awarded,2024-12-25,2025-10-17,2026-03-22,2030-03-21,671000.0,595156.73,491851.81,103304.92
PROP-000848,PI-0071,Dr. Jordan Henderson,College of Engineering,Electrical Engineering,Data Science,National Science Foundation,Federal,New,Declined,2024-07-15,2025-02-05,,,3407000.0,0.0,0.0,0.0
PROP-000849,PI-0005,Dr. Cristian Santos,College of Arts and Sciences,Biology,Neuroscience,National Aeronautics and Space Administration,Federal,Supplement,Awarded,2023-11-29,2024-08-15,2024-12-03,2028-12-02,335000.0,322952.63,237912.35,85040.28
PROP-000850,PI-0103,Dr. Rebecca Valencia,College of Medicine,Internal Medicine,Data Science,Department of Defense,Federal,New,Declined,2023-03-13,2023-07-05,,,363000.0,0.0,0.0,0.0
PROP-000851,PI-0109,Dr. Evelyn Galvan,College of Medicine,Public Health,Data Science,Department of Defense,Federal,New,Declined,2022-02-10,2022-11-18,,,339000.0,0.0,0.0,0.0
PROP-000852,PI-0142,Dr. David Douglas Jr.,College of Business,Finance,Social and Behavioral Science,National Aeronautics and Space Administration,Federal,New,Declined,2024-08-25,2024-12-13,,,356000.0,0.0,0.0,0.0
PROP-000853,PI-0038,Dr. Cassandra Gaines,College of Agriculture,Animal Sciences,Agriculture,Department of Defense,Federal,New,Withdrawn,2024-12-15,,,,335000.0,0.0,0.0,0.0
PROP-000854,PI-0113,Dr. Julia Torres,College of Medicine,Public Health,Public Health,Bluegrass Technology Corporation,Industry,New,Awarded,2024-10-22,2025-05-18,2025-11-13,2026-11-13,753000.0,537292.26,449805.38,87486.88
PROP-000855,PI-0121,Dr. Larry Dixon,College of Education,Educational Leadership,Data Science,Department of Energy,Federal,New,Declined,2023-07-02,2024-02-27,,,1568000.0,0.0,0.0,0.0
PROP-000856,PI-0015,Dr. Dylan Miller,College of Engineering,Civil Engineering,Renewable Energy,National Institutes of Health,Federal,New,Awarded,2023-04-01,2023-06-03,2023-09-19,2024-09-18,352000.0,308971.34,261839.14,47132.2
PROP-000857,PI-0006,Dr. Connie Lawrence,College of Engineering,Electrical Engineering,Renewable Energy,National Science Foundation,Federal,New,Awarded,2025-03-09,2025-11-09,2026-02-15,2027-02-15,289000.0,277154.05,221592.12,55561.93
PROP-000858,PI-0076,Dr. Sarah Moore,College of Arts and Sciences,Chemistry,Data Science,Centers for Disease Control and Prevention,Federal,Supplement,Declined,2023-09-08,2024-03-21,,,770000.0,0.0,0.0,0.0
PROP-000859,PI-0127,Dr. Michelle Evans,College of Business,Finance,Social and Behavioral Science,National Institutes of Health,Federal,New,Declined,2022-08-26,2023-03-16,,,357000.0,0.0,0.0,0.0
PROP-000860,PI-0062,Dr. Gerald Hensley,College of Medicine,Biomedical Sciences,Data Science,Department of Agriculture,Federal,Renewal,Awarded,2024-12-11,2025-04-23,2025-09-27,2026-09-27,869000.0,686385.1,587353.38,99031.72
PROP-000861,PI-0001,Dr. Allison Hill,College of Arts and Sciences,Biology,Neuroscience,National Science Foundation,Federal,New,Awarded,2024-09-17,2024-12-03,2025-05-30,2026-05-30,629000.0,516162.56,387960.19,128202.37
PROP-000862,PI-0080,Dr. Lisa Barnes,College of Engineering,Mechanical Engineering,Environmental Science,Department of Energy,Federal,New,Declined,2024-02-29,2024-11-03,,,173000.0,0.0,0.0,0.0
PROP-000863,PI-0005,Dr. Cristian Santos,College of Arts and Sciences,Biology,Environmental Science,Department of Energy,Federal,New,Declined,2024-04-29,2024-10-29,,,1725000.0,0.0,0.0,0.0
PROP-000864,PI-0156,Dr. Michelle Brown,College of Arts and Sciences,Biology,Data Science,State Research Council,State,New,Awarded,2022-11-27,2023-03-29,2023-05-02,2028-04-30,672000.0,596392.72,467245.07,129147.65
PROP-000865,PI-0165,Dr. Michael Powell,College of Business,Marketing,Business and Economics,Centers for Disease Control and Prevention,Federal,New,Withdrawn,2025-08-29,,,,341000.0,0.0,0.0,0.0
PROP-000866,PI-0111,Dr. Richard Rodriguez,College of Medicine,Public Health,Data Science,National Science Foundation,Federal,Renewal,Declined,2023-12-06,2024-02-04,,,404000.0,0.0,0.0,0.0
PROP-000867,PI-0147,Dr. Victoria Larson,College of Arts and Sciences,Physics,Neuroscience,National Science Foundation,Federal,New,Awarded,2025-05-04,2025-12-30,2026-04-20,2027-04-20,670000.0,622871.55,522076.66,100794.89
PROP-000868,PI-0093,Dr. Denise Jacobs,College of Medicine,Public Health,Neuroscience,Health Innovation Partners,Industry,New,Awarded,2022-05-25,2023-01-17,2023-04-18,2024-04-17,414000.0,321650.67,258662.63,62988.04
PROP-000869,PI-0091,Dr. Matthew Mcmillan,College of Arts and Sciences,Chemistry,Environmental Science,National Science Foundation,Federal,New,Declined,2024-02-06,2024-11-10,,,886000.0,0.0,0.0,0.0
PROP-000870,PI-0116,Dr. Diana May,College of Arts and Sciences,Biology,Neuroscience,University Research Initiative,Internal,New,Pending,2022-08-18,,,,148000.0,0.0,0.0,0.0
PROP-000871,PI-0083,Dr. Michael Evans,College of Engineering,Electrical Engineering,Data Science,National Science Foundation,Federal,New,Declined,2023-01-20,2023-05-20,,,473000.0,0.0,0.0,0.0
PROP-000872,PI-0025,Dr. Matthew Foster,College of Agriculture,Plant and Soil Sciences,Agriculture,Regional Research Alliance,Nonprofit,New,Awarded,2021-12-19,2022-02-19,2022-07-03,2025-07-02,87000.0,69092.91,52629.25,16463.66
PROP-000873,PI-0054,Dr. Mark Perez,College of Medicine,Biomedical Sciences,Biomedical Research,Department of Defense,Federal,Resubmission,Pending,2022-10-27,,,,192000.0,0.0,0.0,0.0
PROP-000874,PI-0052,Dr. Danny Morgan,College of Arts and Sciences,Psychology,Biomedical Research,Centers for Disease Control and Prevention,Federal,New,Awarded,2025-03-22,2026-01-14,2026-04-18,2030-04-17,312000.0,295992.68,252468.27,43524.41
PROP-000875,PI-0164,Dr. Jeffrey Johnson,College of Medicine,Public Health,Biomedical Research,National Science Foundation,Federal,New,Declined,2023-05-06,2023-12-21,,,527000.0,0.0,0.0,0.0
PROP-000876,PI-0059,Dr. Brent Jordan,College of Engineering,Computer Science,Data Science,Community Health Foundation,Foundation,New,Awarded,2022-09-12,2023-02-19,2023-08-18,2024-08-17,607000.0,601523.06,470106.25,131416.81
PROP-000877,PI-0046,Dr. Philip Cannon,College of Education,Curriculum and Instruction,Social and Behavioral Science,National Aeronautics and Space Administration,Federal,Renewal,Awarded,2024-07-22,2025-01-10,2025-03-18,2028-03-17,367000.0,303558.32,247577.12,55981.2
PROP-000878,PI-0069,Dr. James Brown,College of Engineering,Mechanical Engineering,Advanced Manufacturing,State Department of Public Health,State,Resubmission,Awarded,2024-11-22,2025-01-18,2025-04-19,2028-04-18,242000.0,171927.16,141585.96,30341.2
PROP-000879,PI-0012,Dr. Jamie Arnold,College of Arts and Sciences,Physics,Neuroscience,Department of Energy,Federal,Renewal,Declined,2025-05-04,2025-08-04,,,534000.0,0.0,0.0,0.0
PROP-000880,PI-0169,Dr. Joel Williams,College of Engineering,Mechanical Engineering,Environmental Science,Health Innovation Partners,Industry,Resubmission,Awarded,2023-09-13,2024-03-15,2024-05-07,2026-05-07,753000.0,736623.92,625032.57,111591.35
PROP-000881,PI-0179,Dr. Lawrence Adkins,College of Medicine,Internal Medicine,Public Health,National Science Foundation,Federal,Resubmission,Pending,2025-01-14,,,,3596000.0,0.0,0.0,0.0
PROP-000882,PI-0180,Dr. Robert Oconnell,College of Education,Curriculum and Instruction,Social and Behavioral Science,Future Science Foundation,Foundation,Renewal,Declined,2021-09-08,2022-02-25,,,134000.0,0.0,0.0,0.0
PROP-000883,PI-0162,Dr. Jennifer Adkins,College of Education,Educational Leadership,Education,Advanced Manufacturing Solutions,Industry,Supplement,Awarded,2023-10-24,2024-06-26,2024-08-20,2026-08-20,233000.0,227862.16,174674.83,53187.33
PROP-000884,PI-0014,Dr. Michele Williams,College of Business,Management,Social and Behavioral Science,National Science Foundation,Federal,New,Declined,2025-08-02,2026-02-15,,,1182000.0,0.0,0.0,0.0
PROP-000885,PI-0011,Dr. Monica Herrera,College of Agriculture,Plant and Soil Sciences,Renewable Energy,State Research Council,State,Renewal,Declined,2022-07-12,2023-03-26,,,326000.0,0.0,0.0,0.0
PROP-000886,PI-0069,Dr. James Brown,College of Engineering,Mechanical Engineering,Data Science,National Institutes of Health,Federal,New,Awarded,2024-09-22,2025-07-13,2025-09-14,2030-09-13,2159000.0,1564561.7,1161053.64,403508.06
PROP-000887,PI-0005,Dr. Cristian Santos,College of Arts and Sciences,Biology,Data Science,Advanced Manufacturing Solutions,Industry,New,Awarded,2025-08-14,2026-02-27,2026-06-09,2028-06-08,493000.0,364846.1,271550.23,93295.87
PROP-000888,PI-0065,Dr. Jessica Callahan,College of Arts and Sciences,Chemistry,Biomedical Research,Department of Defense,Federal,New,Pending,2024-09-11,,,,413000.0,0.0,0.0,0.0
PROP-000889,PI-0063,Dr. Connor West,College of Education,Curriculum and Instruction,Education,National Institutes of Health,Federal,New,Declined,2024-12-05,2025-05-01,,,842000.0,0.0,0.0,0.0
PROP-000890,PI-0159,Dr. Melissa Gates,College of Arts and Sciences,Chemistry,Biomedical Research,Regional Research Alliance,Nonprofit,New,Declined,2022-06-11,2022-08-05,,,272000.0,0.0,0.0,0.0
PROP-000891,PI-0123,Dr. April Frost,College of Medicine,Neuroscience,Data Science,Department of Education,Federal,New,Awarded,2023-07-24,2023-08-30,2024-02-10,2028-02-09,1000000.0,751036.87,600389.39,150647.48
PROP-000892,PI-0085,Dr. Zachary Ferrell,College of Arts and Sciences,Chemistry,Data Science,Advanced Manufacturing Solutions,Industry,New,Awarded,2022-08-21,2023-02-03,2023-05-17,2027-05-16,467000.0,353595.24,297257.31,56337.93
PROP-000893,PI-0106,Dr. Marc Moore,College of Engineering,Computer Science,Advanced Manufacturing,National Institutes of Health,Federal,Resubmission,Declined,2023-01-31,2023-06-06,,,1203000.0,0.0,0.0,0.0
PROP-000894,PI-0137,Dr. Robert Potter,College of Medicine,Public Health,Data Science,National Science Foundation,Federal,Renewal,Awarded,2022-12-19,2023-05-25,2023-09-26,2028-09-24,1299000.0,1001068.75,783973.71,217095.04
PROP-000895,PI-0045,Dr. Angelica Tucker,College of Agriculture,Animal Sciences,Renewable Energy,National Institutes of Health,Federal,New,Pending,2025-05-20,,,,1524000.0,0.0,0.0,0.0
PROP-000896,PI-0164,Dr. Jeffrey Johnson,College of Medicine,Public Health,Data Science,State Research Council,State,Renewal,Declined,2025-08-16,2026-01-24,,,319000.0,0.0,0.0,0.0
PROP-000897,PI-0135,Dr. Rebecca Jackson,College of Business,Finance,Business and Economics,National Institutes of Health,Federal,New,Awarded,2022-10-24,2022-12-16,2023-01-16,2026-01-15,477000.0,401290.43,308834.01,92456.42
PROP-000898,PI-0095,Dr. John Whitehead,College of Engineering,Civil Engineering,Environmental Science,Department of Education,Federal,New,Declined,2023-07-30,2023-11-04,,,603000.0,0.0,0.0,0.0
PROP-000899,PI-0086,Dr. Daniel Baker,College of Arts and Sciences,Biology,Neuroscience,National Institutes of Health,Federal,New,Awarded,2024-04-05,2024-07-11,2024-09-01,2027-09-01,1336000.0,1308075.04,1102583.7,205491.34
PROP-000900,PI-0149,Dr. Kathy Rivas,College of Education,Educational Leadership,Data Science,National Aeronautics and Space Administration,Federal,New,Awarded,2021-09-29,2022-03-21,2022-07-21,2026-07-20,293000.0,291111.61,229946.0,61165.61
PROP-000901,PI-0167,Dr. Alyssa Long,College of Education,Educational Leadership,Social and Behavioral Science,Future Science Foundation,Foundation,New,Declined,2022-12-23,2023-10-13,,,240000.0,0.0,0.0,0.0
PROP-000902,PI-0115,Dr. Garrett Lin,College of Engineering,Computer Science,Renewable Energy,Department of Defense,Federal,New,Declined,2024-04-02,2024-07-18,,,402000.0,0.0,0.0,0.0
PROP-000903,PI-0001,Dr. Allison Hill,College of Arts and Sciences,Biology,Neuroscience,Health Innovation Partners,Industry,Renewal,Declined,2021-10-17,2022-02-20,,,334000.0,0.0,0.0,0.0
PROP-000904,PI-0084,Dr. Paul Jones,College of Engineering,Computer Science,Data Science,National Institutes of Health,Federal,New,Declined,2022-05-31,2023-02-24,,,1410000.0,0.0,0.0,0.0
PROP-000905,PI-0004,Dr. Daniel Wagner,College of Arts and Sciences,Biology,Data Science,National Institutes of Health,Federal,Resubmission,Declined,2023-12-22,2024-07-21,,,624000.0,0.0,0.0,0.0
PROP-000906,PI-0143,Dr. Patricia Rodriguez,College of Medicine,Biomedical Sciences,Data Science,Department of Defense,Federal,New,Declined,2022-04-30,2022-08-01,,,560000.0,0.0,0.0,0.0
PROP-000907,PI-0025,Dr. Matthew Foster,College of Agriculture,Plant and Soil Sciences,Data Science,National Institutes of Health,Federal,Resubmission,Awarded,2022-06-10,2022-10-26,2023-04-23,2024-04-22,195000.0,180371.29,150638.89,29732.4
PROP-000908,PI-0154,Dr. Devon Flores,College of Engineering,Civil Engineering,Environmental Science,Bluegrass Technology Corporation,Industry,New,Pending,2022-11-17,,,,553000.0,0.0,0.0,0.0
PROP-000909,PI-0086,Dr. Daniel Baker,College of Arts and Sciences,Biology,Data Science,State Research Council,State,Resubmission,Awarded,2025-04-26,2025-12-03,2026-01-29,2029-01-28,318000.0,316219.31,233078.53,83140.78
PROP-000910,PI-0049,Dr. Joshua Blair,College of Agriculture,Plant and Soil Sciences,Environmental Science,National Institutes of Health,Federal,New,Declined,2024-03-09,2024-11-26,,,2737000.0,0.0,0.0,0.0
PROP-000911,PI-0086,Dr. Daniel Baker,College of Arts and Sciences,Biology,Social and Behavioral Science,Centers for Disease Control and Prevention,Federal,New,Withdrawn,2025-03-05,,,,429000.0,0.0,0.0,0.0
PROP-000912,PI-0034,Dr. Nathan Maldonado,College of Engineering,Civil Engineering,Environmental Science,Education Advancement Foundation,Foundation,New,Declined,2025-08-12,2025-11-16,,,218000.0,0.0,0.0,0.0
PROP-000913,PI-0036,Dr. Jeffrey Chavez,College of Arts and Sciences,Biology,Environmental Science,Health Innovation Partners,Industry,Resubmission,Awarded,2021-10-22,2022-06-04,2022-07-27,2026-07-26,390000.0,360024.6,286796.27,73228.33
PROP-000914,PI-0075,Dr. Amy Silva,College of Agriculture,Plant and Soil Sciences,Data Science,National Science Foundation,Federal,Supplement,Pending,2021-12-30,,,,1764000.0,0.0,0.0,0.0
PROP-000915,PI-0011,Dr. Monica Herrera,College of Agriculture,Plant and Soil Sciences,Agriculture,Health Innovation Partners,Industry,New,Declined,2023-02-04,2023-05-23,,,307000.0,0.0,0.0,0.0
PROP-000916,PI-0057,Dr. Timothy Duncan,College of Agriculture,Animal Sciences,Agriculture,National Science Foundation,Federal,Resubmission,Declined,2023-03-28,2023-07-03,,,666000.0,0.0,0.0,0.0
PROP-000917,PI-0075,Dr. Amy Silva,College of Agriculture,Plant and Soil Sciences,Data Science,State Research Council,State,Resubmission,Declined,2024-03-29,2024-12-12,,,310000.0,0.0,0.0,0.0
PROP-000918,PI-0102,Dr. Cameron Parker,College of Arts and Sciences,Chemistry,Data Science,Department of Agriculture,Federal,New,Declined,2023-11-13,2024-06-18,,,622000.0,0.0,0.0,0.0
PROP-000919,PI-0139,Dr. David Alvarez,College of Medicine,Biomedical Sciences,Neuroscience,Department of Defense,Federal,New,Awarded,2023-05-31,2023-09-17,2024-02-20,2029-02-18,387000.0,383896.85,312761.38,71135.47
PROP-000920,PI-0177,Dr. Michael Elliott,College of Medicine,Neuroscience,Biomedical Research,National Science Foundation,Federal,New,Pending,2024-03-05,,,,625000.0,0.0,0.0,0.0
PROP-000921,PI-0069,Dr. James Brown,College of Engineering,Mechanical Engineering,Renewable Energy,National Institutes of Health,Federal,New,Pending,2022-11-22,,,,1209000.0,0.0,0.0,0.0
PROP-000922,PI-0007,Dr. Abigail Shaffer,College of Engineering,Computer Science,Environmental Science,Department of Defense,Federal,New,Declined,2021-10-01,2022-07-20,,,250000.0,0.0,0.0,0.0
PROP-000923,PI-0059,Dr. Brent Jordan,College of Engineering,Computer Science,Artificial Intelligence,Department of Agriculture,Federal,New,Declined,2025-07-15,2025-12-21,,,597000.0,0.0,0.0,0.0
PROP-000924,PI-0140,Dr. Angel Perry,College of Arts and Sciences,Physics,Social and Behavioral Science,National Science Foundation,Federal,New,Declined,2022-02-19,2022-11-12,,,320000.0,0.0,0.0,0.0
PROP-000925,PI-0165,Dr. Michael Powell,College of Business,Marketing,Business and Economics,Bluegrass Technology Corporation,Industry,Resubmission,Awarded,2023-10-31,2024-07-19,2024-12-11,2029-12-10,757000.0,729011.14,555266.39,173744.75
PROP-000926,PI-0172,Dr. Darlene Miller,College of Agriculture,Animal Sciences,Data Science,Department of Energy,Federal,Resubmission,Declined,2022-09-06,2023-01-08,,,172000.0,0.0,0.0,0.0
PROP-000927,PI-0031,Dr. Rebecca Henderson,College of Arts and Sciences,Biology,Biomedical Research,Bluegrass Technology Corporation,Industry,New,Pending,2022-02-03,,,,222000.0,0.0,0.0,0.0
PROP-000928,PI-0178,Dr. Michael Wang,College of Engineering,Electrical Engineering,Advanced Manufacturing,National Aeronautics and Space Administration,Federal,New,Awarded,2022-06-17,2023-02-09,2023-07-13,2026-07-12,717000.0,642962.79,504354.69,138608.1
PROP-000929,PI-0125,Dr. Helen Jones,College of Arts and Sciences,Psychology,Neuroscience,Advanced Manufacturing Solutions,Industry,New,Declined,2025-05-14,2026-01-01,,,981000.0,0.0,0.0,0.0
PROP-000930,PI-0090,Dr. Aimee Montoya,College of Medicine,Internal Medicine,Public Health,National Institutes of Health,Federal,New,Awarded,2021-08-02,2021-09-14,2021-12-06,2025-12-05,514000.0,467128.2,348641.58,118486.62
PROP-000931,PI-0087,Dr. Shirley Suarez,College of Engineering,Computer Science,Data Science,State Research Council,State,New,Declined,2024-07-08,2024-11-12,,,146000.0,0.0,0.0,0.0
PROP-000932,PI-0007,Dr. Abigail Shaffer,College of Engineering,Computer Science,Artificial Intelligence,National Science Foundation,Federal,New,Declined,2021-08-14,2021-11-11,,,2215000.0,0.0,0.0,0.0
PROP-000933,PI-0129,Dr. Cameron Fisher,College of Engineering,Civil Engineering,Data Science,Future Science Foundation,Foundation,Renewal,Declined,2024-03-20,2024-12-16,,,74000.0,0.0,0.0,0.0
PROP-000934,PI-0131,Dr. Elizabeth Kelley,College of Medicine,Biomedical Sciences,Biomedical Research,Health Innovation Partners,Industry,New,Awarded,2024-09-09,2025-03-28,2025-04-29,2026-04-29,70000.0,66418.47,51463.86,14954.61
PROP-000935,PI-0035,Dr. Debra Davidson,College of Medicine,Neuroscience,Data Science,Regional Research Alliance,Nonprofit,Resubmission,Declined,2024-11-02,2025-04-29,,,182000.0,0.0,0.0,0.0
PROP-000936,PI-0013,Dr. Lisa Hensley,College of Medicine,Neuroscience,Biomedical Research,Department of Agriculture,Federal,New,Declined,2024-12-04,2025-09-09,,,371000.0,0.0,0.0,0.0
PROP-000937,PI-0016,Dr. Brian Ramirez,College of Engineering,Mechanical Engineering,Data Science,State Department of Public Health,State,New,Declined,2023-04-08,2023-06-09,,,108000.0,0.0,0.0,0.0
PROP-000938,PI-0113,Dr. Julia Torres,College of Medicine,Public Health,Public Health,Future Science Foundation,Foundation,New,Declined,2024-04-09,2024-11-02,,,300000.0,0.0,0.0,0.0
PROP-000939,PI-0146,Dr. Joyce Solis,College of Arts and Sciences,Chemistry,Data Science,State Research Council,State,New,Awarded,2022-07-29,2023-05-14,2023-08-08,2028-08-06,245000.0,205989.17,160946.65,45042.52
PROP-000940,PI-0139,Dr. David Alvarez,College of Medicine,Biomedical Sciences,Public Health,Community Health Foundation,Foundation,Resubmission,Declined,2024-02-15,2024-05-22,,,131000.0,0.0,0.0,0.0
PROP-000941,PI-0030,Dr. Anthony Rodriguez,College of Engineering,Mechanical Engineering,Renewable Energy,State Department of Public Health,State,New,Awarded,2025-04-09,2026-01-05,2026-03-17,2031-03-16,91000.0,81513.26,62800.73,18712.53
PROP-000942,PI-0033,Dr. Tricia Valencia,College of Arts and Sciences,Chemistry,Environmental Science,National Science Foundation,Federal,Renewal,Declined,2022-03-22,2022-07-18,,,1040000.0,0.0,0.0,0.0
PROP-000943,PI-0060,Dr. John Daniel,College of Business,Marketing,Business and Economics,National Institutes of Health,Federal,New,Declined,2024-04-07,2024-10-09,,,880000.0,0.0,0.0,0.0
PROP-000944,PI-0081,Dr. Kelly Donovan,College of Medicine,Internal Medicine,Neuroscience,National Science Foundation,Federal,New,Awarded,2022-12-17,2023-09-30,2023-11-07,2024-11-06,502000.0,405170.81,300719.71,104451.1
PROP-000945,PI-0108,Dr. Sierra Johnson,College of Engineering,Civil Engineering,Renewable Energy,Department of Defense,Federal,New,Awarded,2022-10-02,2023-05-01,2023-06-11,2028-06-09,2159000.0,1826318.8,1569013.85,257304.95
PROP-000946,PI-0072,Dr. Whitney Peters,College of Education,Educational Leadership,Social and Behavioral Science,Future Science Foundation,Foundation,Resubmission,Pending,2024-11-19,,,,94000.0,0.0,0.0,0.0
PROP-000947,PI-0174,Dr. Matthew Harrington,College of Medicine,Biomedical Sciences,Biomedical Research,State Department of Public Health,State,Resubmission,Declined,2024-01-23,2024-04-18,,,78000.0,0.0,0.0,0.0
PROP-000948,PI-0006,Dr. Connie Lawrence,College of Engineering,Electrical Engineering,Artificial Intelligence,Bluegrass Technology Corporation,Industry,New,Pending,2022-01-25,,,,202000.0,0.0,0.0,0.0
PROP-000949,PI-0154,Dr. Devon Flores,College of Engineering,Civil Engineering,Environmental Science,National Institutes of Health,Federal,New,Declined,2022-08-25,2023-03-28,,,522000.0,0.0,0.0,0.0
PROP-000950,PI-0031,Dr. Rebecca Henderson,College of Arts and Sciences,Biology,Environmental Science,State Department of Public Health,State,Renewal,Declined,2024-04-16,2024-07-05,,,245000.0,0.0,0.0,0.0
PROP-000951,PI-0165,Dr. Michael Powell,College of Business,Marketing,Business and Economics,State Research Council,State,New,Awarded,2022-08-18,2022-09-20,2022-12-21,2026-12-20,179000.0,148880.12,115859.25,33020.87
PROP-000952,PI-0132,Dr. Dustin Jordan,College of Engineering,Computer Science,Renewable Energy,National Science Foundation,Federal,New,Awarded,2025-07-04,2025-12-06,2026-02-12,2031-02-11,704000.0,652223.31,502531.59,149691.72
PROP-000953,PI-0009,Dr. Gabrielle Davis,College of Engineering,Mechanical Engineering,Advanced Manufacturing,Bluegrass Technology Corporation,Industry,New,Awarded,2023-10-17,2024-08-06,2024-12-06,2025-12-06,136000.0,131841.06,112494.4,19346.66
PROP-000954,PI-0021,Dr. Margaret Hawkins DDS,College of Agriculture,Agricultural Economics,Renewable Energy,National Institutes of Health,Federal,New,Declined,2021-11-20,2022-02-01,,,1596000.0,0.0,0.0,0.0
PROP-000955,PI-0162,Dr. Jennifer Adkins,College of Education,Educational Leadership,Social and Behavioral Science,Department of Energy,Federal,Supplement,Awarded,2021-11-03,2022-02-18,2022-08-14,2023-08-14,508000.0,415533.78,301342.24,114191.54
PROP-000956,PI-0180,Dr. Robert Oconnell,College of Education,Curriculum and Instruction,Data Science,University Research Initiative,Internal,Renewal,Declined,2023-02-26,2023-10-28,,,95000.0,0.0,0.0,0.0
PROP-000957,PI-0086,Dr. Daniel Baker,College of Arts and Sciences,Biology,Data Science,Future Science Foundation,Foundation,Renewal,Pending,2025-07-17,,,,236000.0,0.0,0.0,0.0
PROP-000958,PI-0177,Dr. Michael Elliott,College of Medicine,Neuroscience,Public Health,Future Science Foundation,Foundation,New,Awarded,2024-06-15,2025-02-06,2025-06-30,2027-06-30,254000.0,224312.56,166117.06,58195.5
PROP-000959,PI-0109,Dr. Evelyn Galvan,College of Medicine,Public Health,Data Science,State Research Council,State,Resubmission,Declined,2023-10-07,2024-02-15,,,303000.0,0.0,0.0,0.0
PROP-000960,PI-0030,Dr. Anthony Rodriguez,College of Engineering,Mechanical Engineering,Renewable Energy,National Institutes of Health,Federal,New,Declined,2025-07-12,2025-10-14,,,756000.0,0.0,0.0,0.0
PROP-000961,PI-0071,Dr. Jordan Henderson,College of Engineering,Electrical Engineering,Environmental Science,University Research Initiative,Internal,New,Awarded,2024-08-04,2024-11-23,2024-12-28,2025-12-28,75000.0,59525.68,45697.82,13827.86
PROP-000962,PI-0034,Dr. Nathan Maldonado,College of Engineering,Civil Engineering,Environmental Science,Centers for Disease Control and Prevention,Federal,New,Declined,2025-07-27,2026-03-30,,,1464000.0,0.0,0.0,0.0
PROP-000963,PI-0032,Dr. James Ferrell,College of Arts and Sciences,Chemistry,Neuroscience,National Institutes of Health,Federal,New,Declined,2025-01-05,2025-10-21,,,626000.0,0.0,0.0,0.0
PROP-000964,PI-0087,Dr. Shirley Suarez,College of Engineering,Computer Science,Renewable Energy,National Institutes of Health,Federal,Renewal,Pending,2024-01-06,,,,920000.0,0.0,0.0,0.0
PROP-000965,PI-0015,Dr. Dylan Miller,College of Engineering,Civil Engineering,Renewable Energy,Centers for Disease Control and Prevention,Federal,New,Awarded,2022-10-27,2023-03-25,2023-07-22,2026-07-21,505000.0,475516.22,408211.66,67304.56
PROP-000966,PI-0134,Dr. Daniel Kennedy,College of Medicine,Neuroscience,Public Health,State Research Council,State,Resubmission,Declined,2022-04-13,2022-11-22,,,533000.0,0.0,0.0,0.0
PROP-000967,PI-0128,Dr. Jason Powell,College of Arts and Sciences,Physics,Neuroscience,State Department of Public Health,State,New,Declined,2022-07-30,2023-03-01,,,135000.0,0.0,0.0,0.0
PROP-000968,PI-0011,Dr. Monica Herrera,College of Agriculture,Plant and Soil Sciences,Renewable Energy,National Institutes of Health,Federal,Renewal,Declined,2021-12-15,2022-03-02,,,2086000.0,0.0,0.0,0.0
PROP-000969,PI-0099,Dr. Jessica Smith,College of Engineering,Mechanical Engineering,Artificial Intelligence,Department of Defense,Federal,New,Awarded,2021-12-07,2022-09-28,2023-02-06,2026-02-05,524000.0,424853.05,337195.58,87657.47
PROP-000970,PI-0038,Dr. Cassandra Gaines,College of Agriculture,Animal Sciences,Renewable Energy,Department of Education,Federal,Supplement,Declined,2024-03-29,2024-11-27,,,185000.0,0.0,0.0,0.0
PROP-000971,PI-0035,Dr. Debra Davidson,College of Medicine,Neuroscience,Neuroscience,National Institutes of Health,Federal,New,Declined,2022-03-22,2023-01-08,,,595000.0,0.0,0.0,0.0
PROP-000972,PI-0139,Dr. David Alvarez,College of Medicine,Biomedical Sciences,Biomedical Research,State Research Council,State,New,Awarded,2022-05-18,2022-08-16,2022-12-28,2023-12-28,134000.0,131751.6,101673.56,30078.04
PROP-000973,PI-0168,Dr. Alyssa Day,College of Education,Educational Leadership,Education,Department of Energy,Federal,New,Declined,2022-02-27,2022-10-05,,,1015000.0,0.0,0.0,0.0
PROP-000974,PI-0090,Dr. Aimee Montoya,College of Medicine,Internal Medicine,Public Health,University Research Initiative,Internal,New,Awarded,2022-04-19,2022-06-12,2022-09-28,2025-09-27,39000.0,28963.04,23244.21,5718.83
PROP-000975,PI-0151,Dr. David Wright,College of Agriculture,Plant and Soil Sciences,Environmental Science,National Science Foundation,Federal,Renewal,Awarded,2024-07-26,2025-03-26,2025-08-26,2030-08-25,387000.0,311378.14,262136.71,49241.43
PROP-000976,PI-0069,Dr. James Brown,College of Engineering,Mechanical Engineering,Renewable Energy,Centers for Disease Control and Prevention,Federal,Resubmission,Declined,2024-02-29,2024-06-05,,,131000.0,0.0,0.0,0.0
PROP-000977,PI-0079,Dr. Steve Sanchez,College of Agriculture,Agricultural Economics,Environmental Science,Department of Agriculture,Federal,New,Declined,2024-01-06,2024-04-21,,,385000.0,0.0,0.0,0.0
PROP-000978,PI-0059,Dr. Brent Jordan,College of Engineering,Computer Science,Renewable Energy,National Institutes of Health,Federal,Renewal,Declined,2023-09-02,2024-01-29,,,88000.0,0.0,0.0,0.0
PROP-000979,PI-0011,Dr. Monica Herrera,College of Agriculture,Plant and Soil Sciences,Renewable Energy,Department of Energy,Federal,New,Declined,2023-12-25,2024-06-14,,,165000.0,0.0,0.0,0.0
PROP-000980,PI-0008,Dr. Gina Moore,College of Arts and Sciences,Psychology,Biomedical Research,Health Innovation Partners,Industry,Renewal,Declined,2025-06-18,2025-12-23,,,558000.0,0.0,0.0,0.0
PROP-000981,PI-0052,Dr. Danny Morgan,College of Arts and Sciences,Psychology,Neuroscience,State Research Council,State,Renewal,Awarded,2024-12-19,2025-10-12,2025-12-29,2029-12-28,348000.0,300167.5,247958.2,52209.3
PROP-000982,PI-0004,Dr. Daniel Wagner,College of Arts and Sciences,Biology,Neuroscience,Future Science Foundation,Foundation,New,Pending,2022-07-04,,,,249000.0,0.0,0.0,0.0
PROP-000983,PI-0053,Dr. Crystal Robinson,College of Medicine,Public Health,Biomedical Research,National Science Foundation,Federal,New,Declined,2024-09-29,2025-06-13,,,262000.0,0.0,0.0,0.0
PROP-000984,PI-0135,Dr. Rebecca Jackson,College of Business,Finance,Business and Economics,Advanced Manufacturing Solutions,Industry,New,Awarded,2021-10-01,2022-04-23,2022-09-11,2024-09-10,317000.0,268639.09,228541.71,40097.38
PROP-000985,PI-0133,Dr. Mary Marshall,College of Engineering,Electrical Engineering,Advanced Manufacturing,National Institutes of Health,Federal,New,Declined,2022-01-03,2022-04-01,,,539000.0,0.0,0.0,0.0
PROP-000986,PI-0010,Dr. Ryan Munoz,College of Agriculture,Plant and Soil Sciences,Agriculture,National Aeronautics and Space Administration,Federal,New,Awarded,2021-12-31,2022-04-26,2022-06-10,2027-06-09,227000.0,169402.88,144552.0,24850.88
PROP-000987,PI-0136,Dr. Jose Schultz,College of Education,Curriculum and Instruction,Social and Behavioral Science,National Science Foundation,Federal,Renewal,Awarded,2022-01-19,2022-08-02,2022-11-06,2026-11-05,1669000.0,1328544.76,1033335.73,295209.03
PROP-000988,PI-0058,Dr. Richard Aguirre,College of Engineering,Civil Engineering,Artificial Intelligence,National Institutes of Health,Federal,New,Declined,2022-10-28,2023-08-06,,,1043000.0,0.0,0.0,0.0
PROP-000989,PI-0073,Dr. Brittney Phillips,College of Engineering,Civil Engineering,Environmental Science,Bluegrass Technology Corporation,Industry,New,Awarded,2021-11-02,2022-01-04,2022-06-06,2023-06-06,281000.0,223535.76,178255.68,45280.08
PROP-000990,PI-0136,Dr. Jose Schultz,College of Education,Curriculum and Instruction,Social and Behavioral Science,Department of Education,Federal,Resubmission,Awarded,2024-08-08,2025-01-11,2025-07-02,2027-07-02,551000.0,544962.37,443879.28,101083.09
PROP-000991,PI-0149,Dr. Kathy Rivas,College of Education,Educational Leadership,Social and Behavioral Science,Centers for Disease Control and Prevention,Federal,New,Pending,2024-04-20,,,,632000.0,0.0,0.0,0.0
PROP-000992,PI-0139,Dr. David Alvarez,College of Medicine,Biomedical Sciences,Neuroscience,Bluegrass Technology Corporation,Industry,New,Declined,2022-06-10,2022-11-12,,,78000.0,0.0,0.0,0.0
PROP-000993,PI-0071,Dr. Jordan Henderson,College of Engineering,Electrical Engineering,Environmental Science,Education Advancement Foundation,Foundation,Supplement,Declined,2021-09-24,2021-10-24,,,161000.0,0.0,0.0,0.0
PROP-000994,PI-0165,Dr. Michael Powell,College of Business,Marketing,Data Science,Regional Research Alliance,Nonprofit,Renewal,Declined,2022-06-08,2022-07-08,,,93000.0,0.0,0.0,0.0
PROP-000995,PI-0162,Dr. Jennifer Adkins,College of Education,Educational Leadership,Education,Community Health Foundation,Foundation,New,Declined,2025-04-23,2025-12-03,,,99000.0,0.0,0.0,0.0
PROP-000996,PI-0146,Dr. Joyce Solis,College of Arts and Sciences,Chemistry,Social and Behavioral Science,Health Innovation Partners,Industry,New,Pending,2023-01-28,,,,269000.0,0.0,0.0,0.0
PROP-000997,PI-0063,Dr. Connor West,College of Education,Curriculum and Instruction,Education,National Science Foundation,Federal,New,Awarded,2021-12-31,2022-04-11,2022-09-30,2025-09-29,2081000.0,1703488.85,1255840.56,447648.29
PROP-000998,PI-0017,Dr. Holly Wood,College of Arts and Sciences,Biology,Data Science,National Science Foundation,Federal,New,Declined,2025-04-27,2025-11-18,,,874000.0,0.0,0.0,0.0
PROP-000999,PI-0037,Dr. Sherri Baker,College of Engineering,Computer Science,Renewable Energy,Regional Research Alliance,Nonprofit,Renewal,Awarded,2025-03-18,2025-12-08,2026-04-01,2027-04-01,99000.0,98495.75,75627.81,22867.94
PROP-001000,PI-0016,Dr. Brian Ramirez,College of Engineering,Mechanical Engineering,Data Science,State Research Council,State,New,Declined,2021-07-20,2021-11-15,,,303000.0,0.0,0.0,0.0
PROP-001001,PI-0049,Dr. Joshua Blair,College of Agriculture,Plant and Soil Sciences,Renewable Energy,National Aeronautics and Space Administration,Federal,Renewal,Declined,2023-09-13,2023-11-23,,,1543000.0,0.0,0.0,0.0
PROP-001002,PI-0099,Dr. Jessica Smith,College of Engineering,Mechanical Engineering,Artificial Intelligence,National Aeronautics and Space Administration,Federal,Resubmission,Declined,2023-12-29,2024-03-31,,,1081000.0,0.0,0.0,0.0
PROP-001003,PI-0012,Dr. Jamie Arnold,College of Arts and Sciences,Physics,Social and Behavioral Science,Regional Research Alliance,Nonprofit,New,Declined,2023-09-01,2023-12-30,,,145000.0,0.0,0.0,0.0
PROP-001004,PI-0159,Dr. Melissa Gates,College of Arts and Sciences,Chemistry,Biomedical Research,National Institutes of Health,Federal,New,Awarded,2021-07-20,2022-01-09,2022-05-10,2024-05-09,333000.0,255229.92,184472.38,70757.54
PROP-001005,PI-0025,Dr. Matthew Foster,College of Agriculture,Plant and Soil Sciences,Agriculture,Advanced Manufacturing Solutions,Industry,Renewal,Declined,2022-09-26,2023-02-22,,,534000.0,0.0,0.0,0.0
PROP-001006,PI-0175,Dr. Nicole Herring,College of Education,Educational Leadership,Social and Behavioral Science,Regional Research Alliance,Nonprofit,New,Declined,2025-06-11,2025-10-26,,,177000.0,0.0,0.0,0.0
PROP-001007,PI-0171,Dr. Jamie Walton,College of Agriculture,Agricultural Economics,Agriculture,National Science Foundation,Federal,Resubmission,Declined,2023-01-20,2023-11-02,,,1057000.0,0.0,0.0,0.0
PROP-001008,PI-0107,Dr. Sharon Cherry,College of Business,Finance,Data Science,National Science Foundation,Federal,New,Declined,2025-04-07,2025-08-04,,,870000.0,0.0,0.0,0.0
PROP-001009,PI-0101,Dr. Sandra Aguilar,College of Medicine,Neuroscience,Biomedical Research,Centers for Disease Control and Prevention,Federal,Renewal,Awarded,2024-09-10,2025-02-27,2025-05-17,2026-05-17,1187000.0,1135536.06,957643.47,177892.59
PROP-001010,PI-0087,Dr. Shirley Suarez,College of Engineering,Computer Science,Environmental Science,Department of Education,Federal,Renewal,Pending,2021-07-05,,,,362000.0,0.0,0.0,0.0
PROP-001011,PI-0048,Dr. Shane Henderson,College of Medicine,Biomedical Sciences,Data Science,State Research Council,State,Supplement,Awarded,2023-04-23,2023-10-10,2023-12-10,2028-12-08,492000.0,408244.11,350810.25,57433.86
PROP-001012,PI-0121,Dr. Larry Dixon,College of Education,Educational Leadership,Social and Behavioral Science,Department of Agriculture,Federal,New,Awarded,2025-07-17,2026-03-19,2026-09-01,2030-08-31,627000.0,481137.52,365140.38,115997.14
PROP-001013,PI-0113,Dr. Julia Torres,College of Medicine,Public Health,Public Health,National Institutes of Health,Federal,New,Awarded,2024-09-14,2025-02-06,2025-06-24,2026-06-24,2562000.0,2414177.4,2072902.16,341275.24
PROP-001014,PI-0121,Dr. Larry Dixon,College of Education,Educational Leadership,Education,National Science Foundation,Federal,New,Awarded,2025-01-01,2025-02-12,2025-06-07,2028-06-06,322000.0,234743.74,184789.17,49954.57
PROP-001015,PI-0094,Dr. Christina Walters,College of Agriculture,Plant and Soil Sciences,Environmental Science,National Institutes of Health,Federal,New,Declined,2021-10-20,2022-05-08,,,1987000.0,0.0,0.0,0.0
PROP-001016,PI-0109,Dr. Evelyn Galvan,College of Medicine,Public Health,Neuroscience,Education Advancement Foundation,Foundation,Renewal,Declined,2022-01-12,2022-09-27,,,215000.0,0.0,0.0,0.0
PROP-001017,PI-0053,Dr. Crystal Robinson,College of Medicine,Public Health,Biomedical Research,National Institutes of Health,Federal,New,Awarded,2023-04-03,2023-07-07,2023-08-21,2027-08-20,332000.0,321052.34,262322.53,58729.81
PROP-001018,PI-0013,Dr. Lisa Hensley,College of Medicine,Neuroscience,Biomedical Research,National Science Foundation,Federal,Renewal,Awarded,2025-04-18,2025-11-29,2026-04-10,2027-04-10,376000.0,269493.11,196004.61,73488.5
PROP-001019,PI-0027,Dr. Justin Baker,College of Medicine,Public Health,Data Science,National Science Foundation,Federal,New,Declined,2021-07-22,2022-04-10,,,425000.0,0.0,0.0,0.0
PROP-001020,PI-0012,Dr. Jamie Arnold,College of Arts and Sciences,Physics,Data Science,Department of Agriculture,Federal,New,Declined,2022-01-24,2022-08-15,,,743000.0,0.0,0.0,0.0
PROP-001021,PI-0105,Dr. Richard Henson,College of Medicine,Biomedical Sciences,Biomedical Research,Department of Defense,Federal,New,Awarded,2022-01-27,2022-06-05,2022-11-28,2024-11-27,800000.0,562949.26,461540.66,101408.6
PROP-001022,PI-0090,Dr. Aimee Montoya,College of Medicine,Internal Medicine,Public Health,Department of Energy,Federal,New,Declined,2022-07-16,2022-12-17,,,351000.0,0.0,0.0,0.0
PROP-001023,PI-0099,Dr. Jessica Smith,College of Engineering,Mechanical Engineering,Data Science,Advanced Manufacturing Solutions,Industry,New,Awarded,2023-12-10,2024-07-10,2024-10-27,2029-10-26,322000.0,274967.95,223064.64,51903.31
PROP-001024,PI-0044,Dr. Anthony Humphrey,College of Medicine,Internal Medicine,Neuroscience,National Institutes of Health,Federal,New,Declined,2023-07-26,2023-08-29,,,2694000.0,0.0,0.0,0.0
PROP-001025,PI-0143,Dr. Patricia Rodriguez,College of Medicine,Biomedical Sciences,Neuroscience,National Institutes of Health,Federal,New,Declined,2021-10-20,2022-06-23,,,1974000.0,0.0,0.0,0.0
PROP-001026,PI-0047,Dr. John Pierce,College of Medicine,Neuroscience,Public Health,National Science Foundation,Federal,New,Pending,2021-11-18,,,,750000.0,0.0,0.0,0.0
PROP-001027,PI-0107,Dr. Sharon Cherry,College of Business,Finance,Data Science,National Science Foundation,Federal,New,Declined,2024-02-13,2024-08-30,,,556000.0,0.0,0.0,0.0
PROP-001028,PI-0016,Dr. Brian Ramirez,College of Engineering,Mechanical Engineering,Environmental Science,Centers for Disease Control and Prevention,Federal,New,Awarded,2023-05-05,2023-06-25,2023-11-28,2025-11-27,591000.0,442472.24,346722.26,95749.98
PROP-001029,PI-0102,Dr. Cameron Parker,College of Arts and Sciences,Chemistry,Biomedical Research,Department of Education,Federal,Renewal,Declined,2022-09-10,2023-02-09,,,856000.0,0.0,0.0,0.0
PROP-001030,PI-0136,Dr. Jose Schultz,College of Education,Curriculum and Instruction,Social and Behavioral Science,State Department of Public Health,State,Supplement,Awarded,2025-08-24,2025-09-26,2026-01-26,2027-01-26,107000.0,86966.77,67490.02,19476.75
PROP-001031,PI-0021,Dr. Margaret Hawkins DDS,College of Agriculture,Agricultural Economics,Agriculture,Department of Energy,Federal,New,Awarded,2023-12-19,2024-07-20,2024-08-30,2025-08-30,446000.0,338211.18,271244.05,66967.13
PROP-001032,PI-0072,Dr. Whitney Peters,College of Education,Educational Leadership,Education,National Science Foundation,Federal,New,Pending,2025-07-12,,,,155000.0,0.0,0.0,0.0
PROP-001033,PI-0072,Dr. Whitney Peters,College of Education,Educational Leadership,Education,Department of Energy,Federal,New,Awarded,2021-08-14,2021-11-03,2021-12-08,2023-12-08,729000.0,548808.13,415255.89,133552.24
PROP-001034,PI-0064,Dr. Donald Wright,College of Agriculture,Agricultural Economics,Renewable Energy,State Research Council,State,Resubmission,Awarded,2022-09-04,2023-04-12,2023-06-24,2028-06-22,318000.0,251703.9,189689.34,62014.56
PROP-001035,PI-0084,Dr. Paul Jones,College of Engineering,Computer Science,Environmental Science,Future Science Foundation,Foundation,Resubmission,Awarded,2022-04-22,2022-08-27,2022-11-14,2027-11-13,138000.0,133144.74,98302.26,34842.48
PROP-001036,PI-0061,Dr. Victoria Garcia,College of Medicine,Neuroscience,Data Science,State Research Council,State,New,Declined,2025-01-23,2025-06-27,,,581000.0,0.0,0.0,0.0
PROP-001037,PI-0143,Dr. Patricia Rodriguez,College of Medicine,Biomedical Sciences,Biomedical Research,Bluegrass Technology Corporation,Industry,New,Pending,2023-02-23,,,,139000.0,0.0,0.0,0.0
PROP-001038,PI-0008,Dr. Gina Moore,College of Arts and Sciences,Psychology,Environmental Science,Department of Energy,Federal,New,Declined,2022-03-16,2022-12-31,,,180000.0,0.0,0.0,0.0
PROP-001039,PI-0099,Dr. Jessica Smith,College of Engineering,Mechanical Engineering,Environmental Science,Future Science Foundation,Foundation,New,Awarded,2024-02-19,2024-06-13,2024-11-20,2028-11-19,219000.0,205268.52,165463.69,39804.83
PROP-001040,PI-0046,Dr. Philip Cannon,College of Education,Curriculum and Instruction,Data Science,Bluegrass Technology Corporation,Industry,New,Declined,2022-07-02,2023-01-12,,,682000.0,0.0,0.0,0.0
PROP-001041,PI-0017,Dr. Holly Wood,College of Arts and Sciences,Biology,Social and Behavioral Science,National Aeronautics and Space Administration,Federal,New,Pending,2024-02-26,,,,1911000.0,0.0,0.0,0.0
PROP-001042,PI-0041,Dr. Paula Moreno,College of Engineering,Civil Engineering,Renewable Energy,Centers for Disease Control and Prevention,Federal,Renewal,Declined,2025-02-20,2025-04-09,,,383000.0,0.0,0.0,0.0
PROP-001043,PI-0009,Dr. Gabrielle Davis,College of Engineering,Mechanical Engineering,Data Science,National Science Foundation,Federal,New,Pending,2023-09-19,,,,1213000.0,0.0,0.0,0.0
PROP-001044,PI-0021,Dr. Margaret Hawkins DDS,College of Agriculture,Agricultural Economics,Environmental Science,National Science Foundation,Federal,Resubmission,Declined,2023-08-06,2024-01-13,,,525000.0,0.0,0.0,0.0
PROP-001045,PI-0019,Dr. Lisa Jackson,College of Business,Management,Social and Behavioral Science,National Institutes of Health,Federal,Renewal,Awarded,2024-05-28,2025-02-20,2025-07-31,2030-07-30,475000.0,382599.43,306750.9,75848.53
PROP-001046,PI-0009,Dr. Gabrielle Davis,College of Engineering,Mechanical Engineering,Renewable Energy,Department of Defense,Federal,New,Declined,2024-04-14,2024-10-23,,,1048000.0,0.0,0.0,0.0
PROP-001047,PI-0023,Dr. Ethan Adams,College of Arts and Sciences,Biology,Social and Behavioral Science,Department of Energy,Federal,New,Awarded,2025-02-11,2025-08-10,2026-01-15,2031-01-14,881000.0,636757.32,538828.26,97929.06
PROP-001048,PI-0113,Dr. Julia Torres,College of Medicine,Public Health,Biomedical Research,Bluegrass Technology Corporation,Industry,Resubmission,Awarded,2021-11-24,2022-06-12,2022-08-31,2025-08-30,109000.0,88079.75,70150.56,17929.19
PROP-001049,PI-0107,Dr. Sharon Cherry,College of Business,Finance,Data Science,National Science Foundation,Federal,Resubmission,Declined,2023-01-14,2023-05-21,,,1635000.0,0.0,0.0,0.0
PROP-001050,PI-0087,Dr. Shirley Suarez,College of Engineering,Computer Science,Environmental Science,University Research Initiative,Internal,Supplement,Declined,2025-08-24,2026-02-03,,,108000.0,0.0,0.0,0.0
PROP-001051,PI-0068,Dr. Carol Tucker,College of Arts and Sciences,Psychology,Biomedical Research,Bluegrass Technology Corporation,Industry,New,Awarded,2023-10-06,2023-11-11,2024-04-09,2029-04-08,212000.0,208553.83,174155.08,34398.75
PROP-001052,PI-0153,Dr. Denise Jones,College of Arts and Sciences,Physics,Environmental Science,Health Innovation Partners,Industry,New,Declined,2022-09-03,2023-06-02,,,432000.0,0.0,0.0,0.0
PROP-001053,PI-0015,Dr. Dylan Miller,College of Engineering,Civil Engineering,Data Science,Department of Agriculture,Federal,Renewal,Declined,2025-07-19,2026-04-11,,,783000.0,0.0,0.0,0.0
PROP-001054,PI-0160,Dr. Jamie Smith,College of Medicine,Biomedical Sciences,Public Health,Advanced Manufacturing Solutions,Industry,New,Awarded,2025-05-30,2025-07-14,2025-11-16,2027-11-16,393000.0,324345.4,253448.46,70896.94
PROP-001055,PI-0137,Dr. Robert Potter,College of Medicine,Public Health,Neuroscience,National Science Foundation,Federal,Renewal,Declined,2025-03-11,2025-10-08,,,358000.0,0.0,0.0,0.0
PROP-001056,PI-0129,Dr. Cameron Fisher,College of Engineering,Civil Engineering,Renewable Energy,National Science Foundation,Federal,New,Declined,2025-05-15,2025-11-14,,,327000.0,0.0,0.0,0.0
PROP-001057,PI-0114,Dr. Crystal Johnson,College of Engineering,Mechanical Engineering,Renewable Energy,Centers for Disease Control and Prevention,Federal,New,Awarded,2022-04-11,2022-10-27,2023-04-20,2028-04-18,530000.0,395436.91,337453.7,57983.21
PROP-001058,PI-0153,Dr. Denise Jones,College of Arts and Sciences,Physics,Neuroscience,Centers for Disease Control and Prevention,Federal,New,Declined,2023-09-09,2023-11-10,,,1302000.0,0.0,0.0,0.0
PROP-001059,PI-0018,Dr. Derek Zuniga,College of Arts and Sciences,Biology,Neuroscience,Department of Energy,Federal,New,Awarded,2024-01-11,2024-05-07,2024-07-02,2029-07-01,812000.0,724061.21,552205.55,171855.66
PROP-001060,PI-0036,Dr. Jeffrey Chavez,College of Arts and Sciences,Biology,Environmental Science,National Institutes of Health,Federal,Renewal,Declined,2022-07-18,2022-11-26,,,409000.0,0.0,0.0,0.0
PROP-001061,PI-0021,Dr. Margaret Hawkins DDS,College of Agriculture,Agricultural Economics,Agriculture,Community Health Foundation,Foundation,New,Awarded,2023-02-17,2023-04-17,2023-08-19,2028-08-17,312000.0,280135.74,204442.26,75693.48
PROP-001062,PI-0081,Dr. Kelly Donovan,College of Medicine,Internal Medicine,Biomedical Research,National Science Foundation,Federal,Resubmission,Declined,2022-05-18,2022-08-12,,,64000.0,0.0,0.0,0.0
PROP-001063,PI-0100,Dr. Stephen Mckee,College of Agriculture,Plant and Soil Sciences,Environmental Science,National Aeronautics and Space Administration,Federal,New,Awarded,2022-08-27,2023-05-05,2023-10-03,2025-10-02,1279000.0,945155.02,707727.15,237427.87
PROP-001064,PI-0033,Dr. Tricia Valencia,College of Arts and Sciences,Chemistry,Neuroscience,Centers for Disease Control and Prevention,Federal,New,Awarded,2025-07-07,2025-08-09,2025-10-14,2029-10-13,147000.0,133101.26,100965.52,32135.74
PROP-001065,PI-0073,Dr. Brittney Phillips,College of Engineering,Civil Engineering,Artificial Intelligence,Advanced Manufacturing Solutions,Industry,New,Awarded,2023-05-05,2024-01-25,2024-06-21,2029-06-20,254000.0,247165.05,208383.25,38781.8
PROP-001066,PI-0126,Dr. Erin Edwards,College of Arts and Sciences,Physics,Biomedical Research,State Department of Public Health,State,New,Pending,2024-01-21,,,,101000.0,0.0,0.0,0.0
PROP-001067,PI-0082,Dr. Mike Allen,College of Medicine,Public Health,Public Health,State Department of Public Health,State,Renewal,Awarded,2024-12-07,2025-08-06,2025-11-07,2027-11-07,90000.0,85232.6,71508.29,13724.31
PROP-001068,PI-0008,Dr. Gina Moore,College of Arts and Sciences,Psychology,Neuroscience,State Department of Public Health,State,New,Pending,2022-07-11,,,,444000.0,0.0,0.0,0.0
PROP-001069,PI-0098,Dr. Deborah Figueroa,College of Arts and Sciences,Biology,Neuroscience,National Institutes of Health,Federal,Renewal,Awarded,2022-05-20,2022-11-15,2023-01-01,2024-12-31,380000.0,297210.5,240125.77,57084.73
PROP-001070,PI-0153,Dr. Denise Jones,College of Arts and Sciences,Physics,Data Science,Department of Defense,Federal,Renewal,Awarded,2023-07-26,2024-02-07,2024-06-20,2028-06-19,701000.0,506795.02,372358.23,134436.79
PROP-001071,PI-0167,Dr. Alyssa Long,College of Education,Educational Leadership,Education,National Science Foundation,Federal,New,Declined,2021-11-27,2022-08-20,,,522000.0,0.0,0.0,0.0
PROP-001072,PI-0084,Dr. Paul Jones,College of Engineering,Computer Science,Advanced Manufacturing,Department of Energy,Federal,New,Awarded,2021-09-16,2021-12-24,2022-04-16,2026-04-15,773000.0,543589.99,400112.45,143477.54
PROP-001073,PI-0132,Dr. Dustin Jordan,College of Engineering,Computer Science,Advanced Manufacturing,Department of Agriculture,Federal,New,Declined,2025-07-01,2026-03-12,,,572000.0,0.0,0.0,0.0
PROP-001074,PI-0108,Dr. Sierra Johnson,College of Engineering,Civil Engineering,Data Science,Department of Agriculture,Federal,New,Awarded,2021-08-06,2021-11-07,2022-04-22,2026-04-21,206000.0,181711.89,135341.4,46370.49
PROP-001075,PI-0113,Dr. Julia Torres,College of Medicine,Public Health,Neuroscience,National Institutes of Health,Federal,Renewal,Declined,2022-05-11,2023-01-21,,,1141000.0,0.0,0.0,0.0
PROP-001076,PI-0154,Dr. Devon Flores,College of Engineering,Civil Engineering,Renewable Energy,National Science Foundation,Federal,Renewal,Pending,2024-06-25,,,,373000.0,0.0,0.0,0.0
PROP-001077,PI-0079,Dr. Steve Sanchez,College of Agriculture,Agricultural Economics,Environmental Science,Department of Defense,Federal,New,Declined,2024-06-05,2024-08-26,,,168000.0,0.0,0.0,0.0
PROP-001078,PI-0177,Dr. Michael Elliott,College of Medicine,Neuroscience,Data Science,State Research Council,State,New,Declined,2021-10-08,2022-05-19,,,158000.0,0.0,0.0,0.0
PROP-001079,PI-0011,Dr. Monica Herrera,College of Agriculture,Plant and Soil Sciences,Environmental Science,Community Health Foundation,Foundation,New,Awarded,2022-01-04,2022-02-10,2022-06-06,2024-06-05,502000.0,353815.39,256131.27,97684.12
PROP-001080,PI-0020,Dr. Carla Gray,College of Engineering,Mechanical Engineering,Artificial Intelligence,National Science Foundation,Federal,Resubmission,Declined,2025-03-22,2025-07-15,,,1022000.0,0.0,0.0,0.0
PROP-001081,PI-0111,Dr. Richard Rodriguez,College of Medicine,Public Health,Neuroscience,National Institutes of Health,Federal,New,Declined,2023-04-22,2023-08-27,,,416000.0,0.0,0.0,0.0
PROP-001082,PI-0082,Dr. Mike Allen,College of Medicine,Public Health,Neuroscience,Community Health Foundation,Foundation,New,Declined,2022-10-19,2023-03-07,,,151000.0,0.0,0.0,0.0
PROP-001083,PI-0021,Dr. Margaret Hawkins DDS,College of Agriculture,Agricultural Economics,Agriculture,Department of Energy,Federal,New,Declined,2023-04-09,2023-05-15,,,425000.0,0.0,0.0,0.0
PROP-001084,PI-0107,Dr. Sharon Cherry,College of Business,Finance,Data Science,National Science Foundation,Federal,New,Declined,2023-01-22,2023-08-28,,,2565000.0,0.0,0.0,0.0
PROP-001085,PI-0157,Dr. Joshua Perry,College of Engineering,Electrical Engineering,Artificial Intelligence,National Institutes of Health,Federal,New,Awarded,2024-11-08,2025-03-05,2025-06-07,2026-06-07,720000.0,611908.42,525425.2,86483.22
PROP-001086,PI-0090,Dr. Aimee Montoya,College of Medicine,Internal Medicine,Public Health,University Research Initiative,Internal,Renewal,Declined,2025-05-21,2025-08-27,,,67000.0,0.0,0.0,0.0
PROP-001087,PI-0048,Dr. Shane Henderson,College of Medicine,Biomedical Sciences,Public Health,National Science Foundation,Federal,Renewal,Declined,2025-03-26,2025-12-27,,,1170000.0,0.0,0.0,0.0
PROP-001088,PI-0153,Dr. Denise Jones,College of Arts and Sciences,Physics,Biomedical Research,Department of Energy,Federal,New,Declined,2023-08-23,2024-06-09,,,646000.0,0.0,0.0,0.0
PROP-001089,PI-0164,Dr. Jeffrey Johnson,College of Medicine,Public Health,Neuroscience,Department of Agriculture,Federal,Renewal,Awarded,2021-08-13,2022-02-17,2022-05-18,2026-05-17,445000.0,393782.55,332962.49,60820.06
PROP-001090,PI-0081,Dr. Kelly Donovan,College of Medicine,Internal Medicine,Neuroscience,Department of Education,Federal,New,Declined,2023-02-28,2023-07-11,,,466000.0,0.0,0.0,0.0
PROP-001091,PI-0014,Dr. Michele Williams,College of Business,Management,Business and Economics,Department of Energy,Federal,Renewal,Awarded,2025-07-25,2026-02-08,2026-04-13,2029-04-12,512000.0,450264.35,383815.56,66448.79
PROP-001092,PI-0092,Dr. Brian Rodriguez,College of Arts and Sciences,Psychology,Social and Behavioral Science,State Research Council,State,Renewal,Declined,2023-10-28,2024-04-22,,,204000.0,0.0,0.0,0.0
PROP-001093,PI-0076,Dr. Sarah Moore,College of Arts and Sciences,Chemistry,Biomedical Research,National Science Foundation,Federal,Renewal,Declined,2022-08-26,2022-10-22,,,933000.0,0.0,0.0,0.0
PROP-001094,PI-0168,Dr. Alyssa Day,College of Education,Educational Leadership,Data Science,University Research Initiative,Internal,Resubmission,Declined,2022-09-29,2023-05-12,,,56000.0,0.0,0.0,0.0
PROP-001095,PI-0155,Dr. Brenda Hall,College of Arts and Sciences,Psychology,Neuroscience,Department of Energy,Federal,New,Awarded,2024-04-02,2024-07-13,2024-10-03,2026-10-03,936000.0,674851.77,504077.27,170774.5
PROP-001096,PI-0091,Dr. Matthew Mcmillan,College of Arts and Sciences,Chemistry,Biomedical Research,National Science Foundation,Federal,New,Declined,2022-08-23,2023-01-20,,,509000.0,0.0,0.0,0.0
PROP-001097,PI-0144,Dr. Christopher Rubio,College of Agriculture,Plant and Soil Sciences,Agriculture,Department of Defense,Federal,New,Awarded,2022-08-09,2023-01-13,2023-04-30,2026-04-29,573000.0,443202.6,330053.41,113149.19
PROP-001098,PI-0053,Dr. Crystal Robinson,College of Medicine,Public Health,Data Science,Regional Research Alliance,Nonprofit,New,Pending,2024-03-12,,,,42000.0,0.0,0.0,0.0
PROP-001099,PI-0082,Dr. Mike Allen,College of Medicine,Public Health,Biomedical Research,Education Advancement Foundation,Foundation,New,Awarded,2024-02-20,2024-10-28,2025-01-05,2029-01-04,343000.0,285517.6,225770.46,59747.14
PROP-001100,PI-0010,Dr. Ryan Munoz,College of Agriculture,Plant and Soil Sciences,Agriculture,Bluegrass Technology Corporation,Industry,New,Awarded,2023-03-07,2023-07-04,2023-10-07,2027-10-06,418000.0,367235.99,272265.76,94970.23
PROP-001101,PI-0169,Dr. Joel Williams,College of Engineering,Mechanical Engineering,Advanced Manufacturing,National Science Foundation,Federal,New,Declined,2024-03-11,2024-05-16,,,1142000.0,0.0,0.0,0.0
PROP-001102,PI-0146,Dr. Joyce Solis,College of Arts and Sciences,Chemistry,Social and Behavioral Science,National Institutes of Health,Federal,New,Awarded,2022-07-24,2023-03-02,2023-08-04,2027-08-03,62000.0,43477.76,36548.78,6928.98
PROP-001103,PI-0116,Dr. Diana May,College of Arts and Sciences,Biology,Data Science,Education Advancement Foundation,Foundation,Supplement,Awarded,2024-03-29,2024-06-03,2024-10-15,2025-10-15,735000.0,582372.29,499822.82,82549.47
PROP-001104,PI-0071,Dr. Jordan Henderson,College of Engineering,Electrical Engineering,Artificial Intelligence,Department of Energy,Federal,New,Awarded,2023-12-11,2024-07-06,2024-12-13,2028-12-12,487000.0,480731.85,398035.33,82696.52
PROP-001105,PI-0006,Dr. Connie Lawrence,College of Engineering,Electrical Engineering,Renewable Energy,State Research Council,State,Renewal,Pending,2025-08-15,,,,429000.0,0.0,0.0,0.0
PROP-001106,PI-0141,Dr. Cheyenne Horton,College of Business,Finance,Business and Economics,National Science Foundation,Federal,New,Declined,2025-01-13,2025-02-26,,,248000.0,0.0,0.0,0.0
PROP-001107,PI-0173,Dr. Joshua Cooke,College of Engineering,Computer Science,Data Science,National Science Foundation,Federal,New,Declined,2022-12-03,2023-05-08,,,856000.0,0.0,0.0,0.0
PROP-001108,PI-0125,Dr. Helen Jones,College of Arts and Sciences,Psychology,Neuroscience,Centers for Disease Control and Prevention,Federal,Renewal,Awarded,2022-02-25,2022-10-09,2023-02-17,2028-02-16,245000.0,228166.46,184864.03,43302.43
PROP-001109,PI-0073,Dr. Brittney Phillips,College of Engineering,Civil Engineering,Artificial Intelligence,Department of Agriculture,Federal,New,Declined,2023-11-22,2024-04-29,,,338000.0,0.0,0.0,0.0
PROP-001110,PI-0010,Dr. Ryan Munoz,College of Agriculture,Plant and Soil Sciences,Data Science,Department of Agriculture,Federal,New,Pending,2024-10-13,,,,2271000.0,0.0,0.0,0.0
PROP-001111,PI-0172,Dr. Darlene Miller,College of Agriculture,Animal Sciences,Data Science,State Department of Public Health,State,Renewal,Pending,2021-12-30,,,,185000.0,0.0,0.0,0.0
PROP-001112,PI-0093,Dr. Denise Jacobs,College of Medicine,Public Health,Biomedical Research,Department of Education,Federal,Renewal,Declined,2022-04-19,2022-10-03,,,636000.0,0.0,0.0,0.0
PROP-001113,PI-0044,Dr. Anthony Humphrey,College of Medicine,Internal Medicine,Neuroscience,Community Health Foundation,Foundation,New,Awarded,2022-06-10,2022-08-14,2022-12-28,2027-12-27,333000.0,314657.3,226622.8,88034.5
PROP-001114,PI-0066,Dr. Amber Kidd,College of Medicine,Neuroscience,Data Science,State Research Council,State,Renewal,Awarded,2023-08-07,2024-05-12,2024-07-27,2029-07-26,288000.0,217704.96,160841.84,56863.12
PROP-001115,PI-0068,Dr. Carol Tucker,College of Arts and Sciences,Psychology,Biomedical Research,Department of Defense,Federal,Resubmission,Awarded,2021-10-29,2022-03-06,2022-06-10,2026-06-09,605000.0,559609.71,466314.38,93295.33
PROP-001116,PI-0152,Dr. Pamela Boyd,College of Engineering,Electrical Engineering,Advanced Manufacturing,Department of Education,Federal,Renewal,Pending,2022-06-06,,,,710000.0,0.0,0.0,0.0
PROP-001117,PI-0019,Dr. Lisa Jackson,College of Business,Management,Business and Economics,National Science Foundation,Federal,New,Awarded,2023-06-01,2024-03-05,2024-04-29,2025-04-29,3277000.0,2323065.29,1748964.35,574100.94
PROP-001118,PI-0157,Dr. Joshua Perry,College of Engineering,Electrical Engineering,Artificial Intelligence,National Science Foundation,Federal,Supplement,Declined,2021-09-24,2021-12-12,,,518000.0,0.0,0.0,0.0
PROP-001119,PI-0020,Dr. Carla Gray,College of Engineering,Mechanical Engineering,Data Science,National Aeronautics and Space Administration,Federal,New,Declined,2022-12-27,2023-10-01,,,628000.0,0.0,0.0,0.0
PROP-001120,PI-0101,Dr. Sandra Aguilar,College of Medicine,Neuroscience,Data Science,Bluegrass Technology Corporation,Industry,New,Awarded,2025-04-27,2025-09-26,2026-01-26,2030-01-25,684000.0,661459.23,568803.55,92655.68
PROP-001121,PI-0112,Dr. Shannon Walker,College of Medicine,Public Health,Data Science,Department of Education,Federal,Supplement,Pending,2022-01-22,,,,1238000.0,0.0,0.0,0.0
PROP-001122,PI-0071,Dr. Jordan Henderson,College of Engineering,Electrical Engineering,Artificial Intelligence,Department of Defense,Federal,Renewal,Declined,2022-04-11,2022-05-24,,,1316000.0,0.0,0.0,0.0
PROP-001123,PI-0170,Dr. Daniel Murphy,College of Agriculture,Animal Sciences,Agriculture,Health Innovation Partners,Industry,New,Declined,2022-11-22,2023-06-28,,,513000.0,0.0,0.0,0.0
PROP-001124,PI-0008,Dr. Gina Moore,College of Arts and Sciences,Psychology,Data Science,Department of Education,Federal,Renewal,Declined,2023-10-25,2024-02-28,,,229000.0,0.0,0.0,0.0
PROP-001125,PI-0037,Dr. Sherri Baker,College of Engineering,Computer Science,Artificial Intelligence,University Research Initiative,Internal,Supplement,Declined,2021-08-04,2022-03-06,,,123000.0,0.0,0.0,0.0
PROP-001126,PI-0096,Dr. Anna Henderson,College of Medicine,Public Health,Biomedical Research,Regional Research Alliance,Nonprofit,Renewal,Declined,2022-10-22,2023-07-27,,,70000.0,0.0,0.0,0.0
PROP-001127,PI-0082,Dr. Mike Allen,College of Medicine,Public Health,Data Science,State Department of Public Health,State,Renewal,Awarded,2024-03-02,2024-05-22,2024-09-27,2027-09-27,254000.0,252999.61,212518.15,40481.46
PROP-001128,PI-0038,Dr. Cassandra Gaines,College of Agriculture,Animal Sciences,Environmental Science,State Department of Public Health,State,Resubmission,Pending,2025-07-07,,,,128000.0,0.0,0.0,0.0
PROP-001129,PI-0107,Dr. Sharon Cherry,College of Business,Finance,Social and Behavioral Science,National Institutes of Health,Federal,New,Awarded,2025-04-09,2026-01-03,2026-03-17,2030-03-16,515000.0,514429.08,441488.56,72940.52
PROP-001130,PI-0087,Dr. Shirley Suarez,College of Engineering,Computer Science,Artificial Intelligence,Department of Agriculture,Federal,New,Awarded,2022-06-15,2022-08-29,2022-10-25,2026-10-24,691000.0,639849.25,519790.7,120058.55
PROP-001131,PI-0126,Dr. Erin Edwards,College of Arts and Sciences,Physics,Biomedical Research,National Science Foundation,Federal,Resubmission,Pending,2023-01-26,,,,688000.0,0.0,0.0,0.0
PROP-001132,PI-0080,Dr. Lisa Barnes,College of Engineering,Mechanical Engineering,Data Science,State Department of Public Health,State,Renewal,Withdrawn,2025-04-04,,,,275000.0,0.0,0.0,0.0
PROP-001133,PI-0076,Dr. Sarah Moore,College of Arts and Sciences,Chemistry,Biomedical Research,State Research Council,State,Resubmission,Declined,2024-04-03,2024-06-18,,,597000.0,0.0,0.0,0.0
PROP-001134,PI-0102,Dr. Cameron Parker,College of Arts and Sciences,Chemistry,Social and Behavioral Science,Future Science Foundation,Foundation,Resubmission,Declined,2024-11-12,2025-01-14,,,254000.0,0.0,0.0,0.0
PROP-001135,PI-0152,Dr. Pamela Boyd,College of Engineering,Electrical Engineering,Renewable Energy,Department of Energy,Federal,Renewal,Declined,2023-08-21,2024-04-30,,,450000.0,0.0,0.0,0.0
PROP-001136,PI-0010,Dr. Ryan Munoz,College of Agriculture,Plant and Soil Sciences,Environmental Science,National Science Foundation,Federal,New,Awarded,2021-12-30,2022-05-05,2022-07-03,2027-07-02,1114000.0,893507.49,717404.37,176103.12
PROP-001137,PI-0096,Dr. Anna Henderson,College of Medicine,Public Health,Public Health,National Institutes of Health,Federal,New,Declined,2025-08-18,2025-09-17,,,1319000.0,0.0,0.0,0.0
PROP-001138,PI-0120,Dr. Jeffrey Chandler,College of Engineering,Computer Science,Renewable Energy,National Institutes of Health,Federal,New,Pending,2023-11-15,,,,215000.0,0.0,0.0,0.0
PROP-001139,PI-0008,Dr. Gina Moore,College of Arts and Sciences,Psychology,Social and Behavioral Science,Bluegrass Technology Corporation,Industry,Renewal,Pending,2022-03-16,,,,498000.0,0.0,0.0,0.0
PROP-001140,PI-0056,Dr. Michael Lewis,College of Arts and Sciences,Physics,Neuroscience,State Research Council,State,New,Awarded,2021-07-19,2021-10-31,2022-02-13,2024-02-13,330000.0,284291.0,223021.85,61269.15
PROP-001141,PI-0077,Dr. Angela Lopez,College of Medicine,Public Health,Data Science,State Research Council,State,New,Awarded,2025-03-24,2025-05-10,2025-08-29,2028-08-28,172000.0,164214.98,137264.87,26950.11
PROP-001142,PI-0070,Dr. William Baker,College of Education,Curriculum and Instruction,Data Science,University Research Initiative,Internal,New,Withdrawn,2025-06-16,,,,108000.0,0.0,0.0,0.0
PROP-001143,PI-0115,Dr. Garrett Lin,College of Engineering,Computer Science,Environmental Science,Department of Agriculture,Federal,Resubmission,Declined,2025-06-12,2026-01-20,,,483000.0,0.0,0.0,0.0
PROP-001144,PI-0097,Dr. Aaron Wise,College of Medicine,Biomedical Sciences,Biomedical Research,University Research Initiative,Internal,New,Declined,2022-09-05,2023-01-28,,,58000.0,0.0,0.0,0.0
PROP-001145,PI-0177,Dr. Michael Elliott,College of Medicine,Neuroscience,Biomedical Research,Community Health Foundation,Foundation,Renewal,Pending,2025-07-29,,,,169000.0,0.0,0.0,0.0
PROP-001146,PI-0131,Dr. Elizabeth Kelley,College of Medicine,Biomedical Sciences,Data Science,National Science Foundation,Federal,Resubmission,Pending,2022-05-23,,,,547000.0,0.0,0.0,0.0
PROP-001147,PI-0063,Dr. Connor West,College of Education,Curriculum and Instruction,Education,National Aeronautics and Space Administration,Federal,New,Declined,2023-06-14,2024-01-30,,,237000.0,0.0,0.0,0.0
PROP-001148,PI-0041,Dr. Paula Moreno,College of Engineering,Civil Engineering,Advanced Manufacturing,National Institutes of Health,Federal,Renewal,Awarded,2022-08-04,2022-10-22,2022-12-24,2025-12-23,183000.0,166590.87,132726.51,33864.36
PROP-001149,PI-0079,Dr. Steve Sanchez,College of Agriculture,Agricultural Economics,Agriculture,Health Innovation Partners,Industry,Renewal,Awarded,2022-06-01,2023-03-05,2023-06-17,2025-06-16,1001000.0,874020.37,683364.82,190655.55
PROP-001150,PI-0108,Dr. Sierra Johnson,College of Engineering,Civil Engineering,Data Science,National Science Foundation,Federal,Renewal,Declined,2021-07-19,2022-02-19,,,286000.0,0.0,0.0,0.0
PROP-001151,PI-0050,Dr. Eric Carney,College of Engineering,Electrical Engineering,Environmental Science,National Institutes of Health,Federal,Renewal,Pending,2023-08-11,,,,257000.0,0.0,0.0,0.0
PROP-001152,PI-0118,Dr. Ashley Waller,College of Engineering,Civil Engineering,Advanced Manufacturing,State Research Council,State,New,Awarded,2023-06-29,2023-08-24,2023-10-23,2028-10-21,52000.0,51596.88,38447.34,13149.54
PROP-001153,PI-0083,Dr. Michael Evans,College of Engineering,Electrical Engineering,Renewable Energy,Centers for Disease Control and Prevention,Federal,Supplement,Declined,2023-10-06,2024-03-09,,,335000.0,0.0,0.0,0.0
PROP-001154,PI-0140,Dr. Angel Perry,College of Arts and Sciences,Physics,Biomedical Research,National Institutes of Health,Federal,New,Awarded,2024-11-02,2025-06-12,2025-08-03,2029-08-02,200000.0,197273.32,160065.91,37207.41
PROP-001155,PI-0119,Dr. Victor Baker,College of Medicine,Neuroscience,Data Science,National Science Foundation,Federal,Renewal,Declined,2022-03-03,2022-05-31,,,1852000.0,0.0,0.0,0.0
PROP-001156,PI-0168,Dr. Alyssa Day,College of Education,Educational Leadership,Education,National Institutes of Health,Federal,Renewal,Pending,2022-10-04,,,,1152000.0,0.0,0.0,0.0
PROP-001157,PI-0113,Dr. Julia Torres,College of Medicine,Public Health,Biomedical Research,Centers for Disease Control and Prevention,Federal,Supplement,Declined,2025-05-21,2025-08-07,,,323000.0,0.0,0.0,0.0
PROP-001158,PI-0092,Dr. Brian Rodriguez,College of Arts and Sciences,Psychology,Neuroscience,National Science Foundation,Federal,New,Declined,2023-12-06,2024-06-05,,,2927000.0,0.0,0.0,0.0
PROP-001159,PI-0107,Dr. Sharon Cherry,College of Business,Finance,Social and Behavioral Science,National Institutes of Health,Federal,New,Declined,2024-07-05,2024-11-06,,,1128000.0,0.0,0.0,0.0
PROP-001160,PI-0159,Dr. Melissa Gates,College of Arts and Sciences,Chemistry,Data Science,Advanced Manufacturing Solutions,Industry,New,Declined,2024-07-03,2025-04-09,,,261000.0,0.0,0.0,0.0
PROP-001161,PI-0058,Dr. Richard Aguirre,College of Engineering,Civil Engineering,Artificial Intelligence,Department of Agriculture,Federal,New,Declined,2025-02-24,2025-05-28,,,83000.0,0.0,0.0,0.0
PROP-001162,PI-0044,Dr. Anthony Humphrey,College of Medicine,Internal Medicine,Neuroscience,Regional Research Alliance,Nonprofit,Resubmission,Awarded,2024-11-08,2025-07-24,2025-11-11,2026-11-11,554000.0,503344.88,362783.49,140561.39
PROP-001163,PI-0040,Dr. Brittany Farmer,College of Education,Curriculum and Instruction,Education,National Institutes of Health,Federal,New,Awarded,2024-08-25,2024-11-06,2025-01-06,2030-01-05,191000.0,148412.38,122503.97,25908.41
PROP-001164,PI-0067,Dr. Tracy House,College of Arts and Sciences,Biology,Social and Behavioral Science,Department of Energy,Federal,New,Declined,2025-03-09,2025-04-08,,,157000.0,0.0,0.0,0.0
PROP-001165,PI-0159,Dr. Melissa Gates,College of Arts and Sciences,Chemistry,Environmental Science,National Science Foundation,Federal,Supplement,Declined,2023-02-21,2023-11-05,,,1163000.0,0.0,0.0,0.0
PROP-001166,PI-0050,Dr. Eric Carney,College of Engineering,Electrical Engineering,Data Science,Centers for Disease Control and Prevention,Federal,Renewal,Declined,2023-06-22,2024-04-08,,,3368000.0,0.0,0.0,0.0
PROP-001167,PI-0146,Dr. Joyce Solis,College of Arts and Sciences,Chemistry,Environmental Science,State Research Council,State,Renewal,Awarded,2021-09-14,2022-02-01,2022-04-06,2027-04-05,514000.0,388800.96,296250.5,92550.46
PROP-001168,PI-0169,Dr. Joel Williams,College of Engineering,Mechanical Engineering,Environmental Science,National Science Foundation,Federal,New,Awarded,2024-12-26,2025-06-07,2025-10-12,2027-10-12,825000.0,681948.72,543498.68,138450.04
PROP-001169,PI-0092,Dr. Brian Rodriguez,College of Arts and Sciences,Psychology,Data Science,Department of Defense,Federal,Supplement,Declined,2025-05-23,2025-09-03,,,844000.0,0.0,0.0,0.0
PROP-001170,PI-0172,Dr. Darlene Miller,College of Agriculture,Animal Sciences,Environmental Science,National Institutes of Health,Federal,Renewal,Withdrawn,2025-05-28,,,,1025000.0,0.0,0.0,0.0
PROP-001171,PI-0033,Dr. Tricia Valencia,College of Arts and Sciences,Chemistry,Environmental Science,State Department of Public Health,State,New,Declined,2024-05-13,2024-09-03,,,342000.0,0.0,0.0,0.0
PROP-001172,PI-0095,Dr. John Whitehead,College of Engineering,Civil Engineering,Advanced Manufacturing,Advanced Manufacturing Solutions,Industry,New,Declined,2023-08-16,2023-09-28,,,399000.0,0.0,0.0,0.0
PROP-001173,PI-0155,Dr. Brenda Hall,College of Arts and Sciences,Psychology,Neuroscience,National Science Foundation,Federal,New,Declined,2025-05-01,2025-12-25,,,584000.0,0.0,0.0,0.0
PROP-001174,PI-0055,Dr. Shannon Jones,College of Arts and Sciences,Biology,Biomedical Research,Department of Energy,Federal,New,Pending,2023-01-11,,,,516000.0,0.0,0.0,0.0
PROP-001175,PI-0122,Dr. Kenneth Scott,College of Arts and Sciences,Chemistry,Environmental Science,Health Innovation Partners,Industry,New,Awarded,2023-08-12,2023-11-03,2024-01-03,2026-01-02,193000.0,191812.19,144072.36,47739.83
PROP-001176,PI-0122,Dr. Kenneth Scott,College of Arts and Sciences,Chemistry,Neuroscience,State Department of Public Health,State,New,Declined,2024-03-29,2024-06-15,,,174000.0,0.0,0.0,0.0
PROP-001177,PI-0097,Dr. Aaron Wise,College of Medicine,Biomedical Sciences,Public Health,State Department of Public Health,State,Resubmission,Declined,2024-11-26,2025-02-14,,,70000.0,0.0,0.0,0.0
PROP-001178,PI-0150,Dr. Stephanie Manning,College of Engineering,Civil Engineering,Artificial Intelligence,National Science Foundation,Federal,Supplement,Declined,2023-06-07,2024-01-29,,,502000.0,0.0,0.0,0.0
PROP-001179,PI-0138,Dr. Courtney Gonzalez,College of Agriculture,Agricultural Economics,Renewable Energy,Centers for Disease Control and Prevention,Federal,New,Declined,2025-06-30,2025-10-17,,,257000.0,0.0,0.0,0.0
PROP-001180,PI-0179,Dr. Lawrence Adkins,College of Medicine,Internal Medicine,Neuroscience,National Institutes of Health,Federal,New,Awarded,2025-07-25,2025-12-29,2026-05-15,2030-05-14,236000.0,210454.9,162433.53,48021.37
PROP-001181,PI-0143,Dr. Patricia Rodriguez,College of Medicine,Biomedical Sciences,Neuroscience,Department of Defense,Federal,New,Declined,2023-02-08,2023-07-29,,,618000.0,0.0,0.0,0.0
PROP-001182,PI-0007,Dr. Abigail Shaffer,College of Engineering,Computer Science,Advanced Manufacturing,National Aeronautics and Space Administration,Federal,Renewal,Pending,2022-10-12,,,,1535000.0,0.0,0.0,0.0
PROP-001183,PI-0115,Dr. Garrett Lin,College of Engineering,Computer Science,Renewable Energy,Department of Education,Federal,New,Awarded,2023-04-02,2023-06-10,2023-09-09,2024-09-08,1076000.0,1026045.28,829921.58,196123.7
PROP-001184,PI-0030,Dr. Anthony Rodriguez,College of Engineering,Mechanical Engineering,Data Science,Centers for Disease Control and Prevention,Federal,New,Awarded,2024-04-05,2024-12-08,2025-05-17,2027-05-17,166000.0,156455.68,112882.34,43573.34
PROP-001185,PI-0090,Dr. Aimee Montoya,College of Medicine,Internal Medicine,Data Science,Department of Agriculture,Federal,Renewal,Declined,2024-06-25,2024-09-26,,,257000.0,0.0,0.0,0.0
PROP-001186,PI-0126,Dr. Erin Edwards,College of Arts and Sciences,Physics,Data Science,National Institutes of Health,Federal,New,Declined,2021-07-15,2022-03-19,,,1094000.0,0.0,0.0,0.0
PROP-001187,PI-0054,Dr. Mark Perez,College of Medicine,Biomedical Sciences,Public Health,National Science Foundation,Federal,Renewal,Pending,2024-06-16,,,,259000.0,0.0,0.0,0.0
PROP-001188,PI-0158,Dr. Jason Stein,College of Arts and Sciences,Physics,Neuroscience,National Institutes of Health,Federal,New,Awarded,2024-06-07,2025-01-10,2025-03-15,2030-03-14,457000.0,443810.79,330405.59,113405.2
PROP-001189,PI-0159,Dr. Melissa Gates,College of Arts and Sciences,Chemistry,Social and Behavioral Science,Education Advancement Foundation,Foundation,New,Awarded,2023-08-04,2024-01-08,2024-06-24,2025-06-24,270000.0,267548.0,205293.38,62254.62
PROP-001190,PI-0032,Dr. James Ferrell,College of Arts and Sciences,Chemistry,Social and Behavioral Science,National Science Foundation,Federal,New,Awarded,2025-08-20,2026-02-22,2026-08-02,2027-08-02,261000.0,232121.12,179918.71,52202.41
PROP-001191,PI-0007,Dr. Abigail Shaffer,College of Engineering,Computer Science,Advanced Manufacturing,Future Science Foundation,Foundation,Resubmission,Awarded,2021-07-13,2022-02-09,2022-04-07,2023-04-07,202000.0,178701.13,136884.57,41816.56
PROP-001192,PI-0079,Dr. Steve Sanchez,College of Agriculture,Agricultural Economics,Data Science,Future Science Foundation,Foundation,New,Awarded,2022-01-24,2022-11-20,2023-04-30,2025-04-29,79000.0,65510.05,48979.0,16531.05
PROP-001193,PI-0057,Dr. Timothy Duncan,College of Agriculture,Animal Sciences,Renewable Energy,National Institutes of Health,Federal,New,Awarded,2025-03-06,2025-10-13,2026-01-27,2029-01-26,344000.0,266613.91,209531.29,57082.62
PROP-001194,PI-0137,Dr. Robert Potter,College of Medicine,Public Health,Data Science,Future Science Foundation,Foundation,New,Awarded,2023-12-16,2024-03-26,2024-07-24,2028-07-23,233000.0,208973.95,163315.22,45658.73
PROP-001195,PI-0035,Dr. Debra Davidson,College of Medicine,Neuroscience,Biomedical Research,Department of Energy,Federal,Resubmission,Awarded,2022-07-24,2023-03-26,2023-07-18,2024-07-17,164000.0,128817.07,95159.13,33657.94
PROP-001196,PI-0131,Dr. Elizabeth Kelley,College of Medicine,Biomedical Sciences,Neuroscience,State Research Council,State,Supplement,Withdrawn,2022-12-27,,,,278000.0,0.0,0.0,0.0
PROP-001197,PI-0035,Dr. Debra Davidson,College of Medicine,Neuroscience,Biomedical Research,Department of Defense,Federal,New,Declined,2025-07-02,2025-10-05,,,532000.0,0.0,0.0,0.0
PROP-001198,PI-0126,Dr. Erin Edwards,College of Arts and Sciences,Physics,Social and Behavioral Science,Bluegrass Technology Corporation,Industry,Renewal,Awarded,2025-07-26,2026-03-12,2026-05-14,2027-05-14,483000.0,471924.03,395485.93,76438.1
PROP-001199,PI-0083,Dr. Michael Evans,College of Engineering,Electrical Engineering,Artificial Intelligence,Advanced Manufacturing Solutions,Industry,New,Awarded,2021-07-28,2022-02-18,2022-07-07,2027-07-06,383000.0,356272.53,268312.65,87959.88
PROP-001200,PI-0137,Dr. Robert Potter,College of Medicine,Public Health,Biomedical Research,Department of Defense,Federal,New,Declined,2023-11-26,2024-04-30,,,1503000.0,0.0,0.0,0.0
PROP-001201,PI-0114,Dr. Crystal Johnson,College of Engineering,Mechanical Engineering,Environmental Science,National Institutes of Health,Federal,New,Awarded,2022-02-21,2022-07-27,2022-12-13,2024-12-12,594000.0,569794.52,489565.17,80229.35
PROP-001202,PI-0159,Dr. Melissa Gates,College of Arts and Sciences,Chemistry,Data Science,State Department of Public Health,State,Resubmission,Declined,2024-04-24,2024-08-24,,,158000.0,0.0,0.0,0.0
PROP-001203,PI-0087,Dr. Shirley Suarez,College of Engineering,Computer Science,Data Science,University Research Initiative,Internal,New,Declined,2022-10-13,2023-01-12,,,58000.0,0.0,0.0,0.0
PROP-001204,PI-0108,Dr. Sierra Johnson,College of Engineering,Civil Engineering,Data Science,Department of Defense,Federal,New,Awarded,2022-04-26,2022-07-11,2022-08-23,2026-08-22,812000.0,672247.41,542036.74,130210.67
PROP-001205,PI-0058,Dr. Richard Aguirre,College of Engineering,Civil Engineering,Advanced Manufacturing,National Aeronautics and Space Administration,Federal,Renewal,Withdrawn,2022-09-28,,,,561000.0,0.0,0.0,0.0
PROP-001206,PI-0104,Dr. Christine Wright,College of Medicine,Biomedical Sciences,Public Health,Department of Defense,Federal,New,Declined,2021-10-14,2022-04-17,,,557000.0,0.0,0.0,0.0
PROP-001207,PI-0029,Dr. Zachary Hicks,College of Engineering,Mechanical Engineering,Artificial Intelligence,National Science Foundation,Federal,New,Declined,2023-11-04,2024-04-08,,,319000.0,0.0,0.0,0.0
PROP-001208,PI-0028,Dr. Stephanie Ross,College of Arts and Sciences,Physics,Social and Behavioral Science,Future Science Foundation,Foundation,New,Awarded,2025-03-14,2025-12-10,2026-03-21,2031-03-20,123000.0,113581.45,85149.38,28432.07
PROP-001209,PI-0020,Dr. Carla Gray,College of Engineering,Mechanical Engineering,Artificial Intelligence,Department of Defense,Federal,New,Declined,2023-05-16,2023-11-17,,,189000.0,0.0,0.0,0.0
PROP-001210,PI-0133,Dr. Mary Marshall,College of Engineering,Electrical Engineering,Artificial Intelligence,National Institutes of Health,Federal,New,Declined,2022-03-24,2022-10-09,,,2007000.0,0.0,0.0,0.0
PROP-001211,PI-0006,Dr. Connie Lawrence,College of Engineering,Electrical Engineering,Renewable Energy,Bluegrass Technology Corporation,Industry,New,Declined,2024-06-18,2025-01-24,,,137000.0,0.0,0.0,0.0
PROP-001212,PI-0088,Dr. Christopher Bass,College of Engineering,Computer Science,Data Science,State Research Council,State,New,Awarded,2022-02-03,2022-05-05,2022-06-14,2027-06-13,133000.0,98306.37,81000.74,17305.63
PROP-001213,PI-0158,Dr. Jason Stein,College of Arts and Sciences,Physics,Environmental Science,National Science Foundation,Federal,New,Awarded,2024-07-24,2025-04-22,2025-07-12,2030-07-11,315000.0,278996.48,212652.99,66343.49
PROP-001214,PI-0028,Dr. Stephanie Ross,College of Arts and Sciences,Physics,Environmental Science,National Institutes of Health,Federal,New,Declined,2022-11-30,2023-06-25,,,1057000.0,0.0,0.0,0.0
PROP-001215,PI-0075,Dr. Amy Silva,College of Agriculture,Plant and Soil Sciences,Data Science,Department of Defense,Federal,Renewal,Pending,2021-11-16,,,,433000.0,0.0,0.0,0.0
PROP-001216,PI-0062,Dr. Gerald Hensley,College of Medicine,Biomedical Sciences,Data Science,Department of Defense,Federal,Resubmission,Declined,2021-08-14,2021-12-07,,,1378000.0,0.0,0.0,0.0
PROP-001217,PI-0133,Dr. Mary Marshall,College of Engineering,Electrical Engineering,Environmental Science,National Science Foundation,Federal,Supplement,Awarded,2024-09-02,2025-01-07,2025-05-18,2029-05-17,326000.0,234145.59,200462.89,33682.7
PROP-001218,PI-0097,Dr. Aaron Wise,College of Medicine,Biomedical Sciences,Biomedical Research,National Science Foundation,Federal,Renewal,Declined,2023-09-08,2024-04-30,,,666000.0,0.0,0.0,0.0
PROP-001219,PI-0037,Dr. Sherri Baker,College of Engineering,Computer Science,Environmental Science,National Science Foundation,Federal,New,Awarded,2022-09-20,2023-07-09,2023-12-02,2028-11-30,289000.0,253636.18,182932.71,70703.47
PROP-001220,PI-0047,Dr. John Pierce,College of Medicine,Neuroscience,Public Health,National Science Foundation,Federal,New,Declined,2024-08-04,2024-11-02,,,2700000.0,0.0,0.0,0.0
PROP-001221,PI-0123,Dr. April Frost,College of Medicine,Neuroscience,Neuroscience,National Science Foundation,Federal,New,Awarded,2025-01-30,2025-05-08,2025-08-15,2026-08-15,222000.0,165266.09,139435.72,25830.37
PROP-001222,PI-0101,Dr. Sandra Aguilar,College of Medicine,Neuroscience,Neuroscience,University Research Initiative,Internal,New,Awarded,2025-02-18,2025-09-24,2026-01-15,2027-01-15,63000.0,50667.03,40772.89,9894.14
PROP-001223,PI-0024,Dr. Tommy Walter,College of Engineering,Electrical Engineering,Environmental Science,National Science Foundation,Federal,New,Pending,2023-02-24,,,,869000.0,0.0,0.0,0.0
PROP-001224,PI-0139,Dr. David Alvarez,College of Medicine,Biomedical Sciences,Public Health,University Research Initiative,Internal,Renewal,Awarded,2023-06-29,2023-10-27,2024-01-30,2025-01-29,67000.0,51307.52,43874.69,7432.83
PROP-001225,PI-0174,Dr. Matthew Harrington,College of Medicine,Biomedical Sciences,Biomedical Research,State Department of Public Health,State,Renewal,Pending,2022-12-10,,,,185000.0,0.0,0.0,0.0
PROP-001226,PI-0097,Dr. Aaron Wise,College of Medicine,Biomedical Sciences,Neuroscience,Advanced Manufacturing Solutions,Industry,New,Awarded,2024-10-04,2025-05-24,2025-08-01,2029-07-31,299000.0,265793.12,223306.35,42486.77
PROP-001227,PI-0166,Dr. John Anderson,College of Engineering,Electrical Engineering,Data Science,State Department of Public Health,State,New,Awarded,2024-03-08,2024-07-10,2024-09-23,2026-09-23,215000.0,156543.07,116689.07,39854.0
PROP-001228,PI-0031,Dr. Rebecca Henderson,College of Arts and Sciences,Biology,Neuroscience,Department of Agriculture,Federal,Renewal,Declined,2021-08-13,2022-02-17,,,484000.0,0.0,0.0,0.0
PROP-001229,PI-0137,Dr. Robert Potter,College of Medicine,Public Health,Neuroscience,Future Science Foundation,Foundation,Resubmission,Declined,2022-07-20,2022-09-23,,,354000.0,0.0,0.0,0.0
PROP-001230,PI-0043,Dr. Sherry Decker,College of Engineering,Electrical Engineering,Data Science,National Institutes of Health,Federal,New,Pending,2023-10-03,,,,2836000.0,0.0,0.0,0.0
PROP-001231,PI-0094,Dr. Christina Walters,College of Agriculture,Plant and Soil Sciences,Agriculture,State Department of Public Health,State,New,Declined,2021-07-25,2021-10-14,,,145000.0,0.0,0.0,0.0
PROP-001232,PI-0051,Dr. Jessica Holmes,College of Agriculture,Animal Sciences,Renewable Energy,Department of Energy,Federal,New,Awarded,2025-02-09,2025-04-22,2025-07-29,2027-07-29,193000.0,189217.84,139738.33,49479.51
PROP-001233,PI-0099,Dr. Jessica Smith,College of Engineering,Mechanical Engineering,Environmental Science,National Institutes of Health,Federal,Supplement,Pending,2022-02-03,,,,506000.0,0.0,0.0,0.0
PROP-001234,PI-0158,Dr. Jason Stein,College of Arts and Sciences,Physics,Neuroscience,State Department of Public Health,State,New,Declined,2022-08-19,2022-11-28,,,1118000.0,0.0,0.0,0.0
PROP-001235,PI-0137,Dr. Robert Potter,College of Medicine,Public Health,Data Science,Bluegrass Technology Corporation,Industry,Resubmission,Declined,2023-03-22,2023-10-07,,,187000.0,0.0,0.0,0.0
PROP-001236,PI-0060,Dr. John Daniel,College of Business,Marketing,Data Science,National Institutes of Health,Federal,New,Declined,2025-01-06,2025-04-09,,,1847000.0,0.0,0.0,0.0
PROP-001237,PI-0124,Dr. Michelle Harmon,College of Arts and Sciences,Biology,Biomedical Research,Advanced Manufacturing Solutions,Industry,New,Awarded,2024-05-13,2024-06-12,2024-09-07,2025-09-07,1061000.0,1024859.22,797483.8,227375.42
PROP-001238,PI-0007,Dr. Abigail Shaffer,College of Engineering,Computer Science,Data Science,Department of Defense,Federal,New,Declined,2022-10-06,2023-05-20,,,357000.0,0.0,0.0,0.0
PROP-001239,PI-0018,Dr. Derek Zuniga,College of Arts and Sciences,Biology,Biomedical Research,Department of Agriculture,Federal,Supplement,Awarded,2023-01-29,2023-04-29,2023-08-29,2024-08-28,828000.0,668355.28,538826.39,129528.89
PROP-001240,PI-0151,Dr. David Wright,College of Agriculture,Plant and Soil Sciences,Agriculture,Department of Education,Federal,New,Declined,2024-11-10,2025-03-12,,,1833000.0,0.0,0.0,0.0
PROP-001241,PI-0094,Dr. Christina Walters,College of Agriculture,Plant and Soil Sciences,Renewable Energy,National Institutes of Health,Federal,Renewal,Awarded,2023-02-08,2023-11-20,2024-03-23,2027-03-23,407000.0,327437.89,240519.23,86918.66
PROP-001242,PI-0050,Dr. Eric Carney,College of Engineering,Electrical Engineering,Artificial Intelligence,Bluegrass Technology Corporation,Industry,Resubmission,Withdrawn,2025-03-05,,,,284000.0,0.0,0.0,0.0
PROP-001243,PI-0088,Dr. Christopher Bass,College of Engineering,Computer Science,Data Science,Department of Energy,Federal,New,Declined,2024-03-06,2024-05-09,,,349000.0,0.0,0.0,0.0
PROP-001244,PI-0142,Dr. David Douglas Jr.,College of Business,Finance,Business and Economics,Centers for Disease Control and Prevention,Federal,Supplement,Awarded,2022-01-02,2022-08-17,2022-12-15,2025-12-14,252000.0,200822.84,148178.14,52644.7
PROP-001245,PI-0127,Dr. Michelle Evans,College of Business,Finance,Data Science,Department of Defense,Federal,Renewal,Declined,2025-01-24,2025-08-12,,,332000.0,0.0,0.0,0.0
PROP-001246,PI-0110,Dr. Sharon Cochran,College of Education,Educational Leadership,Education,Advanced Manufacturing Solutions,Industry,Renewal,Awarded,2023-11-05,2024-08-13,2025-01-26,2030-01-25,139000.0,120207.45,95615.96,24591.49
PROP-001247,PI-0180,Dr. Robert Oconnell,College of Education,Curriculum and Instruction,Education,Department of Energy,Federal,New,Declined,2024-09-26,2025-02-15,,,554000.0,0.0,0.0,0.0
PROP-001248,PI-0016,Dr. Brian Ramirez,College of Engineering,Mechanical Engineering,Artificial Intelligence,National Science Foundation,Federal,New,Withdrawn,2021-08-05,,,,303000.0,0.0,0.0,0.0
PROP-001249,PI-0001,Dr. Allison Hill,College of Arts and Sciences,Biology,Social and Behavioral Science,National Aeronautics and Space Administration,Federal,Supplement,Pending,2021-10-31,,,,644000.0,0.0,0.0,0.0
PROP-001250,PI-0030,Dr. Anthony Rodriguez,College of Engineering,Mechanical Engineering,Renewable Energy,Department of Energy,Federal,Resubmission,Declined,2022-04-12,2022-10-09,,,168000.0,0.0,0.0,0.0
PROP-001251,PI-0138,Dr. Courtney Gonzalez,College of Agriculture,Agricultural Economics,Renewable Energy,National Institutes of Health,Federal,Resubmission,Withdrawn,2023-11-10,,,,693000.0,0.0,0.0,0.0
PROP-001252,PI-0035,Dr. Debra Davidson,College of Medicine,Neuroscience,Neuroscience,National Science Foundation,Federal,New,Declined,2022-02-26,2022-06-09,,,1010000.0,0.0,0.0,0.0
PROP-001253,PI-0120,Dr. Jeffrey Chandler,College of Engineering,Computer Science,Advanced Manufacturing,State Department of Public Health,State,Renewal,Declined,2021-10-19,2022-01-11,,,57000.0,0.0,0.0,0.0
PROP-001254,PI-0175,Dr. Nicole Herring,College of Education,Educational Leadership,Data Science,Centers for Disease Control and Prevention,Federal,New,Declined,2022-05-20,2022-07-04,,,715000.0,0.0,0.0,0.0
PROP-001255,PI-0003,Dr. Angie Henderson,College of Engineering,Computer Science,Data Science,Department of Energy,Federal,New,Awarded,2024-09-08,2025-01-09,2025-06-08,2027-06-08,1357000.0,1288227.78,1002639.64,285588.14
PROP-001256,PI-0091,Dr. Matthew Mcmillan,College of Arts and Sciences,Chemistry,Neuroscience,State Research Council,State,New,Awarded,2023-05-22,2023-06-27,2023-10-08,2024-10-07,95000.0,79153.25,64136.18,15017.07
PROP-001257,PI-0070,Dr. William Baker,College of Education,Curriculum and Instruction,Education,National Institutes of Health,Federal,Renewal,Declined,2022-06-21,2023-04-04,,,1894000.0,0.0,0.0,0.0
PROP-001258,PI-0108,Dr. Sierra Johnson,College of Engineering,Civil Engineering,Data Science,National Institutes of Health,Federal,Resubmission,Declined,2024-01-17,2024-06-27,,,740000.0,0.0,0.0,0.0
PROP-001259,PI-0019,Dr. Lisa Jackson,College of Business,Management,Social and Behavioral Science,Department of Agriculture,Federal,Renewal,Declined,2022-05-18,2022-11-03,,,318000.0,0.0,0.0,0.0
PROP-001260,PI-0096,Dr. Anna Henderson,College of Medicine,Public Health,Biomedical Research,National Aeronautics and Space Administration,Federal,Supplement,Awarded,2022-09-07,2023-04-25,2023-07-11,2028-07-09,518000.0,424822.54,309202.65,115619.89
PROP-001261,PI-0121,Dr. Larry Dixon,College of Education,Educational Leadership,Data Science,Health Innovation Partners,Industry,Resubmission,Awarded,2023-04-03,2023-11-13,2024-01-24,2025-01-23,484000.0,433572.03,336761.46,96810.57
PROP-001262,PI-0100,Dr. Stephen Mckee,College of Agriculture,Plant and Soil Sciences,Data Science,State Research Council,State,New,Awarded,2021-12-07,2022-06-26,2022-08-02,2024-08-01,220000.0,177938.31,147516.48,30421.83
PROP-001263,PI-0074,Dr. Lauren Daniels,College of Agriculture,Agricultural Economics,Data Science,National Science Foundation,Federal,New,Awarded,2021-07-23,2021-12-03,2022-01-10,2024-01-10,809000.0,749907.75,572387.2,177520.55
PROP-001264,PI-0051,Dr. Jessica Holmes,College of Agriculture,Animal Sciences,Data Science,National Institutes of Health,Federal,New,Awarded,2024-03-17,2024-09-21,2024-10-23,2027-10-23,271000.0,193413.83,147776.14,45637.69
PROP-001265,PI-0072,Dr. Whitney Peters,College of Education,Educational Leadership,Social and Behavioral Science,Education Advancement Foundation,Foundation,New,Awarded,2023-09-09,2023-11-27,2024-03-20,2028-03-19,211000.0,193636.06,165818.13,27817.93
PROP-001266,PI-0155,Dr. Brenda Hall,College of Arts and Sciences,Psychology,Neuroscience,National Institutes of Health,Federal,Resubmission,Awarded,2024-10-15,2024-12-03,2025-03-17,2027-03-17,187000.0,175559.49,138125.54,37433.95
PROP-001267,PI-0180,Dr. Robert Oconnell,College of Education,Curriculum and Instruction,Education,State Research Council,State,New,Declined,2025-07-11,2025-12-06,,,194000.0,0.0,0.0,0.0
PROP-001268,PI-0042,Dr. Fred Smith,College of Medicine,Public Health,Neuroscience,Advanced Manufacturing Solutions,Industry,Renewal,Declined,2022-05-26,2023-03-08,,,174000.0,0.0,0.0,0.0
PROP-001269,PI-0046,Dr. Philip Cannon,College of Education,Curriculum and Instruction,Data Science,University Research Initiative,Internal,New,Awarded,2023-05-31,2023-11-25,2024-03-26,2029-03-25,38000.0,31701.27,23407.19,8294.08
PROP-001270,PI-0168,Dr. Alyssa Day,College of Education,Educational Leadership,Social and Behavioral Science,National Institutes of Health,Federal,Renewal,Declined,2022-11-02,2023-03-18,,,1366000.0,0.0,0.0,0.0
PROP-001271,PI-0010,Dr. Ryan Munoz,College of Agriculture,Plant and Soil Sciences,Agriculture,Education Advancement Foundation,Foundation,New,Withdrawn,2022-01-16,,,,384000.0,0.0,0.0,0.0
PROP-001272,PI-0089,Dr. Lisa Archer,College of Education,Educational Leadership,Education,National Institutes of Health,Federal,Resubmission,Declined,2021-12-26,2022-10-07,,,853000.0,0.0,0.0,0.0
PROP-001273,PI-0165,Dr. Michael Powell,College of Business,Marketing,Business and Economics,Department of Defense,Federal,New,Awarded,2021-11-17,2022-01-31,2022-03-20,2024-03-19,238000.0,186600.38,143843.88,42756.5
PROP-001274,PI-0160,Dr. Jamie Smith,College of Medicine,Biomedical Sciences,Data Science,National Science Foundation,Federal,New,Awarded,2023-12-23,2024-03-25,2024-09-16,2028-09-15,426000.0,381307.33,282038.78,99268.55
PROP-001275,PI-0062,Dr. Gerald Hensley,College of Medicine,Biomedical Sciences,Biomedical Research,Department of Energy,Federal,New,Declined,2024-12-21,2025-03-27,,,1342000.0,0.0,0.0,0.0
PROP-001276,PI-0024,Dr. Tommy Walter,College of Engineering,Electrical Engineering,Advanced Manufacturing,Department of Energy,Federal,Resubmission,Pending,2023-08-05,,,,601000.0,0.0,0.0,0.0
PROP-001277,PI-0005,Dr. Cristian Santos,College of Arts and Sciences,Biology,Biomedical Research,State Research Council,State,New,Awarded,2025-04-28,2025-06-26,2025-09-26,2030-09-25,944000.0,672885.72,576555.69,96330.03
PROP-001278,PI-0080,Dr. Lisa Barnes,College of Engineering,Mechanical Engineering,Artificial Intelligence,National Institutes of Health,Federal,New,Declined,2024-09-10,2025-05-02,,,726000.0,0.0,0.0,0.0
PROP-001279,PI-0099,Dr. Jessica Smith,College of Engineering,Mechanical Engineering,Artificial Intelligence,National Science Foundation,Federal,Resubmission,Declined,2023-06-15,2024-03-09,,,624000.0,0.0,0.0,0.0
PROP-001280,PI-0054,Dr. Mark Perez,College of Medicine,Biomedical Sciences,Data Science,State Research Council,State,Resubmission,Declined,2021-12-23,2022-04-24,,,171000.0,0.0,0.0,0.0
PROP-001281,PI-0092,Dr. Brian Rodriguez,College of Arts and Sciences,Psychology,Biomedical Research,Community Health Foundation,Foundation,Resubmission,Declined,2022-08-13,2023-04-05,,,206000.0,0.0,0.0,0.0
PROP-001282,PI-0086,Dr. Daniel Baker,College of Arts and Sciences,Biology,Social and Behavioral Science,National Institutes of Health,Federal,New,Declined,2022-09-09,2023-06-09,,,482000.0,0.0,0.0,0.0
PROP-001283,PI-0048,Dr. Shane Henderson,College of Medicine,Biomedical Sciences,Biomedical Research,National Science Foundation,Federal,New,Awarded,2024-02-18,2024-04-04,2024-08-09,2025-08-09,919000.0,683418.15,512485.58,170932.57
PROP-001284,PI-0031,Dr. Rebecca Henderson,College of Arts and Sciences,Biology,Social and Behavioral Science,Bluegrass Technology Corporation,Industry,Supplement,Awarded,2022-09-07,2023-05-11,2023-08-18,2026-08-17,640000.0,614659.96,524532.56,90127.4
PROP-001285,PI-0093,Dr. Denise Jacobs,College of Medicine,Public Health,Neuroscience,National Institutes of Health,Federal,New,Declined,2023-03-03,2023-11-19,,,300000.0,0.0,0.0,0.0
PROP-001286,PI-0031,Dr. Rebecca Henderson,College of Arts and Sciences,Biology,Data Science,National Aeronautics and Space Administration,Federal,Renewal,Awarded,2021-10-19,2022-05-12,2022-08-26,2024-08-25,199000.0,144818.74,122549.94,22268.8
PROP-001287,PI-0051,Dr. Jessica Holmes,College of Agriculture,Animal Sciences,Environmental Science,Department of Energy,Federal,New,Declined,2025-05-11,2025-08-31,,,136000.0,0.0,0.0,0.0
PROP-001288,PI-0152,Dr. Pamela Boyd,College of Engineering,Electrical Engineering,Advanced Manufacturing,Department of Energy,Federal,Renewal,Declined,2021-07-21,2021-11-29,,,791000.0,0.0,0.0,0.0
PROP-001289,PI-0007,Dr. Abigail Shaffer,College of Engineering,Computer Science,Artificial Intelligence,State Department of Public Health,State,New,Awarded,2025-03-22,2025-09-30,2025-11-02,2027-11-02,102000.0,101582.86,86493.3,15089.56
PROP-001290,PI-0014,Dr. Michele Williams,College of Business,Management,Data Science,Community Health Foundation,Foundation,New,Awarded,2025-04-11,2025-05-12,2025-10-04,2027-10-04,47000.0,38630.05,30629.64,8000.41
PROP-001291,PI-0072,Dr. Whitney Peters,College of Education,Educational Leadership,Data Science,Department of Defense,Federal,Supplement,Awarded,2022-09-21,2023-01-14,2023-05-20,2025-05-19,723000.0,667843.97,498393.24,169450.73
PROP-001292,PI-0010,Dr. Ryan Munoz,College of Agriculture,Plant and Soil Sciences,Data Science,National Science Foundation,Federal,New,Declined,2021-07-30,2022-03-06,,,3505000.0,0.0,0.0,0.0
PROP-001293,PI-0009,Dr. Gabrielle Davis,College of Engineering,Mechanical Engineering,Renewable Energy,National Institutes of Health,Federal,Resubmission,Declined,2022-03-13,2022-12-23,,,538000.0,0.0,0.0,0.0
PROP-001294,PI-0153,Dr. Denise Jones,College of Arts and Sciences,Physics,Data Science,Department of Defense,Federal,New,Declined,2023-11-20,2024-09-12,,,1013000.0,0.0,0.0,0.0
PROP-001295,PI-0026,Dr. Judy Baker,College of Education,Educational Leadership,Social and Behavioral Science,National Institutes of Health,Federal,New,Declined,2022-06-28,2022-10-19,,,575000.0,0.0,0.0,0.0
PROP-001296,PI-0149,Dr. Kathy Rivas,College of Education,Educational Leadership,Data Science,Department of Defense,Federal,New,Declined,2025-04-24,2026-01-02,,,502000.0,0.0,0.0,0.0
PROP-001297,PI-0021,Dr. Margaret Hawkins DDS,College of Agriculture,Agricultural Economics,Data Science,State Department of Public Health,State,Resubmission,Pending,2022-01-20,,,,380000.0,0.0,0.0,0.0
PROP-001298,PI-0138,Dr. Courtney Gonzalez,College of Agriculture,Agricultural Economics,Agriculture,Advanced Manufacturing Solutions,Industry,New,Declined,2024-12-14,2025-08-11,,,267000.0,0.0,0.0,0.0
PROP-001299,PI-0020,Dr. Carla Gray,College of Engineering,Mechanical Engineering,Artificial Intelligence,Department of Agriculture,Federal,Renewal,Pending,2022-01-21,,,,660000.0,0.0,0.0,0.0
PROP-001300,PI-0049,Dr. Joshua Blair,College of Agriculture,Plant and Soil Sciences,Renewable Energy,Department of Agriculture,Federal,Resubmission,Declined,2023-11-09,2024-03-26,,,688000.0,0.0,0.0,0.0
PROP-001301,PI-0047,Dr. John Pierce,College of Medicine,Neuroscience,Neuroscience,Bluegrass Technology Corporation,Industry,New,Awarded,2024-02-17,2024-11-10,2025-03-25,2029-03-24,205000.0,201958.92,155323.76,46635.16
PROP-001302,PI-0119,Dr. Victor Baker,College of Medicine,Neuroscience,Biomedical Research,Community Health Foundation,Foundation,Renewal,Declined,2022-12-31,2023-06-14,,,360000.0,0.0,0.0,0.0
PROP-001303,PI-0069,Dr. James Brown,College of Engineering,Mechanical Engineering,Renewable Energy,Health Innovation Partners,Industry,Renewal,Awarded,2022-11-07,2022-12-23,2023-01-25,2024-01-25,290000.0,203361.71,172301.92,31059.79
PROP-001304,PI-0045,Dr. Angelica Tucker,College of Agriculture,Animal Sciences,Environmental Science,Advanced Manufacturing Solutions,Industry,Resubmission,Declined,2025-08-27,2026-03-07,,,193000.0,0.0,0.0,0.0
PROP-001305,PI-0047,Dr. John Pierce,College of Medicine,Neuroscience,Public Health,National Science Foundation,Federal,New,Declined,2024-08-12,2025-03-30,,,808000.0,0.0,0.0,0.0
PROP-001306,PI-0118,Dr. Ashley Waller,College of Engineering,Civil Engineering,Data Science,Department of Education,Federal,New,Awarded,2024-09-26,2025-05-13,2025-07-26,2029-07-25,275000.0,227900.95,194061.04,33839.91
PROP-001307,PI-0092,Dr. Brian Rodriguez,College of Arts and Sciences,Psychology,Social and Behavioral Science,Department of Agriculture,Federal,New,Awarded,2022-03-16,2022-11-01,2023-02-05,2028-02-04,552000.0,469904.97,379872.0,90032.97
PROP-001308,PI-0022,Dr. Patty Perez,College of Education,Curriculum and Instruction,Education,Education Advancement Foundation,Foundation,New,Awarded,2023-12-13,2024-03-30,2024-05-06,2029-05-05,188000.0,132250.75,109477.77,22772.98
PROP-001309,PI-0146,Dr. Joyce Solis,College of Arts and Sciences,Chemistry,Neuroscience,Community Health Foundation,Foundation,New,Awarded,2025-08-29,2026-03-30,2026-06-15,2028-06-14,383000.0,352456.04,302293.79,50162.25
PROP-001310,PI-0156,Dr. Michelle Brown,College of Arts and Sciences,Biology,Environmental Science,National Science Foundation,Federal,New,Awarded,2023-08-14,2024-01-31,2024-03-22,2026-03-22,771000.0,717891.57,583140.51,134751.06
PROP-001311,PI-0055,Dr. Shannon Jones,College of Arts and Sciences,Biology,Biomedical Research,Department of Education,Federal,New,Awarded,2024-01-27,2024-05-08,2024-08-18,2027-08-18,530000.0,518424.65,382170.11,136254.54
PROP-001312,PI-0036,Dr. Jeffrey Chavez,College of Arts and Sciences,Biology,Environmental Science,National Institutes of Health,Federal,New,Declined,2022-08-30,2023-04-17,,,998000.0,0.0,0.0,0.0
PROP-001313,PI-0022,Dr. Patty Perez,College of Education,Curriculum and Instruction,Education,Department of Agriculture,Federal,New,Awarded,2025-01-02,2025-08-12,2025-11-30,2029-11-29,1533000.0,1108196.2,904539.77,203656.43
PROP-001314,PI-0133,Dr. Mary Marshall,College of Engineering,Electrical Engineering,Data Science,National Science Foundation,Federal,New,Awarded,2024-09-04,2024-12-03,2025-03-30,2028-03-29,821000.0,730167.86,613102.42,117065.44
PROP-001315,PI-0011,Dr. Monica Herrera,College of Agriculture,Plant and Soil Sciences,Renewable Energy,University Research Initiative,Internal,New,Awarded,2024-06-03,2024-10-09,2024-11-15,2029-11-14,54000.0,49815.49,42329.3,7486.19
PROP-001316,PI-0076,Dr. Sarah Moore,College of Arts and Sciences,Chemistry,Biomedical Research,Department of Agriculture,Federal,Renewal,Awarded,2023-07-18,2024-01-31,2024-04-05,2026-04-05,202000.0,148356.18,111322.63,37033.55
PROP-001317,PI-0074,Dr. Lauren Daniels,College of Agriculture,Agricultural Economics,Agriculture,State Department of Public Health,State,Resubmission,Awarded,2024-03-13,2024-09-09,2025-02-05,2029-02-04,105000.0,79775.98,58465.88,21310.1
PROP-001318,PI-0157,Dr. Joshua Perry,College of Engineering,Electrical Engineering,Advanced Manufacturing,Department of Agriculture,Federal,New,Awarded,2022-06-20,2022-12-10,2023-04-19,2024-04-18,430000.0,326526.06,273774.15,52751.91
PROP-001319,PI-0080,Dr. Lisa Barnes,College of Engineering,Mechanical Engineering,Environmental Science,Advanced Manufacturing Solutions,Industry,New,Awarded,2022-08-26,2023-05-11,2023-09-26,2028-09-24,214000.0,211031.53,166355.41,44676.12
PROP-001320,PI-0179,Dr. Lawrence Adkins,College of Medicine,Internal Medicine,Public Health,Advanced Manufacturing Solutions,Industry,Renewal,Declined,2023-11-27,2024-04-07,,,288000.0,0.0,0.0,0.0
PROP-001321,PI-0115,Dr. Garrett Lin,College of Engineering,Computer Science,Environmental Science,Department of Energy,Federal,Resubmission,Declined,2024-01-07,2024-05-01,,,564000.0,0.0,0.0,0.0
PROP-001322,PI-0167,Dr. Alyssa Long,College of Education,Educational Leadership,Education,Education Advancement Foundation,Foundation,New,Declined,2024-11-18,2025-06-16,,,267000.0,0.0,0.0,0.0
PROP-001323,PI-0056,Dr. Michael Lewis,College of Arts and Sciences,Physics,Data Science,National Institutes of Health,Federal,New,Awarded,2022-07-16,2023-02-21,2023-06-26,2025-06-25,513000.0,414156.88,302404.78,111752.1
PROP-001324,PI-0098,Dr. Deborah Figueroa,College of Arts and Sciences,Biology,Social and Behavioral Science,National Institutes of Health,Federal,New,Awarded,2023-05-05,2023-11-15,2024-02-12,2029-02-10,778000.0,594494.48,475266.05,119228.43
PROP-001325,PI-0137,Dr. Robert Potter,College of Medicine,Public Health,Biomedical Research,Department of Energy,Federal,New,Declined,2022-01-27,2022-07-18,,,567000.0,0.0,0.0,0.0
PROP-001326,PI-0047,Dr. John Pierce,College of Medicine,Neuroscience,Biomedical Research,Centers for Disease Control and Prevention,Federal,Renewal,Declined,2023-12-09,2024-06-18,,,123000.0,0.0,0.0,0.0
PROP-001327,PI-0180,Dr. Robert Oconnell,College of Education,Curriculum and Instruction,Social and Behavioral Science,National Science Foundation,Federal,New,Declined,2021-10-04,2022-03-23,,,267000.0,0.0,0.0,0.0
PROP-001328,PI-0151,Dr. David Wright,College of Agriculture,Plant and Soil Sciences,Renewable Energy,National Institutes of Health,Federal,New,Declined,2024-10-23,2025-06-06,,,485000.0,0.0,0.0,0.0
PROP-001329,PI-0062,Dr. Gerald Hensley,College of Medicine,Biomedical Sciences,Neuroscience,Centers for Disease Control and Prevention,Federal,New,Declined,2024-09-22,2024-10-24,,,218000.0,0.0,0.0,0.0
PROP-001330,PI-0167,Dr. Alyssa Long,College of Education,Educational Leadership,Social and Behavioral Science,National Science Foundation,Federal,Resubmission,Declined,2024-06-27,2025-04-23,,,847000.0,0.0,0.0,0.0
PROP-001331,PI-0056,Dr. Michael Lewis,College of Arts and Sciences,Physics,Biomedical Research,Department of Energy,Federal,New,Declined,2023-10-29,2024-04-30,,,1703000.0,0.0,0.0,0.0
PROP-001332,PI-0072,Dr. Whitney Peters,College of Education,Educational Leadership,Social and Behavioral Science,Department of Energy,Federal,New,Awarded,2023-04-03,2023-10-02,2024-02-25,2028-02-24,1348000.0,1143300.24,830710.74,312589.5
PROP-001333,PI-0140,Dr. Angel Perry,College of Arts and Sciences,Physics,Biomedical Research,Health Innovation Partners,Industry,Resubmission,Awarded,2022-10-02,2022-12-24,2023-04-15,2027-04-14,282000.0,201446.78,145334.88,56111.9
PROP-001334,PI-0162,Dr. Jennifer Adkins,College of Education,Educational Leadership,Education,National Science Foundation,Federal,New,Pending,2023-07-26,,,,1653000.0,0.0,0.0,0.0
PROP-001335,PI-0042,Dr. Fred Smith,College of Medicine,Public Health,Biomedical Research,Community Health Foundation,Foundation,Resubmission,Awarded,2021-09-27,2021-12-04,2022-03-11,2025-03-10,208000.0,152514.14,130033.6,22480.54
PROP-001336,PI-0090,Dr. Aimee Montoya,College of Medicine,Internal Medicine,Data Science,National Science Foundation,Federal,New,Awarded,2024-01-30,2024-05-14,2024-11-09,2028-11-08,420000.0,309107.58,236376.6,72730.98
PROP-001337,PI-0055,Dr. Shannon Jones,College of Arts and Sciences,Biology,Data Science,State Research Council,State,New,Awarded,2024-03-05,2024-09-15,2025-02-15,2027-02-15,140000.0,125773.3,107748.59,18024.71
PROP-001338,PI-0167,Dr. Alyssa Long,College of Education,Educational Leadership,Education,National Science Foundation,Federal,New,Awarded,2024-08-17,2024-12-30,2025-02-17,2026-02-17,431000.0,409735.59,308913.05,100822.54
PROP-001339,PI-0115,Dr. Garrett Lin,College of Engineering,Computer Science,Advanced Manufacturing,National Institutes of Health,Federal,New,Awarded,2023-08-28,2024-01-11,2024-06-24,2029-06-23,404000.0,305575.59,224486.48,81089.11
PROP-001340,PI-0074,Dr. Lauren Daniels,College of Agriculture,Agricultural Economics,Data Science,Bluegrass Technology Corporation,Industry,New,Awarded,2022-05-12,2022-08-16,2022-11-10,2025-11-09,369000.0,352152.23,258758.81,93393.42
PROP-001341,PI-0006,Dr. Connie Lawrence,College of Engineering,Electrical Engineering,Advanced Manufacturing,Regional Research Alliance,Nonprofit,Resubmission,Declined,2023-09-28,2024-02-01,,,154000.0,0.0,0.0,0.0
PROP-001342,PI-0022,Dr. Patty Perez,College of Education,Curriculum and Instruction,Education,National Science Foundation,Federal,New,Awarded,2024-09-25,2024-12-18,2025-02-14,2027-02-14,542000.0,484827.07,359072.9,125754.17
PROP-001343,PI-0079,Dr. Steve Sanchez,College of Agriculture,Agricultural Economics,Agriculture,Future Science Foundation,Foundation,New,Awarded,2025-03-17,2025-06-15,2025-12-02,2026-12-02,251000.0,215675.67,165913.68,49761.99
PROP-001344,PI-0005,Dr. Cristian Santos,College of Arts and Sciences,Biology,Social and Behavioral Science,Department of Defense,Federal,New,Declined,2024-05-06,2024-11-22,,,1320000.0,0.0,0.0,0.0
PROP-001345,PI-0143,Dr. Patricia Rodriguez,College of Medicine,Biomedical Sciences,Biomedical Research,Department of Defense,Federal,New,Awarded,2023-08-23,2024-02-19,2024-05-07,2028-05-06,1101000.0,1012480.13,788886.42,223593.71
PROP-001346,PI-0114,Dr. Crystal Johnson,College of Engineering,Mechanical Engineering,Data Science,Centers for Disease Control and Prevention,Federal,New,Declined,2023-12-05,2024-02-28,,,177000.0,0.0,0.0,0.0
PROP-001347,PI-0054,Dr. Mark Perez,College of Medicine,Biomedical Sciences,Biomedical Research,State Research Council,State,Supplement,Awarded,2021-10-17,2022-03-18,2022-05-03,2027-05-02,40000.0,38740.7,31013.18,7727.52
PROP-001348,PI-0161,Dr. Paul Castaneda,College of Medicine,Biomedical Sciences,Biomedical Research,National Science Foundation,Federal,Resubmission,Declined,2023-10-07,2024-05-24,,,1089000.0,0.0,0.0,0.0
PROP-001349,PI-0053,Dr. Crystal Robinson,College of Medicine,Public Health,Data Science,National Institutes of Health,Federal,Renewal,Pending,2023-01-01,,,,194000.0,0.0,0.0,0.0
PROP-001350,PI-0066,Dr. Amber Kidd,College of Medicine,Neuroscience,Data Science,National Science Foundation,Federal,Renewal,Declined,2023-02-10,2023-08-06,,,457000.0,0.0,0.0,0.0
PROP-001351,PI-0105,Dr. Richard Henson,College of Medicine,Biomedical Sciences,Biomedical Research,National Institutes of Health,Federal,New,Declined,2024-03-03,2024-09-05,,,225000.0,0.0,0.0,0.0
PROP-001352,PI-0102,Dr. Cameron Parker,College of Arts and Sciences,Chemistry,Environmental Science,National Science Foundation,Federal,Renewal,Awarded,2023-05-12,2023-06-17,2023-11-15,2027-11-14,140000.0,135794.51,100468.48,35326.03
PROP-001353,PI-0074,Dr. Lauren Daniels,College of Agriculture,Agricultural Economics,Data Science,National Institutes of Health,Federal,Supplement,Pending,2022-06-15,,,,811000.0,0.0,0.0,0.0
PROP-001354,PI-0128,Dr. Jason Powell,College of Arts and Sciences,Physics,Biomedical Research,Centers for Disease Control and Prevention,Federal,Supplement,Declined,2024-03-27,2024-08-30,,,955000.0,0.0,0.0,0.0
PROP-001355,PI-0166,Dr. John Anderson,College of Engineering,Electrical Engineering,Advanced Manufacturing,National Institutes of Health,Federal,Resubmission,Declined,2023-02-16,2023-07-12,,,351000.0,0.0,0.0,0.0
PROP-001356,PI-0030,Dr. Anthony Rodriguez,College of Engineering,Mechanical Engineering,Environmental Science,Department of Agriculture,Federal,Renewal,Declined,2022-01-21,2022-07-25,,,77000.0,0.0,0.0,0.0
PROP-001357,PI-0093,Dr. Denise Jacobs,College of Medicine,Public Health,Public Health,Department of Defense,Federal,Renewal,Withdrawn,2022-12-10,,,,359000.0,0.0,0.0,0.0
PROP-001358,PI-0101,Dr. Sandra Aguilar,College of Medicine,Neuroscience,Data Science,National Science Foundation,Federal,New,Declined,2023-03-09,2023-09-25,,,725000.0,0.0,0.0,0.0
PROP-001359,PI-0173,Dr. Joshua Cooke,College of Engineering,Computer Science,Environmental Science,Bluegrass Technology Corporation,Industry,Resubmission,Pending,2024-11-02,,,,116000.0,0.0,0.0,0.0
PROP-001360,PI-0100,Dr. Stephen Mckee,College of Agriculture,Plant and Soil Sciences,Renewable Energy,National Institutes of Health,Federal,Renewal,Declined,2021-08-12,2021-11-25,,,620000.0,0.0,0.0,0.0
PROP-001361,PI-0109,Dr. Evelyn Galvan,College of Medicine,Public Health,Data Science,Health Innovation Partners,Industry,Renewal,Awarded,2024-04-15,2024-12-21,2025-04-22,2027-04-22,324000.0,229803.93,184041.19,45762.74
PROP-001362,PI-0133,Dr. Mary Marshall,College of Engineering,Electrical Engineering,Artificial Intelligence,National Science Foundation,Federal,Supplement,Declined,2023-01-12,2023-09-29,,,834000.0,0.0,0.0,0.0
PROP-001363,PI-0036,Dr. Jeffrey Chavez,College of Arts and Sciences,Biology,Neuroscience,National Science Foundation,Federal,Resubmission,Declined,2023-05-10,2023-12-26,,,591000.0,0.0,0.0,0.0
PROP-001364,PI-0005,Dr. Cristian Santos,College of Arts and Sciences,Biology,Neuroscience,Department of Defense,Federal,Supplement,Awarded,2021-09-23,2021-12-24,2022-05-13,2026-05-12,260000.0,227202.31,185909.88,41292.43
PROP-001365,PI-0118,Dr. Ashley Waller,College of Engineering,Civil Engineering,Environmental Science,Regional Research Alliance,Nonprofit,Renewal,Awarded,2021-07-18,2022-04-12,2022-06-19,2027-06-18,287000.0,243857.62,198981.41,44876.21
PROP-001366,PI-0089,Dr. Lisa Archer,College of Education,Educational Leadership,Social and Behavioral Science,Department of Education,Federal,Renewal,Awarded,2023-02-11,2023-10-31,2023-12-10,2025-12-09,480000.0,345304.77,262867.31,82437.46
PROP-001367,PI-0119,Dr. Victor Baker,College of Medicine,Neuroscience,Public Health,Advanced Manufacturing Solutions,Industry,New,Awarded,2021-07-11,2021-08-10,2021-09-21,2024-09-20,322000.0,266969.19,216895.24,50073.95
PROP-001368,PI-0079,Dr. Steve Sanchez,College of Agriculture,Agricultural Economics,Environmental Science,Department of Energy,Federal,New,Pending,2025-03-24,,,,268000.0,0.0,0.0,0.0
PROP-001369,PI-0164,Dr. Jeffrey Johnson,College of Medicine,Public Health,Neuroscience,Education Advancement Foundation,Foundation,Renewal,Awarded,2025-08-10,2025-10-20,2026-02-01,2028-02-01,142000.0,107780.59,86432.65,21347.94
PROP-001370,PI-0033,Dr. Tricia Valencia,College of Arts and Sciences,Chemistry,Biomedical Research,Department of Agriculture,Federal,New,Declined,2025-01-25,2025-09-09,,,278000.0,0.0,0.0,0.0
PROP-001371,PI-0159,Dr. Melissa Gates,College of Arts and Sciences,Chemistry,Data Science,Department of Defense,Federal,Resubmission,Pending,2023-03-11,,,,475000.0,0.0,0.0,0.0
PROP-001372,PI-0137,Dr. Robert Potter,College of Medicine,Public Health,Public Health,National Science Foundation,Federal,New,Pending,2024-09-27,,,,1951000.0,0.0,0.0,0.0
PROP-001373,PI-0021,Dr. Margaret Hawkins DDS,College of Agriculture,Agricultural Economics,Environmental Science,State Research Council,State,New,Awarded,2024-08-09,2025-02-07,2025-08-01,2029-07-31,86000.0,65347.7,49840.66,15507.04
PROP-001374,PI-0098,Dr. Deborah Figueroa,College of Arts and Sciences,Biology,Neuroscience,National Science Foundation,Federal,Renewal,Declined,2022-01-13,2022-04-23,,,161000.0,0.0,0.0,0.0
PROP-001375,PI-0048,Dr. Shane Henderson,College of Medicine,Biomedical Sciences,Data Science,State Research Council,State,New,Declined,2023-07-03,2024-03-28,,,544000.0,0.0,0.0,0.0
PROP-001376,PI-0152,Dr. Pamela Boyd,College of Engineering,Electrical Engineering,Renewable Energy,Department of Defense,Federal,New,Declined,2021-08-26,2021-10-08,,,462000.0,0.0,0.0,0.0
PROP-001377,PI-0177,Dr. Michael Elliott,College of Medicine,Neuroscience,Data Science,National Institutes of Health,Federal,New,Pending,2022-11-09,,,,327000.0,0.0,0.0,0.0
PROP-001378,PI-0002,Dr. Noah Rhodes,College of Agriculture,Plant and Soil Sciences,Data Science,National Institutes of Health,Federal,New,Declined,2023-02-21,2023-04-19,,,1179000.0,0.0,0.0,0.0
PROP-001379,PI-0111,Dr. Richard Rodriguez,College of Medicine,Public Health,Data Science,National Institutes of Health,Federal,Renewal,Declined,2024-05-26,2025-02-15,,,343000.0,0.0,0.0,0.0
PROP-001380,PI-0042,Dr. Fred Smith,College of Medicine,Public Health,Biomedical Research,National Institutes of Health,Federal,New,Withdrawn,2022-02-05,,,,2125000.0,0.0,0.0,0.0
PROP-001381,PI-0070,Dr. William Baker,College of Education,Curriculum and Instruction,Social and Behavioral Science,Centers for Disease Control and Prevention,Federal,Resubmission,Declined,2025-05-15,2025-11-30,,,898000.0,0.0,0.0,0.0
PROP-001382,PI-0106,Dr. Marc Moore,College of Engineering,Computer Science,Artificial Intelligence,National Institutes of Health,Federal,New,Declined,2025-07-08,2025-09-03,,,375000.0,0.0,0.0,0.0
PROP-001383,PI-0081,Dr. Kelly Donovan,College of Medicine,Internal Medicine,Neuroscience,Department of Agriculture,Federal,New,Withdrawn,2022-04-06,,,,2725000.0,0.0,0.0,0.0
PROP-001384,PI-0097,Dr. Aaron Wise,College of Medicine,Biomedical Sciences,Neuroscience,Future Science Foundation,Foundation,Renewal,Awarded,2025-01-07,2025-02-09,2025-07-13,2030-07-12,128000.0,101538.21,87168.75,14369.46
PROP-001385,PI-0011,Dr. Monica Herrera,College of Agriculture,Plant and Soil Sciences,Environmental Science,National Institutes of Health,Federal,New,Declined,2022-03-05,2022-12-26,,,943000.0,0.0,0.0,0.0
PROP-001386,PI-0030,Dr. Anthony Rodriguez,College of Engineering,Mechanical Engineering,Artificial Intelligence,National Science Foundation,Federal,New,Awarded,2024-05-01,2024-08-01,2024-11-15,2028-11-14,676000.0,563205.86,409896.41,153309.45
PROP-001387,PI-0129,Dr. Cameron Fisher,College of Engineering,Civil Engineering,Advanced Manufacturing,University Research Initiative,Internal,Resubmission,Declined,2024-07-24,2025-01-03,,,104000.0,0.0,0.0,0.0
PROP-001388,PI-0100,Dr. Stephen Mckee,College of Agriculture,Plant and Soil Sciences,Renewable Energy,Health Innovation Partners,Industry,New,Awarded,2025-01-23,2025-06-25,2025-09-06,2030-09-05,978000.0,690954.42,511193.0,179761.42
PROP-001389,PI-0063,Dr. Connor West,College of Education,Curriculum and Instruction,Data Science,State Research Council,State,New,Declined,2023-02-13,2023-05-05,,,213000.0,0.0,0.0,0.0
PROP-001390,PI-0148,Dr. Stephanie Salazar,College of Medicine,Internal Medicine,Data Science,Department of Energy,Federal,New,Declined,2022-02-05,2022-10-30,,,307000.0,0.0,0.0,0.0
PROP-001391,PI-0129,Dr. Cameron Fisher,College of Engineering,Civil Engineering,Advanced Manufacturing,Advanced Manufacturing Solutions,Industry,New,Awarded,2022-03-04,2022-09-05,2022-10-13,2027-10-12,452000.0,392906.75,283499.02,109407.73
PROP-001392,PI-0133,Dr. Mary Marshall,College of Engineering,Electrical Engineering,Advanced Manufacturing,National Institutes of Health,Federal,Resubmission,Withdrawn,2024-02-14,,,,325000.0,0.0,0.0,0.0
PROP-001393,PI-0038,Dr. Cassandra Gaines,College of Agriculture,Animal Sciences,Renewable Energy,National Science Foundation,Federal,Supplement,Declined,2024-04-26,2024-09-10,,,2446000.0,0.0,0.0,0.0
PROP-001394,PI-0172,Dr. Darlene Miller,College of Agriculture,Animal Sciences,Data Science,Future Science Foundation,Foundation,New,Declined,2022-06-23,2022-10-08,,,207000.0,0.0,0.0,0.0
PROP-001395,PI-0088,Dr. Christopher Bass,College of Engineering,Computer Science,Renewable Energy,State Research Council,State,New,Declined,2022-04-13,2022-10-02,,,165000.0,0.0,0.0,0.0
PROP-001396,PI-0156,Dr. Michelle Brown,College of Arts and Sciences,Biology,Social and Behavioral Science,Community Health Foundation,Foundation,New,Declined,2024-03-17,2024-10-25,,,213000.0,0.0,0.0,0.0
PROP-001397,PI-0152,Dr. Pamela Boyd,College of Engineering,Electrical Engineering,Advanced Manufacturing,Department of Education,Federal,New,Declined,2024-05-04,2025-02-27,,,197000.0,0.0,0.0,0.0
PROP-001398,PI-0126,Dr. Erin Edwards,College of Arts and Sciences,Physics,Social and Behavioral Science,National Institutes of Health,Federal,New,Pending,2023-06-13,,,,261000.0,0.0,0.0,0.0
PROP-001399,PI-0171,Dr. Jamie Walton,College of Agriculture,Agricultural Economics,Renewable Energy,National Institutes of Health,Federal,New,Declined,2022-10-18,2023-01-05,,,1329000.0,0.0,0.0,0.0
PROP-001400,PI-0131,Dr. Elizabeth Kelley,College of Medicine,Biomedical Sciences,Biomedical Research,Department of Agriculture,Federal,Renewal,Awarded,2022-10-18,2023-03-18,2023-05-13,2025-05-12,330000.0,328151.51,273415.11,54736.4
PROP-001401,PI-0066,Dr. Amber Kidd,College of Medicine,Neuroscience,Data Science,Bluegrass Technology Corporation,Industry,New,Awarded,2024-12-05,2025-02-10,2025-07-03,2028-07-02,157000.0,121697.79,88259.93,33437.86
PROP-001402,PI-0026,Dr. Judy Baker,College of Education,Educational Leadership,Data Science,Department of Education,Federal,New,Awarded,2022-02-06,2022-06-18,2022-09-06,2025-09-05,808000.0,734971.12,568035.7,166935.42
PROP-001403,PI-0030,Dr. Anthony Rodriguez,College of Engineering,Mechanical Engineering,Advanced Manufacturing,Department of Defense,Federal,New,Awarded,2022-05-28,2022-10-03,2022-11-24,2027-11-23,1315000.0,1091737.86,866833.44,224904.42
PROP-001404,PI-0019,Dr. Lisa Jackson,College of Business,Management,Business and Economics,Department of Education,Federal,Renewal,Awarded,2022-04-14,2022-12-08,2023-06-01,2028-05-30,927000.0,897324.23,691243.44,206080.79
PROP-001405,PI-0048,Dr. Shane Henderson,College of Medicine,Biomedical Sciences,Biomedical Research,Department of Energy,Federal,Renewal,Pending,2025-07-31,,,,1141000.0,0.0,0.0,0.0
PROP-001406,PI-0066,Dr. Amber Kidd,College of Medicine,Neuroscience,Data Science,National Science Foundation,Federal,New,Declined,2024-04-21,2024-11-17,,,306000.0,0.0,0.0,0.0
PROP-001407,PI-0008,Dr. Gina Moore,College of Arts and Sciences,Psychology,Social and Behavioral Science,Department of Education,Federal,New,Awarded,2021-11-15,2022-01-20,2022-07-14,2023-07-14,186000.0,154689.4,124921.88,29767.52
PROP-001408,PI-0048,Dr. Shane Henderson,College of Medicine,Biomedical Sciences,Neuroscience,Bluegrass Technology Corporation,Industry,New,Awarded,2022-10-16,2022-11-26,2023-02-21,2026-02-20,937000.0,670370.75,533397.46,136973.29
PROP-001409,PI-0028,Dr. Stephanie Ross,College of Arts and Sciences,Physics,Social and Behavioral Science,Department of Defense,Federal,New,Pending,2022-05-20,,,,424000.0,0.0,0.0,0.0
PROP-001410,PI-0147,Dr. Victoria Larson,College of Arts and Sciences,Physics,Social and Behavioral Science,National Institutes of Health,Federal,New,Pending,2024-12-03,,,,448000.0,0.0,0.0,0.0
PROP-001411,PI-0058,Dr. Richard Aguirre,College of Engineering,Civil Engineering,Environmental Science,Department of Energy,Federal,New,Declined,2022-02-13,2022-11-11,,,1463000.0,0.0,0.0,0.0
PROP-001412,PI-0091,Dr. Matthew Mcmillan,College of Arts and Sciences,Chemistry,Social and Behavioral Science,State Research Council,State,New,Declined,2022-08-15,2023-03-04,,,300000.0,0.0,0.0,0.0
PROP-001413,PI-0076,Dr. Sarah Moore,College of Arts and Sciences,Chemistry,Biomedical Research,National Institutes of Health,Federal,New,Declined,2025-03-20,2025-05-20,,,761000.0,0.0,0.0,0.0
PROP-001414,PI-0083,Dr. Michael Evans,College of Engineering,Electrical Engineering,Data Science,Department of Agriculture,Federal,Resubmission,Declined,2024-12-01,2025-01-18,,,2741000.0,0.0,0.0,0.0
PROP-001415,PI-0160,Dr. Jamie Smith,College of Medicine,Biomedical Sciences,Public Health,University Research Initiative,Internal,Supplement,Awarded,2024-12-06,2025-09-07,2025-11-09,2028-11-08,39000.0,38173.55,32228.12,5945.43
PROP-001416,PI-0163,Dr. Lindsey Walker,College of Arts and Sciences,Biology,Biomedical Research,National Institutes of Health,Federal,New,Awarded,2023-06-18,2023-11-11,2023-12-16,2024-12-15,1084000.0,899128.86,685566.49,213562.37
PROP-001417,PI-0121,Dr. Larry Dixon,College of Education,Educational Leadership,Education,Bluegrass Technology Corporation,Industry,Resubmission,Declined,2023-08-16,2023-09-24,,,341000.0,0.0,0.0,0.0
PROP-001418,PI-0126,Dr. Erin Edwards,College of Arts and Sciences,Physics,Neuroscience,Department of Agriculture,Federal,New,Declined,2022-03-14,2022-11-19,,,661000.0,0.0,0.0,0.0
PROP-001419,PI-0138,Dr. Courtney Gonzalez,College of Agriculture,Agricultural Economics,Renewable Energy,National Aeronautics and Space Administration,Federal,New,Awarded,2024-12-12,2025-04-20,2025-08-15,2029-08-14,1700000.0,1691092.62,1304642.81,386449.81
PROP-001420,PI-0088,Dr. Christopher Bass,College of Engineering,Computer Science,Artificial Intelligence,National Science Foundation,Federal,New,Awarded,2023-10-24,2023-12-16,2024-01-18,2026-01-17,791000.0,731075.98,617296.39,113779.59
PROP-001421,PI-0155,Dr. Brenda Hall,College of Arts and Sciences,Psychology,Biomedical Research,National Institutes of Health,Federal,New,Awarded,2021-09-28,2022-03-02,2022-06-14,2024-06-13,809000.0,642538.35,516818.17,125720.18
PROP-001422,PI-0047,Dr. John Pierce,College of Medicine,Neuroscience,Data Science,Department of Agriculture,Federal,New,Awarded,2022-11-25,2023-06-25,2023-09-19,2027-09-18,1208000.0,1185665.34,887850.55,297814.79
PROP-001423,PI-0022,Dr. Patty Perez,College of Education,Curriculum and Instruction,Data Science,National Science Foundation,Federal,New,Declined,2025-02-28,2025-08-02,,,411000.0,0.0,0.0,0.0
PROP-001424,PI-0033,Dr. Tricia Valencia,College of Arts and Sciences,Chemistry,Neuroscience,Future Science Foundation,Foundation,New,Declined,2022-01-30,2022-03-28,,,110000.0,0.0,0.0,0.0
PROP-001425,PI-0108,Dr. Sierra Johnson,College of Engineering,Civil Engineering,Renewable Energy,Future Science Foundation,Foundation,Renewal,Declined,2023-01-24,2023-04-04,,,96000.0,0.0,0.0,0.0
PROP-001426,PI-0075,Dr. Amy Silva,College of Agriculture,Plant and Soil Sciences,Environmental Science,Community Health Foundation,Foundation,Resubmission,Declined,2023-03-17,2023-08-01,,,53000.0,0.0,0.0,0.0
PROP-001427,PI-0180,Dr. Robert Oconnell,College of Education,Curriculum and Instruction,Education,Department of Energy,Federal,Resubmission,Awarded,2022-10-25,2023-07-14,2023-09-11,2024-09-10,2526000.0,2297403.52,1863164.69,434238.83
PROP-001428,PI-0094,Dr. Christina Walters,College of Agriculture,Plant and Soil Sciences,Renewable Energy,Health Innovation Partners,Industry,New,Declined,2023-03-08,2023-05-20,,,151000.0,0.0,0.0,0.0
PROP-001429,PI-0135,Dr. Rebecca Jackson,College of Business,Finance,Business and Economics,National Science Foundation,Federal,New,Declined,2023-08-23,2024-04-05,,,458000.0,0.0,0.0,0.0
PROP-001430,PI-0139,Dr. David Alvarez,College of Medicine,Biomedical Sciences,Data Science,National Institutes of Health,Federal,New,Awarded,2023-11-30,2024-01-15,2024-07-01,2027-07-01,439000.0,377429.19,306644.74,70784.45
PROP-001431,PI-0090,Dr. Aimee Montoya,College of Medicine,Internal Medicine,Biomedical Research,Community Health Foundation,Foundation,Renewal,Awarded,2022-12-20,2023-02-02,2023-05-30,2028-05-28,231000.0,217849.89,174875.56,42974.33
PROP-001432,PI-0123,Dr. April Frost,College of Medicine,Neuroscience,Data Science,Health Innovation Partners,Industry,Renewal,Pending,2021-10-25,,,,580000.0,0.0,0.0,0.0
PROP-001433,PI-0094,Dr. Christina Walters,College of Agriculture,Plant and Soil Sciences,Agriculture,National Aeronautics and Space Administration,Federal,Supplement,Pending,2023-02-09,,,,1030000.0,0.0,0.0,0.0
PROP-001434,PI-0093,Dr. Denise Jacobs,College of Medicine,Public Health,Data Science,Department of Defense,Federal,Renewal,Declined,2022-12-15,2023-04-07,,,349000.0,0.0,0.0,0.0
PROP-001435,PI-0008,Dr. Gina Moore,College of Arts and Sciences,Psychology,Data Science,Department of Agriculture,Federal,Supplement,Awarded,2021-08-01,2022-01-18,2022-03-10,2024-03-09,477000.0,374068.19,305076.48,68991.71
PROP-001436,PI-0077,Dr. Angela Lopez,College of Medicine,Public Health,Public Health,Department of Energy,Federal,New,Declined,2023-07-11,2023-12-25,,,668000.0,0.0,0.0,0.0
PROP-001437,PI-0179,Dr. Lawrence Adkins,College of Medicine,Internal Medicine,Public Health,Bluegrass Technology Corporation,Industry,Resubmission,Declined,2022-03-12,2022-09-15,,,275000.0,0.0,0.0,0.0
PROP-001438,PI-0071,Dr. Jordan Henderson,College of Engineering,Electrical Engineering,Environmental Science,State Research Council,State,Resubmission,Pending,2023-12-26,,,,594000.0,0.0,0.0,0.0
PROP-001439,PI-0047,Dr. John Pierce,College of Medicine,Neuroscience,Data Science,National Institutes of Health,Federal,New,Awarded,2023-07-05,2023-11-23,2024-04-05,2025-04-05,781000.0,659212.71,552555.75,106656.96
PROP-001440,PI-0039,Dr. Elizabeth Fowler,College of Medicine,Neuroscience,Biomedical Research,National Science Foundation,Federal,New,Awarded,2021-11-09,2022-04-29,2022-08-03,2026-08-02,938000.0,780539.68,590182.42,190357.26
PROP-001441,PI-0168,Dr. Alyssa Day,College of Education,Educational Leadership,Education,National Science Foundation,Federal,New,Pending,2025-03-05,,,,888000.0,0.0,0.0,0.0
PROP-001442,PI-0028,Dr. Stephanie Ross,College of Arts and Sciences,Physics,Biomedical Research,National Science Foundation,Federal,Renewal,Awarded,2024-05-03,2024-06-23,2024-12-11,2026-12-11,1303000.0,1248496.92,1000276.63,248220.29
PROP-001443,PI-0035,Dr. Debra Davidson,College of Medicine,Neuroscience,Biomedical Research,Education Advancement Foundation,Foundation,Supplement,Withdrawn,2021-08-03,,,,213000.0,0.0,0.0,0.0
PROP-001444,PI-0061,Dr. Victoria Garcia,College of Medicine,Neuroscience,Public Health,National Aeronautics and Space Administration,Federal,New,Awarded,2022-02-09,2022-11-27,2023-01-15,2025-01-14,204000.0,147541.72,115397.36,32144.36
PROP-001445,PI-0157,Dr. Joshua Perry,College of Engineering,Electrical Engineering,Data Science,Department of Energy,Federal,New,Declined,2023-10-30,2024-01-04,,,729000.0,0.0,0.0,0.0
PROP-001446,PI-0094,Dr. Christina Walters,College of Agriculture,Plant and Soil Sciences,Renewable Energy,Future Science Foundation,Foundation,New,Awarded,2023-07-08,2024-02-14,2024-07-13,2027-07-13,124000.0,99261.47,77139.99,22121.48
PROP-001447,PI-0118,Dr. Ashley Waller,College of Engineering,Civil Engineering,Environmental Science,National Institutes of Health,Federal,New,Awarded,2022-05-04,2022-09-19,2023-01-07,2028-01-06,364000.0,354376.49,256417.95,97958.54
PROP-001448,PI-0092,Dr. Brian Rodriguez,College of Arts and Sciences,Psychology,Neuroscience,Bluegrass Technology Corporation,Industry,Renewal,Pending,2023-08-15,,,,494000.0,0.0,0.0,0.0
PROP-001449,PI-0024,Dr. Tommy Walter,College of Engineering,Electrical Engineering,Environmental Science,National Institutes of Health,Federal,Renewal,Declined,2025-02-19,2025-04-30,,,1368000.0,0.0,0.0,0.0
PROP-001450,PI-0110,Dr. Sharon Cochran,College of Education,Educational Leadership,Education,Education Advancement Foundation,Foundation,Supplement,Declined,2024-09-19,2025-05-21,,,192000.0,0.0,0.0,0.0
PROP-001451,PI-0030,Dr. Anthony Rodriguez,College of Engineering,Mechanical Engineering,Environmental Science,State Department of Public Health,State,Resubmission,Declined,2021-10-14,2022-07-12,,,255000.0,0.0,0.0,0.0
PROP-001452,PI-0146,Dr. Joyce Solis,College of Arts and Sciences,Chemistry,Neuroscience,National Aeronautics and Space Administration,Federal,New,Awarded,2024-09-21,2025-02-22,2025-06-24,2027-06-24,1937000.0,1526200.25,1151005.38,375194.87
PROP-001453,PI-0058,Dr. Richard Aguirre,College of Engineering,Civil Engineering,Advanced Manufacturing,Department of Energy,Federal,Supplement,Declined,2023-12-29,2024-08-24,,,647000.0,0.0,0.0,0.0
PROP-001454,PI-0111,Dr. Richard Rodriguez,College of Medicine,Public Health,Public Health,National Institutes of Health,Federal,New,Awarded,2023-07-12,2024-03-27,2024-08-11,2026-08-11,3803000.0,3407484.11,2742106.74,665377.37
PROP-001455,PI-0121,Dr. Larry Dixon,College of Education,Educational Leadership,Data Science,Advanced Manufacturing Solutions,Industry,Supplement,Pending,2022-11-14,,,,487000.0,0.0,0.0,0.0
PROP-001456,PI-0047,Dr. John Pierce,College of Medicine,Neuroscience,Data Science,State Research Council,State,Renewal,Declined,2023-02-08,2023-08-31,,,67000.0,0.0,0.0,0.0
PROP-001457,PI-0033,Dr. Tricia Valencia,College of Arts and Sciences,Chemistry,Social and Behavioral Science,National Institutes of Health,Federal,New,Declined,2022-04-30,2023-02-07,,,951000.0,0.0,0.0,0.0
PROP-001458,PI-0086,Dr. Daniel Baker,College of Arts and Sciences,Biology,Environmental Science,Future Science Foundation,Foundation,Resubmission,Awarded,2022-03-05,2022-11-30,2023-01-24,2025-01-23,242000.0,199792.22,165262.4,34529.82
PROP-001459,PI-0117,Dr. William Herrera,College of Agriculture,Plant and Soil Sciences,Agriculture,Health Innovation Partners,Industry,New,Awarded,2021-11-27,2022-07-13,2022-11-28,2025-11-27,808000.0,597688.37,502873.0,94815.37
PROP-001460,PI-0070,Dr. William Baker,College of Education,Curriculum and Instruction,Education,Department of Defense,Federal,New,Declined,2022-03-01,2022-09-19,,,895000.0,0.0,0.0,0.0
PROP-001461,PI-0067,Dr. Tracy House,College of Arts and Sciences,Biology,Social and Behavioral Science,Centers for Disease Control and Prevention,Federal,New,Withdrawn,2021-10-01,,,,487000.0,0.0,0.0,0.0
PROP-001462,PI-0015,Dr. Dylan Miller,College of Engineering,Civil Engineering,Artificial Intelligence,State Department of Public Health,State,New,Declined,2023-10-16,2024-07-02,,,94000.0,0.0,0.0,0.0
PROP-001463,PI-0104,Dr. Christine Wright,College of Medicine,Biomedical Sciences,Data Science,National Science Foundation,Federal,New,Awarded,2022-07-11,2023-04-27,2023-06-17,2025-06-16,462000.0,423705.85,340040.1,83665.75
PROP-001464,PI-0121,Dr. Larry Dixon,College of Education,Educational Leadership,Education,Centers for Disease Control and Prevention,Federal,New,Declined,2023-08-16,2024-02-26,,,286000.0,0.0,0.0,0.0
PROP-001465,PI-0052,Dr. Danny Morgan,College of Arts and Sciences,Psychology,Data Science,National Science Foundation,Federal,Renewal,Awarded,2022-01-15,2022-03-10,2022-08-31,2027-08-30,350000.0,269387.67,212563.33,56824.34
PROP-001466,PI-0153,Dr. Denise Jones,College of Arts and Sciences,Physics,Neuroscience,Centers for Disease Control and Prevention,Federal,Resubmission,Declined,2023-04-23,2023-12-05,,,840000.0,0.0,0.0,0.0
PROP-001467,PI-0154,Dr. Devon Flores,College of Engineering,Civil Engineering,Renewable Energy,Bluegrass Technology Corporation,Industry,Supplement,Awarded,2025-08-13,2026-04-20,2026-09-29,2029-09-28,1055000.0,1017774.59,836954.6,180819.99
PROP-001468,PI-0037,Dr. Sherri Baker,College of Engineering,Computer Science,Environmental Science,Future Science Foundation,Foundation,New,Awarded,2022-06-05,2023-02-14,2023-05-12,2025-05-11,244000.0,179477.94,136105.08,43372.86
PROP-001469,PI-0049,Dr. Joshua Blair,College of Agriculture,Plant and Soil Sciences,Data Science,Community Health Foundation,Foundation,New,Declined,2022-02-03,2022-07-01,,,87000.0,0.0,0.0,0.0
PROP-001470,PI-0006,Dr. Connie Lawrence,College of Engineering,Electrical Engineering,Renewable Energy,National Institutes of Health,Federal,New,Declined,2022-06-11,2022-07-25,,,754000.0,0.0,0.0,0.0
PROP-001471,PI-0150,Dr. Stephanie Manning,College of Engineering,Civil Engineering,Environmental Science,Future Science Foundation,Foundation,Supplement,Declined,2022-08-04,2022-09-06,,,412000.0,0.0,0.0,0.0
PROP-001472,PI-0037,Dr. Sherri Baker,College of Engineering,Computer Science,Advanced Manufacturing,Health Innovation Partners,Industry,New,Awarded,2024-09-12,2024-12-15,2025-05-10,2028-05-09,214000.0,177181.46,138604.71,38576.75
PROP-001473,PI-0107,Dr. Sharon Cherry,College of Business,Finance,Business and Economics,State Department of Public Health,State,Resubmission,Awarded,2023-12-03,2024-03-12,2024-06-21,2025-06-21,192000.0,162811.52,119204.23,43607.29
PROP-001474,PI-0171,Dr. Jamie Walton,College of Agriculture,Agricultural Economics,Data Science,Advanced Manufacturing Solutions,Industry,Renewal,Awarded,2021-11-30,2022-05-20,2022-10-13,2027-10-12,331000.0,264182.59,208965.37,55217.22
PROP-001475,PI-0051,Dr. Jessica Holmes,College of Agriculture,Animal Sciences,Agriculture,State Department of Public Health,State,New,Pending,2023-12-05,,,,125000.0,0.0,0.0,0.0
PROP-001476,PI-0151,Dr. David Wright,College of Agriculture,Plant and Soil Sciences,Agriculture,Community Health Foundation,Foundation,Renewal,Awarded,2024-08-17,2024-10-04,2024-11-05,2026-11-05,288000.0,258721.67,218066.22,40655.45
PROP-001477,PI-0088,Dr. Christopher Bass,College of Engineering,Computer Science,Data Science,Centers for Disease Control and Prevention,Federal,Resubmission,Awarded,2022-08-05,2022-12-08,2023-05-14,2026-05-13,494000.0,385115.39,285447.77,99667.62
PROP-001478,PI-0013,Dr. Lisa Hensley,College of Medicine,Neuroscience,Neuroscience,National Science Foundation,Federal,Resubmission,Pending,2025-07-21,,,,740000.0,0.0,0.0,0.0
PROP-001479,PI-0038,Dr. Cassandra Gaines,College of Agriculture,Animal Sciences,Environmental Science,National Institutes of Health,Federal,New,Declined,2022-09-01,2022-12-31,,,278000.0,0.0,0.0,0.0
PROP-001480,PI-0050,Dr. Eric Carney,College of Engineering,Electrical Engineering,Artificial Intelligence,Department of Defense,Federal,New,Declined,2024-10-08,2025-03-07,,,389000.0,0.0,0.0,0.0
PROP-001481,PI-0130,Dr. Megan Orr,College of Engineering,Mechanical Engineering,Renewable Energy,Department of Agriculture,Federal,Renewal,Awarded,2023-03-07,2023-12-10,2024-05-13,2028-05-12,929000.0,884600.82,745281.03,139319.79
PROP-001482,PI-0027,Dr. Justin Baker,College of Medicine,Public Health,Public Health,National Aeronautics and Space Administration,Federal,New,Awarded,2023-02-09,2023-07-15,2023-11-30,2024-11-29,409000.0,337784.19,264351.33,73432.86
PROP-001483,PI-0056,Dr. Michael Lewis,College of Arts and Sciences,Physics,Environmental Science,Department of Agriculture,Federal,New,Awarded,2025-05-28,2026-03-01,2026-08-03,2031-08-02,1973000.0,1616729.06,1193029.81,423699.25
PROP-001484,PI-0126,Dr. Erin Edwards,College of Arts and Sciences,Physics,Data Science,State Research Council,State,New,Awarded,2022-09-14,2022-11-14,2023-05-06,2026-05-05,161000.0,155677.85,129149.71,26528.14
PROP-001485,PI-0036,Dr. Jeffrey Chavez,College of Arts and Sciences,Biology,Social and Behavioral Science,State Research Council,State,New,Declined,2023-11-18,2024-07-09,,,242000.0,0.0,0.0,0.0
PROP-001486,PI-0032,Dr. James Ferrell,College of Arts and Sciences,Chemistry,Social and Behavioral Science,Community Health Foundation,Foundation,New,Declined,2023-05-27,2023-07-19,,,347000.0,0.0,0.0,0.0
PROP-001487,PI-0044,Dr. Anthony Humphrey,College of Medicine,Internal Medicine,Public Health,Department of Defense,Federal,New,Pending,2024-07-02,,,,187000.0,0.0,0.0,0.0
PROP-001488,PI-0117,Dr. William Herrera,College of Agriculture,Plant and Soil Sciences,Environmental Science,Bluegrass Technology Corporation,Industry,New,Withdrawn,2024-12-02,,,,96000.0,0.0,0.0,0.0
PROP-001489,PI-0060,Dr. John Daniel,College of Business,Marketing,Data Science,National Institutes of Health,Federal,New,Pending,2021-08-13,,,,172000.0,0.0,0.0,0.0
PROP-001490,PI-0108,Dr. Sierra Johnson,College of Engineering,Civil Engineering,Advanced Manufacturing,National Institutes of Health,Federal,Renewal,Pending,2024-08-06,,,,1393000.0,0.0,0.0,0.0
PROP-001491,PI-0071,Dr. Jordan Henderson,College of Engineering,Electrical Engineering,Artificial Intelligence,State Research Council,State,New,Awarded,2022-08-11,2023-03-31,2023-06-27,2026-06-26,146000.0,145352.52,121709.61,23642.91
PROP-001492,PI-0038,Dr. Cassandra Gaines,College of Agriculture,Animal Sciences,Environmental Science,Community Health Foundation,Foundation,New,Awarded,2025-08-10,2025-09-19,2026-03-02,2027-03-02,997000.0,772287.29,557521.7,214765.59
PROP-001493,PI-0112,Dr. Shannon Walker,College of Medicine,Public Health,Data Science,Advanced Manufacturing Solutions,Industry,New,Awarded,2021-08-19,2022-01-22,2022-03-01,2025-02-28,221000.0,169949.35,140741.45,29207.9
PROP-001494,PI-0118,Dr. Ashley Waller,College of Engineering,Civil Engineering,Artificial Intelligence,Advanced Manufacturing Solutions,Industry,New,Awarded,2025-08-25,2025-11-02,2025-12-20,2030-12-19,373000.0,359193.96,301966.36,57227.6
PROP-001495,PI-0118,Dr. Ashley Waller,College of Engineering,Civil Engineering,Advanced Manufacturing,National Institutes of Health,Federal,Renewal,Declined,2022-05-07,2022-07-24,,,1718000.0,0.0,0.0,0.0
PROP-001496,PI-0029,Dr. Zachary Hicks,College of Engineering,Mechanical Engineering,Environmental Science,Advanced Manufacturing Solutions,Industry,New,Declined,2023-04-01,2023-10-13,,,1335000.0,0.0,0.0,0.0
PROP-001497,PI-0079,Dr. Steve Sanchez,College of Agriculture,Agricultural Economics,Renewable Energy,Department of Agriculture,Federal,New,Awarded,2022-08-20,2023-05-18,2023-09-21,2026-09-20,2536000.0,1851035.95,1583925.42,267110.53
PROP-001498,PI-0112,Dr. Shannon Walker,College of Medicine,Public Health,Data Science,National Institutes of Health,Federal,Supplement,Declined,2024-03-16,2024-09-07,,,1337000.0,0.0,0.0,0.0
PROP-001499,PI-0047,Dr. John Pierce,College of Medicine,Neuroscience,Neuroscience,Department of Energy,Federal,Supplement,Declined,2023-08-03,2023-10-27,,,1165000.0,0.0,0.0,0.0
PROP-001500,PI-0158,Dr. Jason Stein,College of Arts and Sciences,Physics,Data Science,National Science Foundation,Federal,Supplement,Declined,2022-10-19,2023-07-04,,,843000.0,0.0,0.0,0.0
PROP-001501,PI-0151,Dr. David Wright,College of Agriculture,Plant and Soil Sciences,Data Science,Department of Agriculture,Federal,New,Awarded,2022-04-21,2022-07-08,2022-12-28,2024-12-27,969000.0,913674.2,782666.51,131007.69
PROP-001502,PI-0079,Dr. Steve Sanchez,College of Agriculture,Agricultural Economics,Environmental Science,Health Innovation Partners,Industry,New,Awarded,2022-04-16,2023-02-07,2023-08-01,2025-07-31,223000.0,183073.75,153293.12,29780.63
PROP-001503,PI-0106,Dr. Marc Moore,College of Engineering,Computer Science,Artificial Intelligence,Bluegrass Technology Corporation,Industry,New,Awarded,2023-05-23,2024-01-16,2024-02-16,2027-02-15,185000.0,175804.95,127478.17,48326.78
PROP-001504,PI-0067,Dr. Tracy House,College of Arts and Sciences,Biology,Environmental Science,Bluegrass Technology Corporation,Industry,Renewal,Declined,2023-04-03,2023-08-31,,,327000.0,0.0,0.0,0.0
PROP-001505,PI-0130,Dr. Megan Orr,College of Engineering,Mechanical Engineering,Renewable Energy,Department of Agriculture,Federal,New,Declined,2025-08-23,2025-11-02,,,476000.0,0.0,0.0,0.0
PROP-001506,PI-0090,Dr. Aimee Montoya,College of Medicine,Internal Medicine,Biomedical Research,Department of Defense,Federal,New,Awarded,2021-07-28,2021-11-20,2022-02-08,2026-02-07,385000.0,288221.75,237708.24,50513.51
PROP-001507,PI-0107,Dr. Sharon Cherry,College of Business,Finance,Business and Economics,National Institutes of Health,Federal,New,Awarded,2024-06-09,2025-02-08,2025-06-20,2026-06-20,911000.0,770849.95,635842.58,135007.37
PROP-001508,PI-0161,Dr. Paul Castaneda,College of Medicine,Biomedical Sciences,Public Health,National Institutes of Health,Federal,Supplement,Declined,2025-04-16,2025-10-01,,,1106000.0,0.0,0.0,0.0
PROP-001509,PI-0052,Dr. Danny Morgan,College of Arts and Sciences,Psychology,Neuroscience,Department of Energy,Federal,Resubmission,Declined,2022-06-05,2022-09-15,,,577000.0,0.0,0.0,0.0
PROP-001510,PI-0073,Dr. Brittney Phillips,College of Engineering,Civil Engineering,Renewable Energy,National Aeronautics and Space Administration,Federal,New,Declined,2025-07-03,2026-02-08,,,1637000.0,0.0,0.0,0.0
PROP-001511,PI-0169,Dr. Joel Williams,College of Engineering,Mechanical Engineering,Environmental Science,Department of Education,Federal,New,Awarded,2023-05-08,2023-08-15,2023-10-26,2028-10-24,230000.0,224968.49,184658.24,40310.25
PROP-001512,PI-0089,Dr. Lisa Archer,College of Education,Educational Leadership,Data Science,Advanced Manufacturing Solutions,Industry,New,Awarded,2022-05-04,2022-06-05,2022-09-22,2024-09-21,286000.0,240568.34,206663.47,33904.87
PROP-001513,PI-0077,Dr. Angela Lopez,College of Medicine,Public Health,Neuroscience,State Research Council,State,New,Awarded,2021-11-03,2022-01-06,2022-05-05,2027-05-04,131000.0,116261.43,93383.93,22877.5
PROP-001514,PI-0122,Dr. Kenneth Scott,College of Arts and Sciences,Chemistry,Environmental Science,Department of Energy,Federal,New,Awarded,2023-02-03,2023-08-08,2023-12-10,2028-12-08,133000.0,125848.1,105905.33,19942.77
PROP-001515,PI-0178,Dr. Michael Wang,College of Engineering,Electrical Engineering,Advanced Manufacturing,Community Health Foundation,Foundation,New,Declined,2022-08-19,2022-10-27,,,179000.0,0.0,0.0,0.0
PROP-001516,PI-0060,Dr. John Daniel,College of Business,Marketing,Social and Behavioral Science,National Institutes of Health,Federal,Renewal,Awarded,2022-12-21,2023-10-14,2024-04-11,2028-04-10,493000.0,428465.28,316095.36,112369.92
PROP-001517,PI-0096,Dr. Anna Henderson,College of Medicine,Public Health,Public Health,Centers for Disease Control and Prevention,Federal,Resubmission,Declined,2025-08-18,2026-05-17,,,1681000.0,0.0,0.0,0.0
PROP-001518,PI-0137,Dr. Robert Potter,College of Medicine,Public Health,Neuroscience,National Science Foundation,Federal,Renewal,Withdrawn,2022-01-04,,,,867000.0,0.0,0.0,0.0
PROP-001519,PI-0062,Dr. Gerald Hensley,College of Medicine,Biomedical Sciences,Neuroscience,National Institutes of Health,Federal,New,Awarded,2021-12-07,2022-09-24,2023-02-13,2027-02-12,251000.0,243165.29,176855.69,66309.6
PROP-001520,PI-0095,Dr. John Whitehead,College of Engineering,Civil Engineering,Advanced Manufacturing,Department of Energy,Federal,New,Awarded,2024-08-21,2025-05-20,2025-09-17,2028-09-16,2171000.0,1775821.55,1470999.56,304821.99
PROP-001521,PI-0154,Dr. Devon Flores,College of Engineering,Civil Engineering,Environmental Science,Department of Energy,Federal,New,Declined,2022-09-12,2023-01-05,,,1350000.0,0.0,0.0,0.0
PROP-001522,PI-0103,Dr. Rebecca Valencia,College of Medicine,Internal Medicine,Public Health,State Department of Public Health,State,Resubmission,Declined,2024-03-30,2024-09-04,,,305000.0,0.0,0.0,0.0
PROP-001523,PI-0150,Dr. Stephanie Manning,College of Engineering,Civil Engineering,Artificial Intelligence,National Aeronautics and Space Administration,Federal,New,Declined,2021-08-21,2022-03-26,,,456000.0,0.0,0.0,0.0
PROP-001524,PI-0120,Dr. Jeffrey Chandler,College of Engineering,Computer Science,Advanced Manufacturing,Bluegrass Technology Corporation,Industry,New,Awarded,2024-12-15,2025-04-21,2025-08-26,2028-08-25,167000.0,144945.68,124610.67,20335.01
PROP-001525,PI-0100,Dr. Stephen Mckee,College of Agriculture,Plant and Soil Sciences,Environmental Science,Community Health Foundation,Foundation,Supplement,Awarded,2023-07-10,2024-01-14,2024-05-07,2025-05-07,148000.0,126954.52,91507.05,35447.47
PROP-001526,PI-0121,Dr. Larry Dixon,College of Education,Educational Leadership,Social and Behavioral Science,Community Health Foundation,Foundation,New,Awarded,2023-01-11,2023-10-13,2024-02-21,2025-02-20,384000.0,272662.45,206812.61,65849.84
PROP-001527,PI-0152,Dr. Pamela Boyd,College of Engineering,Electrical Engineering,Renewable Energy,National Science Foundation,Federal,New,Declined,2021-09-01,2022-05-30,,,2221000.0,0.0,0.0,0.0
PROP-001528,PI-0084,Dr. Paul Jones,College of Engineering,Computer Science,Environmental Science,Department of Education,Federal,New,Declined,2025-02-16,2025-05-10,,,1719000.0,0.0,0.0,0.0
PROP-001529,PI-0010,Dr. Ryan Munoz,College of Agriculture,Plant and Soil Sciences,Agriculture,Department of Energy,Federal,New,Declined,2025-06-15,2025-10-13,,,375000.0,0.0,0.0,0.0
PROP-001530,PI-0074,Dr. Lauren Daniels,College of Agriculture,Agricultural Economics,Environmental Science,National Institutes of Health,Federal,Resubmission,Awarded,2023-12-26,2024-03-14,2024-08-30,2027-08-30,233000.0,207659.72,151326.95,56332.77
PROP-001531,PI-0055,Dr. Shannon Jones,College of Arts and Sciences,Biology,Environmental Science,State Research Council,State,Renewal,Awarded,2025-04-07,2025-08-01,2026-01-28,2029-01-27,229000.0,218573.4,167057.23,51516.17
PROP-001532,PI-0014,Dr. Michele Williams,College of Business,Management,Social and Behavioral Science,National Institutes of Health,Federal,Renewal,Declined,2025-03-29,2025-05-29,,,143000.0,0.0,0.0,0.0
PROP-001533,PI-0050,Dr. Eric Carney,College of Engineering,Electrical Engineering,Artificial Intelligence,National Science Foundation,Federal,Renewal,Awarded,2022-12-29,2023-06-18,2023-09-06,2028-09-04,689000.0,499656.33,390769.14,108887.19
PROP-001534,PI-0057,Dr. Timothy Duncan,College of Agriculture,Animal Sciences,Renewable Energy,National Science Foundation,Federal,Renewal,Declined,2021-07-07,2022-01-12,,,484000.0,0.0,0.0,0.0
PROP-001535,PI-0037,Dr. Sherri Baker,College of Engineering,Computer Science,Renewable Energy,Centers for Disease Control and Prevention,Federal,New,Declined,2025-05-27,2025-08-09,,,381000.0,0.0,0.0,0.0
PROP-001536,PI-0157,Dr. Joshua Perry,College of Engineering,Electrical Engineering,Environmental Science,Community Health Foundation,Foundation,New,Pending,2022-07-09,,,,67000.0,0.0,0.0,0.0
PROP-001537,PI-0017,Dr. Holly Wood,College of Arts and Sciences,Biology,Biomedical Research,National Science Foundation,Federal,New,Withdrawn,2022-06-12,,,,794000.0,0.0,0.0,0.0
PROP-001538,PI-0054,Dr. Mark Perez,College of Medicine,Biomedical Sciences,Biomedical Research,National Science Foundation,Federal,New,Awarded,2025-07-23,2025-11-27,2026-01-29,2029-01-28,362000.0,355835.57,271534.4,84301.17
PROP-001539,PI-0057,Dr. Timothy Duncan,College of Agriculture,Animal Sciences,Agriculture,Department of Energy,Federal,New,Awarded,2024-08-31,2025-01-04,2025-04-13,2027-04-13,225000.0,178799.02,134391.5,44407.52
PROP-001540,PI-0010,Dr. Ryan Munoz,College of Agriculture,Plant and Soil Sciences,Environmental Science,Regional Research Alliance,Nonprofit,New,Awarded,2022-01-06,2022-08-02,2023-01-12,2027-01-11,25000.0,21174.14,16960.86,4213.28
PROP-001541,PI-0049,Dr. Joshua Blair,College of Agriculture,Plant and Soil Sciences,Environmental Science,National Institutes of Health,Federal,Resubmission,Declined,2024-07-06,2024-11-20,,,529000.0,0.0,0.0,0.0
PROP-001542,PI-0092,Dr. Brian Rodriguez,College of Arts and Sciences,Psychology,Data Science,Department of Energy,Federal,Resubmission,Declined,2022-08-29,2023-03-22,,,2041000.0,0.0,0.0,0.0
PROP-001543,PI-0146,Dr. Joyce Solis,College of Arts and Sciences,Chemistry,Neuroscience,National Aeronautics and Space Administration,Federal,Renewal,Awarded,2024-05-17,2025-02-10,2025-05-17,2026-05-17,1878000.0,1750338.63,1323518.45,426820.18
PROP-001544,PI-0017,Dr. Holly Wood,College of Arts and Sciences,Biology,Biomedical Research,Department of Agriculture,Federal,Renewal,Declined,2024-02-12,2024-08-25,,,384000.0,0.0,0.0,0.0
PROP-001545,PI-0142,Dr. David Douglas Jr.,College of Business,Finance,Data Science,Centers for Disease Control and Prevention,Federal,Renewal,Pending,2023-04-22,,,,344000.0,0.0,0.0,0.0
PROP-001546,PI-0146,Dr. Joyce Solis,College of Arts and Sciences,Chemistry,Biomedical Research,Department of Education,Federal,Resubmission,Awarded,2023-11-11,2024-01-31,2024-04-17,2027-04-17,768000.0,647154.26,496454.07,150700.19
PROP-001547,PI-0112,Dr. Shannon Walker,College of Medicine,Public Health,Public Health,National Science Foundation,Federal,New,Declined,2023-12-17,2024-09-05,,,256000.0,0.0,0.0,0.0
PROP-001548,PI-0144,Dr. Christopher Rubio,College of Agriculture,Plant and Soil Sciences,Renewable Energy,State Department of Public Health,State,New,Awarded,2025-07-21,2026-03-13,2026-06-27,2027-06-27,254000.0,206238.97,158247.77,47991.2
PROP-001549,PI-0048,Dr. Shane Henderson,College of Medicine,Biomedical Sciences,Neuroscience,Bluegrass Technology Corporation,Industry,Resubmission,Awarded,2023-11-10,2024-07-02,2024-08-08,2026-08-08,560000.0,463550.23,351236.89,112313.34
PROP-001550,PI-0124,Dr. Michelle Harmon,College of Arts and Sciences,Biology,Neuroscience,National Science Foundation,Federal,New,Declined,2025-05-29,2026-03-23,,,1356000.0,0.0,0.0,0.0
PROP-001551,PI-0145,Dr. Amber Wright,College of Medicine,Neuroscience,Neuroscience,Education Advancement Foundation,Foundation,New,Awarded,2025-03-20,2025-06-04,2025-09-21,2027-09-21,177000.0,141590.11,120972.87,20617.24
PROP-001552,PI-0135,Dr. Rebecca Jackson,College of Business,Finance,Data Science,Department of Defense,Federal,New,Awarded,2022-04-29,2022-11-02,2022-12-22,2024-12-21,464000.0,352696.59,262437.86,90258.73
PROP-001553,PI-0139,Dr. David Alvarez,College of Medicine,Biomedical Sciences,Neuroscience,Health Innovation Partners,Industry,New,Declined,2022-05-12,2022-12-19,,,177000.0,0.0,0.0,0.0
PROP-001554,PI-0035,Dr. Debra Davidson,College of Medicine,Neuroscience,Biomedical Research,Department of Agriculture,Federal,New,Declined,2025-05-07,2025-12-24,,,291000.0,0.0,0.0,0.0
PROP-001555,PI-0016,Dr. Brian Ramirez,College of Engineering,Mechanical Engineering,Data Science,Community Health Foundation,Foundation,Renewal,Declined,2025-06-16,2025-11-17,,,163000.0,0.0,0.0,0.0
PROP-001556,PI-0165,Dr. Michael Powell,College of Business,Marketing,Business and Economics,Department of Energy,Federal,New,Pending,2023-09-27,,,,712000.0,0.0,0.0,0.0
PROP-001557,PI-0116,Dr. Diana May,College of Arts and Sciences,Biology,Social and Behavioral Science,Future Science Foundation,Foundation,Resubmission,Declined,2023-11-17,2024-07-05,,,342000.0,0.0,0.0,0.0
PROP-001558,PI-0084,Dr. Paul Jones,College of Engineering,Computer Science,Environmental Science,National Institutes of Health,Federal,New,Declined,2024-10-14,2024-11-26,,,296000.0,0.0,0.0,0.0
PROP-001559,PI-0020,Dr. Carla Gray,College of Engineering,Mechanical Engineering,Data Science,Future Science Foundation,Foundation,New,Awarded,2023-07-12,2024-03-01,2024-04-19,2026-04-19,499000.0,400175.69,334248.08,65927.61
PROP-001560,PI-0073,Dr. Brittney Phillips,College of Engineering,Civil Engineering,Data Science,Department of Agriculture,Federal,New,Awarded,2022-01-07,2022-09-11,2022-11-18,2025-11-17,441000.0,353627.31,286992.0,66635.31
PROP-001561,PI-0023,Dr. Ethan Adams,College of Arts and Sciences,Biology,Social and Behavioral Science,Department of Energy,Federal,Resubmission,Awarded,2023-11-11,2024-08-31,2024-10-27,2028-10-26,532000.0,401051.07,311115.47,89935.6
PROP-001562,PI-0035,Dr. Debra Davidson,College of Medicine,Neuroscience,Biomedical Research,Department of Energy,Federal,Renewal,Declined,2023-10-07,2023-11-12,,,309000.0,0.0,0.0,0.0
PROP-001563,PI-0057,Dr. Timothy Duncan,College of Agriculture,Animal Sciences,Environmental Science,Department of Energy,Federal,New,Declined,2024-01-18,2024-02-22,,,88000.0,0.0,0.0,0.0
PROP-001564,PI-0064,Dr. Donald Wright,College of Agriculture,Agricultural Economics,Renewable Energy,State Research Council,State,Renewal,Declined,2021-10-20,2022-04-23,,,371000.0,0.0,0.0,0.0
PROP-001565,PI-0051,Dr. Jessica Holmes,College of Agriculture,Animal Sciences,Renewable Energy,National Science Foundation,Federal,Renewal,Declined,2024-01-09,2024-10-22,,,939000.0,0.0,0.0,0.0
PROP-001566,PI-0037,Dr. Sherri Baker,College of Engineering,Computer Science,Renewable Energy,Bluegrass Technology Corporation,Industry,Renewal,Pending,2023-07-18,,,,269000.0,0.0,0.0,0.0
PROP-001567,PI-0042,Dr. Fred Smith,College of Medicine,Public Health,Biomedical Research,Bluegrass Technology Corporation,Industry,Supplement,Declined,2023-08-25,2023-11-03,,,343000.0,0.0,0.0,0.0
PROP-001568,PI-0123,Dr. April Frost,College of Medicine,Neuroscience,Neuroscience,National Institutes of Health,Federal,Supplement,Declined,2022-12-11,2023-04-21,,,796000.0,0.0,0.0,0.0
PROP-001569,PI-0131,Dr. Elizabeth Kelley,College of Medicine,Biomedical Sciences,Data Science,Department of Defense,Federal,New,Awarded,2024-03-29,2024-11-03,2025-02-05,2029-02-04,167000.0,139958.56,101751.31,38207.25
PROP-001570,PI-0019,Dr. Lisa Jackson,College of Business,Management,Data Science,State Research Council,State,Renewal,Awarded,2022-12-30,2023-02-06,2023-06-30,2026-06-29,148000.0,111535.53,85878.34,25657.19
PROP-001571,PI-0034,Dr. Nathan Maldonado,College of Engineering,Civil Engineering,Renewable Energy,Department of Education,Federal,New,Declined,2021-09-13,2022-05-03,,,980000.0,0.0,0.0,0.0
PROP-001572,PI-0012,Dr. Jamie Arnold,College of Arts and Sciences,Physics,Environmental Science,National Science Foundation,Federal,New,Awarded,2022-04-23,2022-10-10,2023-02-05,2027-02-04,211000.0,187763.84,146522.28,41241.56
PROP-001573,PI-0172,Dr. Darlene Miller,College of Agriculture,Animal Sciences,Environmental Science,Community Health Foundation,Foundation,Resubmission,Pending,2024-06-07,,,,229000.0,0.0,0.0,0.0
PROP-001574,PI-0139,Dr. David Alvarez,College of Medicine,Biomedical Sciences,Data Science,National Institutes of Health,Federal,New,Awarded,2024-11-29,2025-02-18,2025-06-25,2030-06-24,195000.0,193645.33,156716.01,36929.32
PROP-001575,PI-0071,Dr. Jordan Henderson,College of Engineering,Electrical Engineering,Artificial Intelligence,Department of Energy,Federal,Renewal,Awarded,2023-09-29,2024-03-08,2024-04-27,2028-04-26,767000.0,542050.44,462396.26,79654.18
PROP-001576,PI-0096,Dr. Anna Henderson,College of Medicine,Public Health,Biomedical Research,Advanced Manufacturing Solutions,Industry,New,Withdrawn,2024-12-12,,,,320000.0,0.0,0.0,0.0
PROP-001577,PI-0100,Dr. Stephen Mckee,College of Agriculture,Plant and Soil Sciences,Environmental Science,State Research Council,State,New,Declined,2022-09-14,2023-05-25,,,73000.0,0.0,0.0,0.0
PROP-001578,PI-0010,Dr. Ryan Munoz,College of Agriculture,Plant and Soil Sciences,Data Science,Bluegrass Technology Corporation,Industry,Renewal,Awarded,2025-04-06,2025-08-06,2025-11-16,2028-11-15,741000.0,528868.49,410303.52,118564.97
PROP-001579,PI-0057,Dr. Timothy Duncan,College of Agriculture,Animal Sciences,Agriculture,Department of Defense,Federal,New,Declined,2022-03-23,2022-09-09,,,311000.0,0.0,0.0,0.0
PROP-001580,PI-0051,Dr. Jessica Holmes,College of Agriculture,Animal Sciences,Data Science,Department of Agriculture,Federal,Renewal,Declined,2022-01-15,2022-06-07,,,294000.0,0.0,0.0,0.0
PROP-001581,PI-0162,Dr. Jennifer Adkins,College of Education,Educational Leadership,Education,National Institutes of Health,Federal,New,Awarded,2023-02-10,2023-11-02,2024-04-30,2028-04-29,628000.0,576786.09,464488.3,112297.79
PROP-001582,PI-0155,Dr. Brenda Hall,College of Arts and Sciences,Psychology,Neuroscience,Department of Energy,Federal,New,Pending,2021-07-26,,,,1279000.0,0.0,0.0,0.0
PROP-001583,PI-0027,Dr. Justin Baker,College of Medicine,Public Health,Public Health,Department of Energy,Federal,New,Declined,2024-02-02,2024-11-13,,,252000.0,0.0,0.0,0.0
PROP-001584,PI-0118,Dr. Ashley Waller,College of Engineering,Civil Engineering,Data Science,National Aeronautics and Space Administration,Federal,New,Declined,2023-10-04,2023-11-19,,,566000.0,0.0,0.0,0.0
PROP-001585,PI-0167,Dr. Alyssa Long,College of Education,Educational Leadership,Data Science,Health Innovation Partners,Industry,Supplement,Declined,2024-08-23,2025-03-17,,,442000.0,0.0,0.0,0.0
PROP-001586,PI-0108,Dr. Sierra Johnson,College of Engineering,Civil Engineering,Artificial Intelligence,National Science Foundation,Federal,Supplement,Declined,2023-02-18,2023-08-28,,,909000.0,0.0,0.0,0.0
PROP-001587,PI-0161,Dr. Paul Castaneda,College of Medicine,Biomedical Sciences,Data Science,State Research Council,State,New,Declined,2022-06-07,2023-01-03,,,234000.0,0.0,0.0,0.0
PROP-001588,PI-0165,Dr. Michael Powell,College of Business,Marketing,Social and Behavioral Science,Department of Defense,Federal,Supplement,Awarded,2023-02-02,2023-07-02,2023-11-05,2028-11-03,410000.0,355442.06,280339.27,75102.79
PROP-001589,PI-0035,Dr. Debra Davidson,College of Medicine,Neuroscience,Neuroscience,Department of Energy,Federal,Supplement,Awarded,2023-09-19,2024-03-15,2024-05-29,2026-05-29,290000.0,221992.57,190669.05,31323.52
PROP-001590,PI-0075,Dr. Amy Silva,College of Agriculture,Plant and Soil Sciences,Renewable Energy,National Aeronautics and Space Administration,Federal,New,Awarded,2024-11-09,2025-02-01,2025-05-23,2030-05-22,576000.0,451390.42,373692.57,77697.85
PROP-001591,PI-0069,Dr. James Brown,College of Engineering,Mechanical Engineering,Environmental Science,National Aeronautics and Space Administration,Federal,New,Declined,2024-02-06,2024-07-31,,,242000.0,0.0,0.0,0.0
PROP-001592,PI-0159,Dr. Melissa Gates,College of Arts and Sciences,Chemistry,Data Science,National Institutes of Health,Federal,Resubmission,Declined,2021-07-07,2022-01-24,,,60000.0,0.0,0.0,0.0
PROP-001593,PI-0108,Dr. Sierra Johnson,College of Engineering,Civil Engineering,Advanced Manufacturing,State Research Council,State,Renewal,Awarded,2024-10-01,2025-05-29,2025-08-15,2026-08-15,278000.0,249068.89,213301.26,35767.63
PROP-001594,PI-0072,Dr. Whitney Peters,College of Education,Educational Leadership,Data Science,National Science Foundation,Federal,New,Declined,2021-12-12,2022-08-08,,,1064000.0,0.0,0.0,0.0
PROP-001595,PI-0120,Dr. Jeffrey Chandler,College of Engineering,Computer Science,Artificial Intelligence,Department of Energy,Federal,New,Declined,2024-02-22,2024-05-08,,,92000.0,0.0,0.0,0.0
PROP-001596,PI-0068,Dr. Carol Tucker,College of Arts and Sciences,Psychology,Social and Behavioral Science,National Institutes of Health,Federal,New,Declined,2023-09-06,2024-06-23,,,253000.0,0.0,0.0,0.0
PROP-001597,PI-0149,Dr. Kathy Rivas,College of Education,Educational Leadership,Education,Health Innovation Partners,Industry,New,Awarded,2022-11-03,2023-03-15,2023-07-05,2025-07-04,506000.0,380797.03,324134.33,56662.7
PROP-001598,PI-0154,Dr. Devon Flores,College of Engineering,Civil Engineering,Renewable Energy,National Institutes of Health,Federal,New,Declined,2024-01-27,2024-06-30,,,2528000.0,0.0,0.0,0.0
PROP-001599,PI-0013,Dr. Lisa Hensley,College of Medicine,Neuroscience,Data Science,University Research Initiative,Internal,Renewal,Withdrawn,2024-04-20,,,,55000.0,0.0,0.0,0.0
PROP-001600,PI-0062,Dr. Gerald Hensley,College of Medicine,Biomedical Sciences,Biomedical Research,Advanced Manufacturing Solutions,Industry,Resubmission,Pending,2022-05-23,,,,197000.0,0.0,0.0,0.0
PROP-001601,PI-0159,Dr. Melissa Gates,College of Arts and Sciences,Chemistry,Environmental Science,Department of Agriculture,Federal,Supplement,Awarded,2021-09-05,2022-06-28,2022-11-25,2026-11-24,471000.0,426069.93,331008.85,95061.08
PROP-001602,PI-0151,Dr. David Wright,College of Agriculture,Plant and Soil Sciences,Agriculture,Bluegrass Technology Corporation,Industry,Supplement,Pending,2024-07-05,,,,858000.0,0.0,0.0,0.0
PROP-001603,PI-0156,Dr. Michelle Brown,College of Arts and Sciences,Biology,Biomedical Research,State Department of Public Health,State,New,Withdrawn,2025-07-03,,,,137000.0,0.0,0.0,0.0
PROP-001604,PI-0003,Dr. Angie Henderson,College of Engineering,Computer Science,Artificial Intelligence,Department of Defense,Federal,Resubmission,Awarded,2023-09-24,2023-11-13,2024-03-15,2028-03-14,297000.0,281702.22,231424.31,50277.91
PROP-001605,PI-0177,Dr. Michael Elliott,College of Medicine,Neuroscience,Data Science,Department of Defense,Federal,New,Awarded,2022-12-20,2023-03-17,2023-05-29,2026-05-28,376000.0,348695.68,279365.8,69329.88
PROP-001606,PI-0132,Dr. Dustin Jordan,College of Engineering,Computer Science,Advanced Manufacturing,State Research Council,State,New,Awarded,2024-03-15,2024-05-21,2024-10-15,2028-10-14,112000.0,85458.86,62692.41,22766.45
PROP-001607,PI-0141,Dr. Cheyenne Horton,College of Business,Finance,Business and Economics,Bluegrass Technology Corporation,Industry,New,Declined,2023-05-09,2024-01-24,,,357000.0,0.0,0.0,0.0
PROP-001608,PI-0175,Dr. Nicole Herring,College of Education,Educational Leadership,Data Science,National Science Foundation,Federal,New,Awarded,2022-04-13,2022-09-03,2023-01-05,2028-01-04,1828000.0,1360776.35,1034707.48,326068.87
PROP-001609,PI-0059,Dr. Brent Jordan,College of Engineering,Computer Science,Renewable Energy,State Department of Public Health,State,New,Declined,2024-09-05,2025-03-10,,,258000.0,0.0,0.0,0.0
PROP-001610,PI-0051,Dr. Jessica Holmes,College of Agriculture,Animal Sciences,Renewable Energy,State Department of Public Health,State,Renewal,Awarded,2025-05-24,2026-01-05,2026-04-10,2028-04-09,177000.0,130726.17,105240.18,25485.99
PROP-001611,PI-0157,Dr. Joshua Perry,College of Engineering,Electrical Engineering,Artificial Intelligence,Health Innovation Partners,Industry,New,Awarded,2021-07-25,2022-05-15,2022-09-25,2026-09-24,267000.0,207679.64,170496.58,37183.06
PROP-001612,PI-0051,Dr. Jessica Holmes,College of Agriculture,Animal Sciences,Environmental Science,Regional Research Alliance,Nonprofit,Renewal,Declined,2024-04-22,2024-10-29,,,55000.0,0.0,0.0,0.0
PROP-001613,PI-0096,Dr. Anna Henderson,College of Medicine,Public Health,Public Health,Department of Energy,Federal,Resubmission,Declined,2024-06-10,2025-03-13,,,1048000.0,0.0,0.0,0.0
PROP-001614,PI-0004,Dr. Daniel Wagner,College of Arts and Sciences,Biology,Environmental Science,Department of Agriculture,Federal,New,Declined,2021-11-10,2022-06-03,,,510000.0,0.0,0.0,0.0
PROP-001615,PI-0079,Dr. Steve Sanchez,College of Agriculture,Agricultural Economics,Environmental Science,National Science Foundation,Federal,New,Awarded,2025-08-01,2026-03-01,2026-08-05,2030-08-04,472000.0,442161.23,358592.55,83568.68
PROP-001616,PI-0021,Dr. Margaret Hawkins DDS,College of Agriculture,Agricultural Economics,Agriculture,Health Innovation Partners,Industry,Resubmission,Declined,2024-06-08,2024-11-01,,,3064000.0,0.0,0.0,0.0
PROP-001617,PI-0129,Dr. Cameron Fisher,College of Engineering,Civil Engineering,Data Science,Department of Energy,Federal,New,Declined,2023-05-06,2024-02-19,,,676000.0,0.0,0.0,0.0
PROP-001618,PI-0139,Dr. David Alvarez,College of Medicine,Biomedical Sciences,Biomedical Research,National Science Foundation,Federal,Supplement,Pending,2024-07-06,,,,307000.0,0.0,0.0,0.0
PROP-001619,PI-0043,Dr. Sherry Decker,College of Engineering,Electrical Engineering,Artificial Intelligence,Regional Research Alliance,Nonprofit,New,Declined,2022-11-20,2023-04-24,,,108000.0,0.0,0.0,0.0
PROP-001620,PI-0014,Dr. Michele Williams,College of Business,Management,Data Science,Advanced Manufacturing Solutions,Industry,New,Pending,2022-11-14,,,,732000.0,0.0,0.0,0.0
PROP-001621,PI-0048,Dr. Shane Henderson,College of Medicine,Biomedical Sciences,Neuroscience,State Research Council,State,New,Awarded,2024-11-29,2025-04-05,2025-05-21,2027-05-21,225000.0,175439.03,133131.33,42307.7
PROP-001622,PI-0017,Dr. Holly Wood,College of Arts and Sciences,Biology,Neuroscience,National Science Foundation,Federal,New,Awarded,2024-10-03,2024-11-28,2025-03-19,2026-03-19,184000.0,155145.98,113839.58,41306.4
PROP-001623,PI-0069,Dr. James Brown,College of Engineering,Mechanical Engineering,Data Science,Department of Agriculture,Federal,New,Declined,2022-01-21,2022-06-10,,,1077000.0,0.0,0.0,0.0
PROP-001624,PI-0162,Dr. Jennifer Adkins,College of Education,Educational Leadership,Data Science,Department of Agriculture,Federal,New,Declined,2022-02-14,2022-10-28,,,327000.0,0.0,0.0,0.0
PROP-001625,PI-0138,Dr. Courtney Gonzalez,College of Agriculture,Agricultural Economics,Environmental Science,Centers for Disease Control and Prevention,Federal,Renewal,Declined,2021-07-02,2021-12-07,,,2202000.0,0.0,0.0,0.0
PROP-001626,PI-0014,Dr. Michele Williams,College of Business,Management,Data Science,Department of Education,Federal,New,Awarded,2024-05-04,2024-11-03,2025-02-08,2030-02-07,1215000.0,1026655.43,779976.62,246678.81
PROP-001627,PI-0032,Dr. James Ferrell,College of Arts and Sciences,Chemistry,Environmental Science,Department of Energy,Federal,Renewal,Declined,2025-01-02,2025-09-14,,,386000.0,0.0,0.0,0.0
PROP-001628,PI-0126,Dr. Erin Edwards,College of Arts and Sciences,Physics,Biomedical Research,Regional Research Alliance,Nonprofit,Supplement,Declined,2023-04-15,2024-01-30,,,302000.0,0.0,0.0,0.0
PROP-001629,PI-0117,Dr. William Herrera,College of Agriculture,Plant and Soil Sciences,Renewable Energy,Department of Agriculture,Federal,New,Declined,2025-04-09,2025-10-11,,,569000.0,0.0,0.0,0.0
PROP-001630,PI-0103,Dr. Rebecca Valencia,College of Medicine,Internal Medicine,Biomedical Research,Community Health Foundation,Foundation,New,Declined,2024-07-08,2024-11-08,,,329000.0,0.0,0.0,0.0
PROP-001631,PI-0082,Dr. Mike Allen,College of Medicine,Public Health,Neuroscience,Bluegrass Technology Corporation,Industry,Renewal,Awarded,2024-04-23,2025-01-19,2025-03-16,2028-03-15,460000.0,364142.97,301255.07,62887.9
PROP-001632,PI-0064,Dr. Donald Wright,College of Agriculture,Agricultural Economics,Environmental Science,Centers for Disease Control and Prevention,Federal,New,Awarded,2023-09-20,2024-01-08,2024-04-30,2029-04-29,286000.0,267622.59,224623.67,42998.92
PROP-001633,PI-0120,Dr. Jeffrey Chandler,College of Engineering,Computer Science,Advanced Manufacturing,State Research Council,State,Renewal,Declined,2023-01-03,2023-05-30,,,138000.0,0.0,0.0,0.0
PROP-001634,PI-0076,Dr. Sarah Moore,College of Arts and Sciences,Chemistry,Social and Behavioral Science,Department of Agriculture,Federal,Resubmission,Awarded,2022-04-23,2022-10-31,2023-03-25,2026-03-24,1170000.0,926487.57,761331.29,165156.28
PROP-001635,PI-0087,Dr. Shirley Suarez,College of Engineering,Computer Science,Advanced Manufacturing,Centers for Disease Control and Prevention,Federal,Renewal,Awarded,2023-10-06,2024-01-15,2024-06-09,2027-06-09,420000.0,300968.74,233922.02,67046.72
PROP-001636,PI-0086,Dr. Daniel Baker,College of Arts and Sciences,Biology,Biomedical Research,Advanced Manufacturing Solutions,Industry,New,Declined,2022-12-07,2023-06-05,,,247000.0,0.0,0.0,0.0
PROP-001637,PI-0066,Dr. Amber Kidd,College of Medicine,Neuroscience,Public Health,National Institutes of Health,Federal,New,Declined,2024-08-16,2024-12-26,,,264000.0,0.0,0.0,0.0
PROP-001638,PI-0012,Dr. Jamie Arnold,College of Arts and Sciences,Physics,Environmental Science,Department of Education,Federal,New,Awarded,2021-11-30,2022-09-01,2023-01-29,2024-01-29,742000.0,573522.48,439070.24,134452.24
PROP-001639,PI-0039,Dr. Elizabeth Fowler,College of Medicine,Neuroscience,Data Science,State Research Council,State,Resubmission,Declined,2023-01-25,2023-09-04,,,799000.0,0.0,0.0,0.0
PROP-001640,PI-0063,Dr. Connor West,College of Education,Curriculum and Instruction,Education,National Institutes of Health,Federal,Renewal,Awarded,2023-07-27,2024-04-23,2024-06-26,2025-06-26,243000.0,202039.27,153508.01,48531.26
PROP-001641,PI-0035,Dr. Debra Davidson,College of Medicine,Neuroscience,Public Health,Regional Research Alliance,Nonprofit,Renewal,Declined,2022-05-05,2022-11-04,,,142000.0,0.0,0.0,0.0
PROP-001642,PI-0035,Dr. Debra Davidson,College of Medicine,Neuroscience,Neuroscience,Centers for Disease Control and Prevention,Federal,New,Awarded,2024-07-24,2025-01-19,2025-02-23,2027-02-23,1558000.0,1447126.72,1094752.35,352374.37
PROP-001643,PI-0005,Dr. Cristian Santos,College of Arts and Sciences,Biology,Biomedical Research,Future Science Foundation,Foundation,Renewal,Declined,2023-07-10,2024-03-24,,,180000.0,0.0,0.0,0.0
PROP-001644,PI-0107,Dr. Sharon Cherry,College of Business,Finance,Social and Behavioral Science,Future Science Foundation,Foundation,New,Declined,2024-01-30,2024-09-01,,,254000.0,0.0,0.0,0.0
PROP-001645,PI-0081,Dr. Kelly Donovan,College of Medicine,Internal Medicine,Public Health,National Science Foundation,Federal,Supplement,Awarded,2024-11-18,2025-02-17,2025-07-02,2029-07-01,244000.0,225528.0,163110.73,62417.27
PROP-001646,PI-0022,Dr. Patty Perez,College of Education,Curriculum and Instruction,Social and Behavioral Science,Advanced Manufacturing Solutions,Industry,Renewal,Declined,2021-11-01,2022-08-20,,,442000.0,0.0,0.0,0.0
PROP-001647,PI-0093,Dr. Denise Jacobs,College of Medicine,Public Health,Public Health,National Institutes of Health,Federal,New,Awarded,2024-04-28,2025-02-03,2025-05-16,2030-05-15,470000.0,452104.4,346216.94,105887.46
PROP-001648,PI-0072,Dr. Whitney Peters,College of Education,Educational Leadership,Social and Behavioral Science,Department of Education,Federal,Renewal,Declined,2024-08-17,2024-11-12,,,1132000.0,0.0,0.0,0.0
PROP-001649,PI-0086,Dr. Daniel Baker,College of Arts and Sciences,Biology,Neuroscience,National Institutes of Health,Federal,New,Pending,2024-09-18,,,,1317000.0,0.0,0.0,0.0
PROP-001650,PI-0066,Dr. Amber Kidd,College of Medicine,Neuroscience,Data Science,Department of Education,Federal,Supplement,Declined,2025-05-01,2026-01-06,,,3768000.0,0.0,0.0,0.0
PROP-001651,PI-0161,Dr. Paul Castaneda,College of Medicine,Biomedical Sciences,Public Health,Department of Agriculture,Federal,Resubmission,Withdrawn,2022-05-08,,,,835000.0,0.0,0.0,0.0
PROP-001652,PI-0010,Dr. Ryan Munoz,College of Agriculture,Plant and Soil Sciences,Data Science,National Institutes of Health,Federal,Renewal,Awarded,2024-06-15,2025-02-21,2025-03-28,2029-03-27,690000.0,644690.37,530918.12,113772.25
PROP-001653,PI-0156,Dr. Michelle Brown,College of Arts and Sciences,Biology,Neuroscience,National Science Foundation,Federal,Renewal,Declined,2021-07-18,2021-12-10,,,625000.0,0.0,0.0,0.0
PROP-001654,PI-0124,Dr. Michelle Harmon,College of Arts and Sciences,Biology,Social and Behavioral Science,Department of Defense,Federal,New,Awarded,2025-04-12,2025-08-22,2026-02-15,2029-02-14,415000.0,386088.47,306759.26,79329.21
PROP-001655,PI-0128,Dr. Jason Powell,College of Arts and Sciences,Physics,Neuroscience,National Institutes of Health,Federal,Renewal,Awarded,2022-07-07,2022-08-26,2022-10-27,2027-10-26,697000.0,508997.46,404489.64,104507.82
PROP-001656,PI-0093,Dr. Denise Jacobs,College of Medicine,Public Health,Public Health,Education Advancement Foundation,Foundation,New,Awarded,2022-10-15,2023-02-05,2023-06-23,2026-06-22,156000.0,140002.22,104755.01,35247.21
PROP-001657,PI-0021,Dr. Margaret Hawkins DDS,College of Agriculture,Agricultural Economics,Environmental Science,Community Health Foundation,Foundation,New,Awarded,2022-04-08,2022-07-10,2022-11-13,2023-11-13,211000.0,203254.46,173216.32,30038.14
PROP-001658,PI-0179,Dr. Lawrence Adkins,College of Medicine,Internal Medicine,Data Science,Health Innovation Partners,Industry,Resubmission,Awarded,2021-10-09,2022-02-21,2022-06-28,2027-06-27,824000.0,687252.02,533228.5,154023.52
PROP-001659,PI-0094,Dr. Christina Walters,College of Agriculture,Plant and Soil Sciences,Agriculture,National Institutes of Health,Federal,New,Pending,2025-07-23,,,,254000.0,0.0,0.0,0.0
PROP-001660,PI-0144,Dr. Christopher Rubio,College of Agriculture,Plant and Soil Sciences,Agriculture,National Science Foundation,Federal,New,Pending,2025-08-25,,,,1270000.0,0.0,0.0,0.0
PROP-001661,PI-0120,Dr. Jeffrey Chandler,College of Engineering,Computer Science,Environmental Science,Department of Energy,Federal,Supplement,Declined,2022-09-04,2022-11-19,,,1451000.0,0.0,0.0,0.0
PROP-001662,PI-0008,Dr. Gina Moore,College of Arts and Sciences,Psychology,Neuroscience,Department of Energy,Federal,New,Awarded,2024-01-22,2024-09-23,2025-02-02,2026-02-02,495000.0,348897.6,269769.05,79128.55
PROP-001663,PI-0051,Dr. Jessica Holmes,College of Agriculture,Animal Sciences,Data Science,Department of Energy,Federal,New,Awarded,2025-02-25,2025-05-09,2025-09-15,2029-09-14,110000.0,86922.92,74750.14,12172.78
PROP-001664,PI-0153,Dr. Denise Jones,College of Arts and Sciences,Physics,Biomedical Research,Education Advancement Foundation,Foundation,New,Declined,2023-04-24,2023-06-16,,,127000.0,0.0,0.0,0.0
PROP-001665,PI-0101,Dr. Sandra Aguilar,College of Medicine,Neuroscience,Neuroscience,Health Innovation Partners,Industry,New,Awarded,2024-05-28,2024-07-16,2024-08-30,2029-08-29,813000.0,607089.45,496180.17,110909.28
PROP-001666,PI-0137,Dr. Robert Potter,College of Medicine,Public Health,Neuroscience,Health Innovation Partners,Industry,Renewal,Awarded,2023-10-28,2024-02-24,2024-08-04,2026-08-04,323000.0,305872.99,238181.3,67691.69
PROP-001667,PI-0107,Dr. Sharon Cherry,College of Business,Finance,Social and Behavioral Science,Advanced Manufacturing Solutions,Industry,Renewal,Awarded,2022-02-10,2022-06-24,2022-10-10,2026-10-09,163000.0,152562.63,110485.43,42077.2
PROP-001668,PI-0157,Dr. Joshua Perry,College of Engineering,Electrical Engineering,Renewable Energy,Future Science Foundation,Foundation,New,Awarded,2021-08-22,2021-10-08,2021-12-13,2025-12-12,136000.0,108728.55,91814.18,16914.37
PROP-001669,PI-0135,Dr. Rebecca Jackson,College of Business,Finance,Business and Economics,National Aeronautics and Space Administration,Federal,Renewal,Declined,2022-06-13,2022-10-01,,,1015000.0,0.0,0.0,0.0
PROP-001670,PI-0118,Dr. Ashley Waller,College of Engineering,Civil Engineering,Artificial Intelligence,National Institutes of Health,Federal,Resubmission,Awarded,2021-11-13,2022-07-13,2022-12-27,2026-12-26,814000.0,597250.67,469795.29,127455.38
PROP-001671,PI-0080,Dr. Lisa Barnes,College of Engineering,Mechanical Engineering,Data Science,Health Innovation Partners,Industry,Resubmission,Awarded,2024-03-02,2024-06-05,2024-09-25,2029-09-24,277000.0,232914.37,197139.56,35774.81
PROP-001672,PI-0011,Dr. Monica Herrera,College of Agriculture,Plant and Soil Sciences,Data Science,Education Advancement Foundation,Foundation,Renewal,Awarded,2024-04-05,2024-08-13,2024-10-14,2026-10-14,149000.0,137767.74,115625.1,22142.64
PROP-001673,PI-0076,Dr. Sarah Moore,College of Arts and Sciences,Chemistry,Neuroscience,National Institutes of Health,Federal,Supplement,Awarded,2021-12-16,2022-06-08,2022-08-03,2024-08-02,403000.0,371951.1,305155.2,66795.9
PROP-001674,PI-0177,Dr. Michael Elliott,College of Medicine,Neuroscience,Neuroscience,National Science Foundation,Federal,Renewal,Awarded,2025-06-25,2026-04-17,2026-09-26,2031-09-25,271000.0,268882.68,218754.85,50127.83
PROP-001675,PI-0009,Dr. Gabrielle Davis,College of Engineering,Mechanical Engineering,Renewable Energy,Bluegrass Technology Corporation,Industry,New,Awarded,2025-03-16,2025-05-02,2025-09-07,2026-09-07,1015000.0,754719.79,621207.93,133511.86
PROP-001676,PI-0148,Dr. Stephanie Salazar,College of Medicine,Internal Medicine,Neuroscience,Regional Research Alliance,Nonprofit,New,Declined,2022-10-31,2023-02-20,,,115000.0,0.0,0.0,0.0
PROP-001677,PI-0156,Dr. Michelle Brown,College of Arts and Sciences,Biology,Data Science,Department of Energy,Federal,New,Declined,2023-06-05,2023-10-09,,,1346000.0,0.0,0.0,0.0
PROP-001678,PI-0179,Dr. Lawrence Adkins,College of Medicine,Internal Medicine,Data Science,Department of Defense,Federal,New,Declined,2024-07-22,2025-04-03,,,1691000.0,0.0,0.0,0.0
PROP-001679,PI-0028,Dr. Stephanie Ross,College of Arts and Sciences,Physics,Biomedical Research,Bluegrass Technology Corporation,Industry,Renewal,Declined,2023-05-22,2023-12-10,,,659000.0,0.0,0.0,0.0
PROP-001680,PI-0046,Dr. Philip Cannon,College of Education,Curriculum and Instruction,Education,National Science Foundation,Federal,Resubmission,Declined,2024-07-29,2025-04-18,,,391000.0,0.0,0.0,0.0
PROP-001681,PI-0138,Dr. Courtney Gonzalez,College of Agriculture,Agricultural Economics,Agriculture,State Research Council,State,New,Declined,2021-11-07,2022-06-12,,,272000.0,0.0,0.0,0.0
PROP-001682,PI-0117,Dr. William Herrera,College of Agriculture,Plant and Soil Sciences,Renewable Energy,State Research Council,State,Supplement,Awarded,2022-10-09,2023-01-08,2023-06-27,2026-06-26,206000.0,204460.43,170972.04,33488.39
PROP-001683,PI-0039,Dr. Elizabeth Fowler,College of Medicine,Neuroscience,Neuroscience,Future Science Foundation,Foundation,New,Declined,2021-12-17,2022-10-01,,,105000.0,0.0,0.0,0.0
PROP-001684,PI-0165,Dr. Michael Powell,College of Business,Marketing,Business and Economics,Department of Defense,Federal,Supplement,Withdrawn,2022-08-04,,,,689000.0,0.0,0.0,0.0
PROP-001685,PI-0093,Dr. Denise Jacobs,College of Medicine,Public Health,Neuroscience,Health Innovation Partners,Industry,New,Awarded,2025-08-11,2025-11-26,2026-05-19,2031-05-18,144000.0,132966.54,105519.65,27446.89
PROP-001686,PI-0081,Dr. Kelly Donovan,College of Medicine,Internal Medicine,Biomedical Research,Advanced Manufacturing Solutions,Industry,New,Awarded,2024-06-22,2024-10-14,2025-01-09,2027-01-09,753000.0,564769.61,419186.11,145583.5
PROP-001687,PI-0026,Dr. Judy Baker,College of Education,Educational Leadership,Data Science,Education Advancement Foundation,Foundation,New,Pending,2023-01-22,,,,140000.0,0.0,0.0,0.0
PROP-001688,PI-0046,Dr. Philip Cannon,College of Education,Curriculum and Instruction,Education,Education Advancement Foundation,Foundation,Supplement,Awarded,2024-06-03,2025-02-27,2025-06-19,2027-06-19,216000.0,214186.17,181013.92,33172.25
PROP-001689,PI-0143,Dr. Patricia Rodriguez,College of Medicine,Biomedical Sciences,Public Health,National Institutes of Health,Federal,New,Declined,2023-03-31,2023-08-14,,,668000.0,0.0,0.0,0.0
PROP-001690,PI-0126,Dr. Erin Edwards,College of Arts and Sciences,Physics,Neuroscience,Centers for Disease Control and Prevention,Federal,New,Declined,2022-04-14,2022-07-26,,,445000.0,0.0,0.0,0.0
PROP-001691,PI-0121,Dr. Larry Dixon,College of Education,Educational Leadership,Social and Behavioral Science,Advanced Manufacturing Solutions,Industry,Renewal,Declined,2022-11-09,2023-06-27,,,494000.0,0.0,0.0,0.0
PROP-001692,PI-0026,Dr. Judy Baker,College of Education,Educational Leadership,Education,State Research Council,State,New,Awarded,2023-06-18,2023-12-06,2024-02-09,2028-02-08,153000.0,110337.4,94324.14,16013.26
PROP-001693,PI-0078,Dr. Megan Young,College of Business,Marketing,Business and Economics,State Department of Public Health,State,New,Declined,2022-08-26,2023-05-10,,,368000.0,0.0,0.0,0.0
PROP-001694,PI-0008,Dr. Gina Moore,College of Arts and Sciences,Psychology,Environmental Science,State Research Council,State,Renewal,Awarded,2022-02-26,2022-11-24,2023-02-21,2027-02-20,87000.0,74488.19,59098.46,15389.73
PROP-001695,PI-0155,Dr. Brenda Hall,College of Arts and Sciences,Psychology,Social and Behavioral Science,Advanced Manufacturing Solutions,Industry,New,Declined,2022-05-11,2022-07-16,,,358000.0,0.0,0.0,0.0
PROP-001696,PI-0122,Dr. Kenneth Scott,College of Arts and Sciences,Chemistry,Social and Behavioral Science,Future Science Foundation,Foundation,Supplement,Awarded,2022-12-06,2023-04-01,2023-09-02,2026-09-01,667000.0,489478.8,384394.36,105084.44
PROP-001697,PI-0036,Dr. Jeffrey Chavez,College of Arts and Sciences,Biology,Environmental Science,National Aeronautics and Space Administration,Federal,New,Declined,2024-11-08,2025-06-11,,,255000.0,0.0,0.0,0.0
PROP-001698,PI-0159,Dr. Melissa Gates,College of Arts and Sciences,Chemistry,Environmental Science,Health Innovation Partners,Industry,Renewal,Declined,2023-12-03,2024-08-04,,,204000.0,0.0,0.0,0.0
PROP-001699,PI-0028,Dr. Stephanie Ross,College of Arts and Sciences,Physics,Biomedical Research,Department of Education,Federal,Resubmission,Awarded,2025-07-22,2026-05-08,2026-08-30,2030-08-29,794000.0,730267.84,618290.31,111977.53
PROP-001700,PI-0043,Dr. Sherry Decker,College of Engineering,Electrical Engineering,Renewable Energy,University Research Initiative,Internal,New,Awarded,2024-03-21,2024-11-28,2025-03-06,2026-03-06,59000.0,45596.57,35989.22,9607.35
PROP-001701,PI-0139,Dr. David Alvarez,College of Medicine,Biomedical Sciences,Data Science,Centers for Disease Control and Prevention,Federal,Resubmission,Declined,2024-05-28,2025-01-08,,,703000.0,0.0,0.0,0.0
PROP-001702,PI-0089,Dr. Lisa Archer,College of Education,Educational Leadership,Education,Department of Education,Federal,New,Declined,2022-01-18,2022-04-06,,,780000.0,0.0,0.0,0.0
PROP-001703,PI-0030,Dr. Anthony Rodriguez,College of Engineering,Mechanical Engineering,Artificial Intelligence,Regional Research Alliance,Nonprofit,New,Declined,2025-06-22,2026-02-22,,,205000.0,0.0,0.0,0.0
PROP-001704,PI-0159,Dr. Melissa Gates,College of Arts and Sciences,Chemistry,Data Science,State Department of Public Health,State,New,Declined,2023-12-19,2024-09-09,,,430000.0,0.0,0.0,0.0
PROP-001705,PI-0054,Dr. Mark Perez,College of Medicine,Biomedical Sciences,Biomedical Research,Education Advancement Foundation,Foundation,Resubmission,Declined,2023-12-02,2024-01-14,,,247000.0,0.0,0.0,0.0
PROP-001706,PI-0098,Dr. Deborah Figueroa,College of Arts and Sciences,Biology,Environmental Science,Centers for Disease Control and Prevention,Federal,New,Pending,2022-01-19,,,,451000.0,0.0,0.0,0.0
PROP-001707,PI-0104,Dr. Christine Wright,College of Medicine,Biomedical Sciences,Public Health,Community Health Foundation,Foundation,Resubmission,Declined,2022-12-02,2023-07-03,,,293000.0,0.0,0.0,0.0
PROP-001708,PI-0088,Dr. Christopher Bass,College of Engineering,Computer Science,Renewable Energy,Department of Energy,Federal,Supplement,Awarded,2021-10-06,2022-03-19,2022-05-29,2024-05-28,2247000.0,1791653.81,1465348.18,326305.63
PROP-001709,PI-0154,Dr. Devon Flores,College of Engineering,Civil Engineering,Environmental Science,Bluegrass Technology Corporation,Industry,New,Awarded,2023-09-30,2024-01-26,2024-07-01,2025-07-01,299000.0,276872.73,229620.4,47252.33
PROP-001710,PI-0014,Dr. Michele Williams,College of Business,Management,Data Science,Department of Energy,Federal,New,Declined,2022-10-10,2023-04-20,,,260000.0,0.0,0.0,0.0
PROP-001711,PI-0004,Dr. Daniel Wagner,College of Arts and Sciences,Biology,Social and Behavioral Science,National Institutes of Health,Federal,Renewal,Declined,2023-04-02,2024-01-11,,,1240000.0,0.0,0.0,0.0
PROP-001712,PI-0039,Dr. Elizabeth Fowler,College of Medicine,Neuroscience,Neuroscience,Bluegrass Technology Corporation,Industry,New,Pending,2024-03-21,,,,301000.0,0.0,0.0,0.0
PROP-001713,PI-0143,Dr. Patricia Rodriguez,College of Medicine,Biomedical Sciences,Public Health,Department of Energy,Federal,New,Declined,2022-05-23,2022-09-16,,,106000.0,0.0,0.0,0.0
PROP-001714,PI-0093,Dr. Denise Jacobs,College of Medicine,Public Health,Public Health,National Institutes of Health,Federal,New,Awarded,2024-05-02,2024-08-31,2025-01-09,2030-01-08,1020000.0,928269.86,741193.72,187076.14
PROP-001715,PI-0104,Dr. Christine Wright,College of Medicine,Biomedical Sciences,Biomedical Research,National Science Foundation,Federal,New,Declined,2025-03-20,2025-11-12,,,362000.0,0.0,0.0,0.0
PROP-001716,PI-0016,Dr. Brian Ramirez,College of Engineering,Mechanical Engineering,Renewable Energy,National Institutes of Health,Federal,New,Declined,2022-03-30,2022-11-12,,,505000.0,0.0,0.0,0.0
PROP-001717,PI-0031,Dr. Rebecca Henderson,College of Arts and Sciences,Biology,Biomedical Research,Health Innovation Partners,Industry,Renewal,Pending,2023-02-22,,,,413000.0,0.0,0.0,0.0
PROP-001718,PI-0113,Dr. Julia Torres,College of Medicine,Public Health,Biomedical Research,Department of Energy,Federal,New,Declined,2022-11-16,2023-03-05,,,623000.0,0.0,0.0,0.0
PROP-001719,PI-0064,Dr. Donald Wright,College of Agriculture,Agricultural Economics,Data Science,National Institutes of Health,Federal,New,Declined,2022-09-22,2023-02-24,,,920000.0,0.0,0.0,0.0
PROP-001720,PI-0102,Dr. Cameron Parker,College of Arts and Sciences,Chemistry,Environmental Science,Department of Defense,Federal,Resubmission,Awarded,2023-02-28,2023-12-02,2024-04-22,2028-04-21,390000.0,301510.58,217964.52,83546.06
PROP-001721,PI-0157,Dr. Joshua Perry,College of Engineering,Electrical Engineering,Environmental Science,National Aeronautics and Space Administration,Federal,New,Declined,2024-05-28,2025-01-17,,,794000.0,0.0,0.0,0.0
PROP-001722,PI-0019,Dr. Lisa Jackson,College of Business,Management,Social and Behavioral Science,Centers for Disease Control and Prevention,Federal,Resubmission,Declined,2022-12-18,2023-07-22,,,445000.0,0.0,0.0,0.0
PROP-001723,PI-0063,Dr. Connor West,College of Education,Curriculum and Instruction,Social and Behavioral Science,Department of Defense,Federal,New,Pending,2022-10-24,,,,940000.0,0.0,0.0,0.0
PROP-001724,PI-0114,Dr. Crystal Johnson,College of Engineering,Mechanical Engineering,Renewable Energy,National Aeronautics and Space Administration,Federal,New,Declined,2023-04-20,2023-09-23,,,857000.0,0.0,0.0,0.0
PROP-001725,PI-0135,Dr. Rebecca Jackson,College of Business,Finance,Social and Behavioral Science,Centers for Disease Control and Prevention,Federal,New,Pending,2024-05-05,,,,268000.0,0.0,0.0,0.0
PROP-001726,PI-0055,Dr. Shannon Jones,College of Arts and Sciences,Biology,Data Science,National Aeronautics and Space Administration,Federal,New,Declined,2022-10-10,2023-05-06,,,1220000.0,0.0,0.0,0.0
PROP-001727,PI-0079,Dr. Steve Sanchez,College of Agriculture,Agricultural Economics,Environmental Science,Department of Agriculture,Federal,New,Awarded,2024-12-19,2025-02-20,2025-05-04,2026-05-04,362000.0,300952.79,241589.49,59363.3
PROP-001728,PI-0026,Dr. Judy Baker,College of Education,Educational Leadership,Data Science,Department of Defense,Federal,Renewal,Pending,2024-03-03,,,,991000.0,0.0,0.0,0.0
PROP-001729,PI-0095,Dr. John Whitehead,College of Engineering,Civil Engineering,Data Science,National Institutes of Health,Federal,New,Pending,2023-01-17,,,,712000.0,0.0,0.0,0.0
PROP-001730,PI-0065,Dr. Jessica Callahan,College of Arts and Sciences,Chemistry,Neuroscience,National Science Foundation,Federal,Resubmission,Awarded,2024-11-06,2025-02-12,2025-06-23,2027-06-23,2145000.0,1817336.12,1487654.07,329682.05
PROP-001731,PI-0157,Dr. Joshua Perry,College of Engineering,Electrical Engineering,Advanced Manufacturing,National Science Foundation,Federal,Renewal,Awarded,2022-10-20,2023-06-15,2023-08-20,2028-08-18,457000.0,398027.44,335392.1,62635.34
PROP-001732,PI-0153,Dr. Denise Jones,College of Arts and Sciences,Physics,Neuroscience,Department of Energy,Federal,New,Declined,2025-06-28,2026-01-27,,,416000.0,0.0,0.0,0.0
PROP-001733,PI-0050,Dr. Eric Carney,College of Engineering,Electrical Engineering,Environmental Science,National Institutes of Health,Federal,Supplement,Declined,2024-06-19,2025-02-15,,,533000.0,0.0,0.0,0.0
PROP-001734,PI-0137,Dr. Robert Potter,College of Medicine,Public Health,Neuroscience,State Department of Public Health,State,New,Declined,2022-07-03,2022-11-02,,,172000.0,0.0,0.0,0.0
PROP-001735,PI-0032,Dr. James Ferrell,College of Arts and Sciences,Chemistry,Biomedical Research,State Research Council,State,New,Awarded,2021-12-30,2022-08-15,2022-12-27,2026-12-26,351000.0,255615.2,198484.63,57130.57
PROP-001736,PI-0084,Dr. Paul Jones,College of Engineering,Computer Science,Advanced Manufacturing,National Institutes of Health,Federal,New,Awarded,2023-06-28,2023-12-04,2024-05-09,2025-05-09,161000.0,121268.95,94620.16,26648.79
PROP-001737,PI-0071,Dr. Jordan Henderson,College of Engineering,Electrical Engineering,Data Science,National Science Foundation,Federal,New,Declined,2025-02-15,2025-04-27,,,245000.0,0.0,0.0,0.0
PROP-001738,PI-0032,Dr. James Ferrell,College of Arts and Sciences,Chemistry,Social and Behavioral Science,Department of Defense,Federal,New,Awarded,2024-11-23,2025-07-02,2025-08-25,2027-08-25,243000.0,174539.67,139282.3,35257.37
PROP-001739,PI-0088,Dr. Christopher Bass,College of Engineering,Computer Science,Artificial Intelligence,Regional Research Alliance,Nonprofit,New,Awarded,2023-08-27,2024-04-04,2024-05-21,2026-05-21,248000.0,196386.03,163394.23,32991.8
PROP-001740,PI-0041,Dr. Paula Moreno,College of Engineering,Civil Engineering,Data Science,Department of Education,Federal,New,Declined,2023-06-08,2023-08-26,,,1949000.0,0.0,0.0,0.0
PROP-001741,PI-0111,Dr. Richard Rodriguez,College of Medicine,Public Health,Neuroscience,Centers for Disease Control and Prevention,Federal,New,Pending,2025-06-16,,,,500000.0,0.0,0.0,0.0
PROP-001742,PI-0079,Dr. Steve Sanchez,College of Agriculture,Agricultural Economics,Environmental Science,Department of Agriculture,Federal,Resubmission,Declined,2024-12-26,2025-02-13,,,476000.0,0.0,0.0,0.0
PROP-001743,PI-0036,Dr. Jeffrey Chavez,College of Arts and Sciences,Biology,Neuroscience,Future Science Foundation,Foundation,Renewal,Awarded,2023-03-31,2023-07-31,2024-01-09,2026-01-08,198000.0,194140.93,142710.76,51430.17
PROP-001744,PI-0034,Dr. Nathan Maldonado,College of Engineering,Civil Engineering,Artificial Intelligence,Department of Agriculture,Federal,New,Withdrawn,2023-05-22,,,,1292000.0,0.0,0.0,0.0
PROP-001745,PI-0113,Dr. Julia Torres,College of Medicine,Public Health,Data Science,Community Health Foundation,Foundation,New,Awarded,2024-01-04,2024-03-07,2024-07-01,2026-07-01,103000.0,101269.94,82395.12,18874.82
PROP-001746,PI-0125,Dr. Helen Jones,College of Arts and Sciences,Psychology,Social and Behavioral Science,National Institutes of Health,Federal,Supplement,Declined,2023-10-06,2023-11-26,,,646000.0,0.0,0.0,0.0
PROP-001747,PI-0155,Dr. Brenda Hall,College of Arts and Sciences,Psychology,Social and Behavioral Science,National Institutes of Health,Federal,Supplement,Declined,2025-03-12,2025-05-31,,,1123000.0,0.0,0.0,0.0
PROP-001748,PI-0178,Dr. Michael Wang,College of Engineering,Electrical Engineering,Environmental Science,National Institutes of Health,Federal,Renewal,Pending,2024-08-27,,,,787000.0,0.0,0.0,0.0
PROP-001749,PI-0016,Dr. Brian Ramirez,College of Engineering,Mechanical Engineering,Environmental Science,State Department of Public Health,State,New,Declined,2025-02-07,2025-06-19,,,236000.0,0.0,0.0,0.0
PROP-001750,PI-0072,Dr. Whitney Peters,College of Education,Educational Leadership,Social and Behavioral Science,Department of Energy,Federal,New,Awarded,2025-01-03,2025-03-16,2025-08-18,2026-08-18,1145000.0,947940.65,740265.28,207675.37
PROP-001751,PI-0054,Dr. Mark Perez,College of Medicine,Biomedical Sciences,Data Science,National Institutes of Health,Federal,New,Declined,2023-03-19,2023-12-28,,,71000.0,0.0,0.0,0.0
PROP-001752,PI-0169,Dr. Joel Williams,College of Engineering,Mechanical Engineering,Renewable Energy,Bluegrass Technology Corporation,Industry,Renewal,Declined,2021-09-24,2022-01-28,,,527000.0,0.0,0.0,0.0
PROP-001753,PI-0034,Dr. Nathan Maldonado,College of Engineering,Civil Engineering,Artificial Intelligence,National Science Foundation,Federal,New,Pending,2024-07-16,,,,331000.0,0.0,0.0,0.0
PROP-001754,PI-0103,Dr. Rebecca Valencia,College of Medicine,Internal Medicine,Neuroscience,State Research Council,State,Renewal,Declined,2021-10-05,2022-04-08,,,64000.0,0.0,0.0,0.0
PROP-001755,PI-0063,Dr. Connor West,College of Education,Curriculum and Instruction,Social and Behavioral Science,National Science Foundation,Federal,Supplement,Awarded,2025-05-02,2026-02-24,2026-05-10,2031-05-09,793000.0,762954.47,628213.36,134741.11
PROP-001756,PI-0088,Dr. Christopher Bass,College of Engineering,Computer Science,Renewable Energy,State Research Council,State,New,Awarded,2024-01-23,2024-08-03,2024-09-20,2026-09-20,510000.0,502344.54,424445.9,77898.64
PROP-001757,PI-0178,Dr. Michael Wang,College of Engineering,Electrical Engineering,Advanced Manufacturing,National Science Foundation,Federal,Renewal,Awarded,2023-08-21,2024-02-15,2024-03-17,2026-03-17,487000.0,371000.96,302927.68,68073.28
PROP-001758,PI-0119,Dr. Victor Baker,College of Medicine,Neuroscience,Public Health,University Research Initiative,Internal,Supplement,Declined,2023-08-01,2024-03-23,,,87000.0,0.0,0.0,0.0
PROP-001759,PI-0046,Dr. Philip Cannon,College of Education,Curriculum and Instruction,Education,National Institutes of Health,Federal,New,Declined,2022-12-11,2023-08-14,,,1811000.0,0.0,0.0,0.0
PROP-001760,PI-0081,Dr. Kelly Donovan,College of Medicine,Internal Medicine,Public Health,National Science Foundation,Federal,Resubmission,Declined,2023-01-10,2023-09-06,,,1449000.0,0.0,0.0,0.0
PROP-001761,PI-0056,Dr. Michael Lewis,College of Arts and Sciences,Physics,Biomedical Research,Department of Defense,Federal,New,Awarded,2022-07-24,2022-08-28,2023-01-06,2024-01-06,1849000.0,1747337.16,1377513.79,369823.37
PROP-001762,PI-0154,Dr. Devon Flores,College of Engineering,Civil Engineering,Advanced Manufacturing,National Institutes of Health,Federal,Renewal,Awarded,2022-02-20,2022-11-27,2023-01-13,2025-01-12,943000.0,692712.26,586249.59,106462.67
PROP-001763,PI-0156,Dr. Michelle Brown,College of Arts and Sciences,Biology,Neuroscience,Department of Energy,Federal,Supplement,Awarded,2025-04-25,2025-10-17,2026-04-02,2029-04-01,572000.0,523098.01,427529.41,95568.6
PROP-001764,PI-0054,Dr. Mark Perez,College of Medicine,Biomedical Sciences,Public Health,Health Innovation Partners,Industry,New,Declined,2023-09-17,2024-01-28,,,107000.0,0.0,0.0,0.0
PROP-001765,PI-0142,Dr. David Douglas Jr.,College of Business,Finance,Business and Economics,National Aeronautics and Space Administration,Federal,New,Awarded,2021-09-12,2022-02-06,2022-03-17,2026-03-16,449000.0,377468.51,277555.67,99912.84
PROP-001766,PI-0017,Dr. Holly Wood,College of Arts and Sciences,Biology,Environmental Science,National Institutes of Health,Federal,Renewal,Awarded,2023-12-10,2024-03-22,2024-08-12,2029-08-11,287000.0,253879.12,198364.69,55514.43
PROP-001767,PI-0021,Dr. Margaret Hawkins DDS,College of Agriculture,Agricultural Economics,Agriculture,State Research Council,State,New,Withdrawn,2022-09-04,,,,857000.0,0.0,0.0,0.0
PROP-001768,PI-0003,Dr. Angie Henderson,College of Engineering,Computer Science,Renewable Energy,National Institutes of Health,Federal,New,Awarded,2022-11-26,2023-04-07,2023-05-21,2027-05-20,474000.0,462885.62,355966.64,106918.98
PROP-001769,PI-0107,Dr. Sharon Cherry,College of Business,Finance,Data Science,National Institutes of Health,Federal,New,Awarded,2022-07-12,2023-03-23,2023-04-28,2027-04-27,593000.0,526681.3,403977.41,122703.89
PROP-001770,PI-0106,Dr. Marc Moore,College of Engineering,Computer Science,Artificial Intelligence,Health Innovation Partners,Industry,New,Awarded,2022-05-26,2022-07-24,2022-09-20,2023-09-20,482000.0,358130.35,306195.98,51934.37
PROP-001771,PI-0105,Dr. Richard Henson,College of Medicine,Biomedical Sciences,Data Science,Department of Agriculture,Federal,New,Declined,2025-07-22,2026-02-01,,,558000.0,0.0,0.0,0.0
PROP-001772,PI-0123,Dr. April Frost,College of Medicine,Neuroscience,Public Health,National Institutes of Health,Federal,Resubmission,Declined,2021-07-13,2022-02-23,,,1927000.0,0.0,0.0,0.0
PROP-001773,PI-0144,Dr. Christopher Rubio,College of Agriculture,Plant and Soil Sciences,Agriculture,Centers for Disease Control and Prevention,Federal,Resubmission,Declined,2022-03-03,2022-07-25,,,339000.0,0.0,0.0,0.0
PROP-001774,PI-0140,Dr. Angel Perry,College of Arts and Sciences,Physics,Biomedical Research,Centers for Disease Control and Prevention,Federal,New,Declined,2024-03-02,2024-10-15,,,625000.0,0.0,0.0,0.0
PROP-001775,PI-0019,Dr. Lisa Jackson,College of Business,Management,Data Science,State Research Council,State,New,Pending,2022-10-30,,,,129000.0,0.0,0.0,0.0
PROP-001776,PI-0130,Dr. Megan Orr,College of Engineering,Mechanical Engineering,Advanced Manufacturing,Department of Education,Federal,New,Withdrawn,2024-01-18,,,,201000.0,0.0,0.0,0.0
PROP-001777,PI-0090,Dr. Aimee Montoya,College of Medicine,Internal Medicine,Data Science,Community Health Foundation,Foundation,New,Declined,2023-07-08,2023-11-29,,,127000.0,0.0,0.0,0.0
PROP-001778,PI-0002,Dr. Noah Rhodes,College of Agriculture,Plant and Soil Sciences,Environmental Science,National Science Foundation,Federal,Renewal,Withdrawn,2023-09-04,,,,526000.0,0.0,0.0,0.0
PROP-001779,PI-0056,Dr. Michael Lewis,College of Arts and Sciences,Physics,Social and Behavioral Science,Future Science Foundation,Foundation,New,Awarded,2023-03-07,2023-07-31,2023-12-10,2025-12-09,143000.0,106276.9,83362.59,22914.31
PROP-001780,PI-0103,Dr. Rebecca Valencia,College of Medicine,Internal Medicine,Public Health,National Science Foundation,Federal,New,Pending,2024-01-30,,,,321000.0,0.0,0.0,0.0
PROP-001781,PI-0064,Dr. Donald Wright,College of Agriculture,Agricultural Economics,Renewable Energy,Department of Defense,Federal,New,Declined,2023-04-29,2023-12-19,,,188000.0,0.0,0.0,0.0
PROP-001782,PI-0032,Dr. James Ferrell,College of Arts and Sciences,Chemistry,Environmental Science,State Department of Public Health,State,New,Awarded,2022-07-27,2023-02-28,2023-07-26,2028-07-24,198000.0,172362.16,146976.78,25385.38
PROP-001783,PI-0091,Dr. Matthew Mcmillan,College of Arts and Sciences,Chemistry,Data Science,Department of Energy,Federal,New,Declined,2024-02-19,2024-05-14,,,175000.0,0.0,0.0,0.0
PROP-001784,PI-0161,Dr. Paul Castaneda,College of Medicine,Biomedical Sciences,Data Science,National Science Foundation,Federal,Resubmission,Declined,2024-12-29,2025-08-27,,,956000.0,0.0,0.0,0.0
PROP-001785,PI-0173,Dr. Joshua Cooke,College of Engineering,Computer Science,Artificial Intelligence,National Science Foundation,Federal,New,Pending,2025-03-12,,,,575000.0,0.0,0.0,0.0
PROP-001786,PI-0002,Dr. Noah Rhodes,College of Agriculture,Plant and Soil Sciences,Renewable Energy,Community Health Foundation,Foundation,New,Pending,2021-08-18,,,,73000.0,0.0,0.0,0.0
PROP-001787,PI-0138,Dr. Courtney Gonzalez,College of Agriculture,Agricultural Economics,Environmental Science,Department of Energy,Federal,Renewal,Awarded,2025-04-24,2025-12-15,2026-06-10,2028-06-09,429000.0,372804.95,276554.09,96250.86
PROP-001788,PI-0179,Dr. Lawrence Adkins,College of Medicine,Internal Medicine,Neuroscience,Department of Defense,Federal,New,Pending,2022-03-25,,,,307000.0,0.0,0.0,0.0
PROP-001789,PI-0061,Dr. Victoria Garcia,College of Medicine,Neuroscience,Data Science,Department of Energy,Federal,Resubmission,Declined,2025-08-14,2025-10-01,,,687000.0,0.0,0.0,0.0
PROP-001790,PI-0037,Dr. Sherri Baker,College of Engineering,Computer Science,Artificial Intelligence,Bluegrass Technology Corporation,Industry,New,Awarded,2021-10-17,2022-05-17,2022-08-06,2024-08-05,838000.0,669941.27,490794.0,179147.27
PROP-001791,PI-0034,Dr. Nathan Maldonado,College of Engineering,Civil Engineering,Data Science,National Science Foundation,Federal,New,Declined,2023-04-08,2023-12-22,,,132000.0,0.0,0.0,0.0
PROP-001792,PI-0176,Dr. Alex Hernandez,College of Engineering,Civil Engineering,Advanced Manufacturing,Department of Energy,Federal,New,Awarded,2024-08-24,2024-12-15,2025-04-30,2026-04-30,589000.0,440538.85,371496.98,69041.87
PROP-001793,PI-0044,Dr. Anthony Humphrey,College of Medicine,Internal Medicine,Data Science,National Institutes of Health,Federal,New,Declined,2023-01-27,2023-07-03,,,479000.0,0.0,0.0,0.0
PROP-001794,PI-0073,Dr. Brittney Phillips,College of Engineering,Civil Engineering,Artificial Intelligence,State Research Council,State,New,Declined,2021-09-19,2021-12-27,,,323000.0,0.0,0.0,0.0
PROP-001795,PI-0040,Dr. Brittany Farmer,College of Education,Curriculum and Instruction,Social and Behavioral Science,Department of Agriculture,Federal,New,Declined,2024-10-13,2025-05-16,,,634000.0,0.0,0.0,0.0
PROP-001796,PI-0160,Dr. Jamie Smith,College of Medicine,Biomedical Sciences,Data Science,Centers for Disease Control and Prevention,Federal,New,Pending,2024-04-03,,,,307000.0,0.0,0.0,0.0
PROP-001797,PI-0082,Dr. Mike Allen,College of Medicine,Public Health,Public Health,Future Science Foundation,Foundation,Supplement,Pending,2021-11-19,,,,154000.0,0.0,0.0,0.0
PROP-001798,PI-0057,Dr. Timothy Duncan,College of Agriculture,Animal Sciences,Environmental Science,National Institutes of Health,Federal,New,Declined,2022-05-03,2022-07-28,,,297000.0,0.0,0.0,0.0
PROP-001799,PI-0164,Dr. Jeffrey Johnson,College of Medicine,Public Health,Neuroscience,Regional Research Alliance,Nonprofit,New,Declined,2021-12-18,2022-07-17,,,267000.0,0.0,0.0,0.0
PROP-001800,PI-0083,Dr. Michael Evans,College of Engineering,Electrical Engineering,Environmental Science,University Research Initiative,Internal,New,Awarded,2024-10-21,2025-03-29,2025-06-16,2030-06-15,55000.0,45392.69,33757.11,11635.58
PROP-001801,PI-0012,Dr. Jamie Arnold,College of Arts and Sciences,Physics,Social and Behavioral Science,University Research Initiative,Internal,Resubmission,Awarded,2023-04-14,2023-09-13,2023-12-30,2026-12-29,140000.0,136044.3,98942.51,37101.79
PROP-001802,PI-0059,Dr. Brent Jordan,College of Engineering,Computer Science,Advanced Manufacturing,University Research Initiative,Internal,New,Awarded,2025-03-06,2025-04-21,2025-06-23,2030-06-22,53000.0,44383.59,32454.8,11928.79
PROP-001803,PI-0117,Dr. William Herrera,College of Agriculture,Plant and Soil Sciences,Agriculture,State Department of Public Health,State,New,Awarded,2024-02-18,2024-08-04,2024-12-08,2027-12-08,132000.0,107448.67,77904.33,29544.34
PROP-001804,PI-0177,Dr. Michael Elliott,College of Medicine,Neuroscience,Public Health,Advanced Manufacturing Solutions,Industry,Resubmission,Declined,2023-10-12,2024-05-04,,,114000.0,0.0,0.0,0.0
PROP-001805,PI-0067,Dr. Tracy House,College of Arts and Sciences,Biology,Environmental Science,Education Advancement Foundation,Foundation,Renewal,Declined,2024-03-28,2024-09-18,,,59000.0,0.0,0.0,0.0
PROP-001806,PI-0113,Dr. Julia Torres,College of Medicine,Public Health,Public Health,National Institutes of Health,Federal,New,Declined,2025-03-26,2025-10-05,,,165000.0,0.0,0.0,0.0
PROP-001807,PI-0127,Dr. Michelle Evans,College of Business,Finance,Social and Behavioral Science,Future Science Foundation,Foundation,New,Awarded,2022-02-05,2022-04-09,2022-06-17,2027-06-16,225000.0,173899.87,129519.76,44380.11
PROP-001808,PI-0125,Dr. Helen Jones,College of Arts and Sciences,Psychology,Environmental Science,Bluegrass Technology Corporation,Industry,Resubmission,Awarded,2021-07-28,2021-10-02,2021-12-10,2026-12-09,468000.0,431005.09,330907.98,100097.11
PROP-001809,PI-0018,Dr. Derek Zuniga,College of Arts and Sciences,Biology,Data Science,Department of Education,Federal,New,Declined,2024-12-06,2025-03-08,,,165000.0,0.0,0.0,0.0
PROP-001810,PI-0148,Dr. Stephanie Salazar,College of Medicine,Internal Medicine,Biomedical Research,State Department of Public Health,State,New,Declined,2021-12-14,2022-04-18,,,374000.0,0.0,0.0,0.0
PROP-001811,PI-0163,Dr. Lindsey Walker,College of Arts and Sciences,Biology,Biomedical Research,State Department of Public Health,State,New,Declined,2025-05-05,2025-10-01,,,153000.0,0.0,0.0,0.0
PROP-001812,PI-0138,Dr. Courtney Gonzalez,College of Agriculture,Agricultural Economics,Environmental Science,National Institutes of Health,Federal,New,Awarded,2024-06-19,2025-03-29,2025-06-14,2029-06-13,603000.0,456948.32,381303.78,75644.54
PROP-001813,PI-0112,Dr. Shannon Walker,College of Medicine,Public Health,Public Health,State Department of Public Health,State,New,Pending,2023-12-24,,,,596000.0,0.0,0.0,0.0
PROP-001814,PI-0117,Dr. William Herrera,College of Agriculture,Plant and Soil Sciences,Environmental Science,Department of Agriculture,Federal,New,Withdrawn,2022-12-22,,,,1059000.0,0.0,0.0,0.0
PROP-001815,PI-0057,Dr. Timothy Duncan,College of Agriculture,Animal Sciences,Environmental Science,Future Science Foundation,Foundation,New,Awarded,2022-03-11,2022-07-14,2022-11-03,2024-11-02,159000.0,144826.81,105811.79,39015.02
PROP-001816,PI-0099,Dr. Jessica Smith,College of Engineering,Mechanical Engineering,Data Science,Department of Defense,Federal,Resubmission,Awarded,2023-10-23,2024-06-27,2024-09-29,2027-09-29,277000.0,236002.99,179351.99,56651.0
PROP-001817,PI-0025,Dr. Matthew Foster,College of Agriculture,Plant and Soil Sciences,Environmental Science,National Aeronautics and Space Administration,Federal,Renewal,Withdrawn,2022-11-28,,,,108000.0,0.0,0.0,0.0
PROP-001818,PI-0100,Dr. Stephen Mckee,College of Agriculture,Plant and Soil Sciences,Data Science,Bluegrass Technology Corporation,Industry,New,Awarded,2023-06-05,2024-02-10,2024-03-31,2028-03-30,198000.0,192219.99,140023.91,52196.08
PROP-001819,PI-0002,Dr. Noah Rhodes,College of Agriculture,Plant and Soil Sciences,Agriculture,Regional Research Alliance,Nonprofit,Renewal,Awarded,2023-07-11,2023-09-12,2024-03-05,2027-03-05,123000.0,111859.0,90020.87,21838.13
PROP-001820,PI-0084,Dr. Paul Jones,College of Engineering,Computer Science,Renewable Energy,Department of Defense,Federal,Renewal,Declined,2024-04-19,2024-10-19,,,258000.0,0.0,0.0,0.0
PROP-001821,PI-0112,Dr. Shannon Walker,College of Medicine,Public Health,Data Science,Department of Energy,Federal,Supplement,Awarded,2024-10-15,2025-06-11,2025-11-07,2029-11-06,490000.0,368071.28,300611.56,67459.72
PROP-001822,PI-0118,Dr. Ashley Waller,College of Engineering,Civil Engineering,Renewable Energy,Community Health Foundation,Foundation,Resubmission,Withdrawn,2024-02-05,,,,199000.0,0.0,0.0,0.0
PROP-001823,PI-0006,Dr. Connie Lawrence,College of Engineering,Electrical Engineering,Advanced Manufacturing,Department of Defense,Federal,New,Declined,2023-11-07,2023-12-19,,,457000.0,0.0,0.0,0.0
PROP-001824,PI-0115,Dr. Garrett Lin,College of Engineering,Computer Science,Data Science,Bluegrass Technology Corporation,Industry,New,Pending,2022-05-02,,,,208000.0,0.0,0.0,0.0
PROP-001825,PI-0111,Dr. Richard Rodriguez,College of Medicine,Public Health,Data Science,Department of Energy,Federal,New,Declined,2022-06-19,2022-10-04,,,613000.0,0.0,0.0,0.0
PROP-001826,PI-0032,Dr. James Ferrell,College of Arts and Sciences,Chemistry,Neuroscience,Education Advancement Foundation,Foundation,New,Awarded,2024-02-23,2024-04-04,2024-09-08,2028-09-07,252000.0,187732.43,144032.85,43699.58
PROP-001827,PI-0129,Dr. Cameron Fisher,College of Engineering,Civil Engineering,Data Science,National Science Foundation,Federal,Supplement,Declined,2022-10-10,2023-02-14,,,239000.0,0.0,0.0,0.0
PROP-001828,PI-0142,Dr. David Douglas Jr.,College of Business,Finance,Data Science,Department of Education,Federal,New,Declined,2022-05-24,2023-02-27,,,1557000.0,0.0,0.0,0.0
PROP-001829,PI-0089,Dr. Lisa Archer,College of Education,Educational Leadership,Data Science,National Institutes of Health,Federal,Supplement,Awarded,2023-04-24,2023-08-04,2023-11-02,2028-10-31,502000.0,457727.23,368513.66,89213.57
PROP-001830,PI-0034,Dr. Nathan Maldonado,College of Engineering,Civil Engineering,Advanced Manufacturing,Advanced Manufacturing Solutions,Industry,New,Awarded,2023-03-23,2023-09-28,2024-02-14,2029-02-12,332000.0,295298.26,226612.26,68686.0
PROP-001831,PI-0067,Dr. Tracy House,College of Arts and Sciences,Biology,Biomedical Research,Centers for Disease Control and Prevention,Federal,New,Declined,2023-08-04,2023-11-07,,,919000.0,0.0,0.0,0.0
PROP-001832,PI-0121,Dr. Larry Dixon,College of Education,Educational Leadership,Social and Behavioral Science,Centers for Disease Control and Prevention,Federal,New,Awarded,2023-07-28,2024-02-10,2024-05-09,2027-05-09,644000.0,531364.51,398164.09,133200.42
PROP-001833,PI-0083,Dr. Michael Evans,College of Engineering,Electrical Engineering,Advanced Manufacturing,Bluegrass Technology Corporation,Industry,New,Declined,2023-05-10,2023-09-16,,,639000.0,0.0,0.0,0.0
PROP-001834,PI-0133,Dr. Mary Marshall,College of Engineering,Electrical Engineering,Data Science,Regional Research Alliance,Nonprofit,Renewal,Declined,2022-10-12,2023-03-12,,,166000.0,0.0,0.0,0.0
PROP-001835,PI-0022,Dr. Patty Perez,College of Education,Curriculum and Instruction,Education,Department of Agriculture,Federal,New,Awarded,2024-05-12,2024-08-25,2024-12-15,2025-12-15,341000.0,328798.49,254417.72,74380.77
PROP-001836,PI-0096,Dr. Anna Henderson,College of Medicine,Public Health,Data Science,Department of Agriculture,Federal,Resubmission,Pending,2025-07-30,,,,709000.0,0.0,0.0,0.0
PROP-001837,PI-0069,Dr. James Brown,College of Engineering,Mechanical Engineering,Renewable Energy,National Institutes of Health,Federal,New,Awarded,2023-01-17,2023-03-18,2023-08-16,2025-08-15,229000.0,209208.05,161284.67,47923.38
PROP-001838,PI-0169,Dr. Joel Williams,College of Engineering,Mechanical Engineering,Data Science,Department of Education,Federal,New,Declined,2024-03-15,2024-06-27,,,586000.0,0.0,0.0,0.0
PROP-001839,PI-0091,Dr. Matthew Mcmillan,College of Arts and Sciences,Chemistry,Social and Behavioral Science,Education Advancement Foundation,Foundation,New,Awarded,2024-07-03,2024-11-06,2025-01-05,2028-01-05,185000.0,140603.24,117193.08,23410.16
PROP-001840,PI-0093,Dr. Denise Jacobs,College of Medicine,Public Health,Biomedical Research,State Department of Public Health,State,New,Declined,2023-01-30,2023-07-06,,,183000.0,0.0,0.0,0.0
PROP-001841,PI-0158,Dr. Jason Stein,College of Arts and Sciences,Physics,Data Science,Department of Defense,Federal,Resubmission,Awarded,2022-12-17,2023-01-30,2023-06-16,2024-06-15,491000.0,373784.56,284619.92,89164.64
PROP-001842,PI-0031,Dr. Rebecca Henderson,College of Arts and Sciences,Biology,Social and Behavioral Science,Department of Agriculture,Federal,Resubmission,Awarded,2025-01-02,2025-09-16,2026-01-04,2027-01-04,132000.0,107527.97,79783.28,27744.69
PROP-001843,PI-0041,Dr. Paula Moreno,College of Engineering,Civil Engineering,Renewable Energy,Department of Defense,Federal,New,Declined,2023-02-04,2023-05-28,,,358000.0,0.0,0.0,0.0
PROP-001844,PI-0163,Dr. Lindsey Walker,College of Arts and Sciences,Biology,Neuroscience,National Institutes of Health,Federal,Supplement,Awarded,2023-04-30,2023-11-07,2024-03-12,2029-03-11,579000.0,501282.3,386807.01,114475.29
PROP-001845,PI-0123,Dr. April Frost,College of Medicine,Neuroscience,Biomedical Research,Department of Education,Federal,Renewal,Declined,2023-04-30,2023-06-16,,,609000.0,0.0,0.0,0.0
PROP-001846,PI-0003,Dr. Angie Henderson,College of Engineering,Computer Science,Renewable Energy,Department of Energy,Federal,Renewal,Awarded,2024-05-13,2024-08-18,2025-01-22,2026-01-22,250000.0,179189.44,147010.21,32179.23
PROP-001847,PI-0108,Dr. Sierra Johnson,College of Engineering,Civil Engineering,Artificial Intelligence,National Institutes of Health,Federal,New,Awarded,2025-07-01,2026-01-29,2026-05-25,2027-05-25,1396000.0,1075623.69,888091.22,187532.47
PROP-001848,PI-0006,Dr. Connie Lawrence,College of Engineering,Electrical Engineering,Advanced Manufacturing,Department of Energy,Federal,New,Declined,2021-11-05,2022-08-30,,,282000.0,0.0,0.0,0.0
PROP-001849,PI-0141,Dr. Cheyenne Horton,College of Business,Finance,Data Science,State Research Council,State,New,Awarded,2021-12-31,2022-03-30,2022-07-04,2024-07-03,392000.0,370169.22,289764.67,80404.55
PROP-001850,PI-0119,Dr. Victor Baker,College of Medicine,Neuroscience,Neuroscience,National Institutes of Health,Federal,Renewal,Awarded,2025-02-06,2025-03-29,2025-05-08,2027-05-08,744000.0,708933.76,532815.32,176118.44
PROP-001851,PI-0174,Dr. Matthew Harrington,College of Medicine,Biomedical Sciences,Neuroscience,Education Advancement Foundation,Foundation,Supplement,Awarded,2023-04-16,2023-12-04,2024-01-07,2029-01-05,124000.0,98813.75,81603.84,17209.91
PROP-001852,PI-0022,Dr. Patty Perez,College of Education,Curriculum and Instruction,Social and Behavioral Science,Department of Agriculture,Federal,Renewal,Declined,2024-07-31,2024-10-03,,,2046000.0,0.0,0.0,0.0
PROP-001853,PI-0150,Dr. Stephanie Manning,College of Engineering,Civil Engineering,Artificial Intelligence,National Science Foundation,Federal,New,Awarded,2024-04-02,2024-11-06,2025-04-15,2027-04-15,221000.0,155174.2,126972.13,28202.07
PROP-001854,PI-0014,Dr. Michele Williams,College of Business,Management,Data Science,National Science Foundation,Federal,New,Pending,2024-12-27,,,,1077000.0,0.0,0.0,0.0
PROP-001855,PI-0108,Dr. Sierra Johnson,College of Engineering,Civil Engineering,Renewable Energy,National Science Foundation,Federal,New,Declined,2022-08-17,2023-01-25,,,1144000.0,0.0,0.0,0.0
PROP-001856,PI-0012,Dr. Jamie Arnold,College of Arts and Sciences,Physics,Social and Behavioral Science,National Science Foundation,Federal,Resubmission,Declined,2025-02-22,2025-08-17,,,327000.0,0.0,0.0,0.0
PROP-001857,PI-0065,Dr. Jessica Callahan,College of Arts and Sciences,Chemistry,Data Science,National Institutes of Health,Federal,New,Declined,2024-05-14,2025-01-06,,,1535000.0,0.0,0.0,0.0
PROP-001858,PI-0142,Dr. David Douglas Jr.,College of Business,Finance,Business and Economics,National Science Foundation,Federal,New,Declined,2025-08-30,2026-01-12,,,448000.0,0.0,0.0,0.0
PROP-001859,PI-0098,Dr. Deborah Figueroa,College of Arts and Sciences,Biology,Environmental Science,Bluegrass Technology Corporation,Industry,Renewal,Awarded,2025-05-13,2025-11-14,2026-03-16,2030-03-15,401000.0,361807.02,305412.63,56394.39
PROP-001860,PI-0073,Dr. Brittney Phillips,College of Engineering,Civil Engineering,Artificial Intelligence,State Research Council,State,New,Pending,2022-11-29,,,,248000.0,0.0,0.0,0.0
PROP-001861,PI-0138,Dr. Courtney Gonzalez,College of Agriculture,Agricultural Economics,Environmental Science,Department of Agriculture,Federal,New,Awarded,2022-07-06,2023-02-19,2023-06-12,2027-06-11,489000.0,468514.52,350865.55,117648.97
PROP-001862,PI-0027,Dr. Justin Baker,College of Medicine,Public Health,Data Science,Department of Education,Federal,New,Declined,2024-08-22,2025-02-14,,,993000.0,0.0,0.0,0.0
PROP-001863,PI-0022,Dr. Patty Perez,College of Education,Curriculum and Instruction,Data Science,Health Innovation Partners,Industry,New,Declined,2021-07-01,2021-08-15,,,571000.0,0.0,0.0,0.0
PROP-001864,PI-0178,Dr. Michael Wang,College of Engineering,Electrical Engineering,Environmental Science,National Institutes of Health,Federal,New,Awarded,2021-07-01,2021-10-20,2021-12-13,2022-12-13,146000.0,115490.96,89320.58,26170.38
PROP-001865,PI-0180,Dr. Robert Oconnell,College of Education,Curriculum and Instruction,Social and Behavioral Science,National Science Foundation,Federal,New,Declined,2023-08-03,2023-10-10,,,1437000.0,0.0,0.0,0.0
PROP-001866,PI-0125,Dr. Helen Jones,College of Arts and Sciences,Psychology,Social and Behavioral Science,Department of Defense,Federal,New,Declined,2022-03-03,2022-09-03,,,155000.0,0.0,0.0,0.0
PROP-001867,PI-0080,Dr. Lisa Barnes,College of Engineering,Mechanical Engineering,Data Science,National Science Foundation,Federal,Resubmission,Pending,2022-08-24,,,,1172000.0,0.0,0.0,0.0
PROP-001868,PI-0079,Dr. Steve Sanchez,College of Agriculture,Agricultural Economics,Agriculture,Community Health Foundation,Foundation,Renewal,Declined,2021-09-01,2022-06-01,,,393000.0,0.0,0.0,0.0
PROP-001869,PI-0178,Dr. Michael Wang,College of Engineering,Electrical Engineering,Data Science,National Institutes of Health,Federal,New,Awarded,2024-09-30,2024-11-10,2025-05-03,2029-05-02,238000.0,216217.19,163944.27,52272.92
PROP-001870,PI-0094,Dr. Christina Walters,College of Agriculture,Plant and Soil Sciences,Agriculture,State Department of Public Health,State,New,Awarded,2025-04-19,2025-12-26,2026-05-24,2030-05-23,160000.0,130116.4,94360.75,35755.65
PROP-001871,PI-0033,Dr. Tricia Valencia,College of Arts and Sciences,Chemistry,Environmental Science,Regional Research Alliance,Nonprofit,New,Awarded,2021-11-07,2022-04-30,2022-09-29,2024-09-28,72000.0,71123.66,59935.38,11188.28
PROP-001872,PI-0163,Dr. Lindsey Walker,College of Arts and Sciences,Biology,Social and Behavioral Science,National Institutes of Health,Federal,New,Pending,2022-10-24,,,,460000.0,0.0,0.0,0.0
PROP-001873,PI-0129,Dr. Cameron Fisher,College of Engineering,Civil Engineering,Advanced Manufacturing,Advanced Manufacturing Solutions,Industry,Supplement,Awarded,2024-08-27,2025-06-03,2025-08-31,2026-08-31,264000.0,250963.08,195989.17,54973.91
PROP-001874,PI-0009,Dr. Gabrielle Davis,College of Engineering,Mechanical Engineering,Renewable Energy,Department of Energy,Federal,New,Declined,2024-02-23,2024-06-15,,,970000.0,0.0,0.0,0.0
PROP-001875,PI-0157,Dr. Joshua Perry,College of Engineering,Electrical Engineering,Renewable Energy,State Research Council,State,New,Declined,2022-04-25,2022-11-05,,,490000.0,0.0,0.0,0.0
PROP-001876,PI-0133,Dr. Mary Marshall,College of Engineering,Electrical Engineering,Renewable Energy,Department of Defense,Federal,New,Declined,2023-06-12,2023-12-08,,,1539000.0,0.0,0.0,0.0
PROP-001877,PI-0120,Dr. Jeffrey Chandler,College of Engineering,Computer Science,Data Science,Advanced Manufacturing Solutions,Industry,Renewal,Awarded,2024-07-15,2024-09-27,2024-12-30,2026-12-30,221000.0,181738.85,155312.95,26425.9
PROP-001878,PI-0171,Dr. Jamie Walton,College of Agriculture,Agricultural Economics,Data Science,Community Health Foundation,Foundation,Renewal,Declined,2024-07-09,2024-10-31,,,165000.0,0.0,0.0,0.0
PROP-001879,PI-0178,Dr. Michael Wang,College of Engineering,Electrical Engineering,Artificial Intelligence,Department of Energy,Federal,Resubmission,Withdrawn,2022-04-24,,,,153000.0,0.0,0.0,0.0
PROP-001880,PI-0126,Dr. Erin Edwards,College of Arts and Sciences,Physics,Neuroscience,Department of Energy,Federal,Renewal,Declined,2024-09-17,2024-12-27,,,295000.0,0.0,0.0,0.0
PROP-001881,PI-0011,Dr. Monica Herrera,College of Agriculture,Plant and Soil Sciences,Environmental Science,Advanced Manufacturing Solutions,Industry,New,Declined,2022-02-15,2022-11-28,,,644000.0,0.0,0.0,0.0
PROP-001882,PI-0135,Dr. Rebecca Jackson,College of Business,Finance,Social and Behavioral Science,National Institutes of Health,Federal,New,Awarded,2024-08-01,2024-12-25,2025-04-19,2029-04-18,1815000.0,1632394.81,1212964.46,419430.35
PROP-001883,PI-0062,Dr. Gerald Hensley,College of Medicine,Biomedical Sciences,Biomedical Research,Department of Energy,Federal,Resubmission,Declined,2023-09-17,2024-07-10,,,214000.0,0.0,0.0,0.0
PROP-001884,PI-0020,Dr. Carla Gray,College of Engineering,Mechanical Engineering,Advanced Manufacturing,National Science Foundation,Federal,New,Declined,2022-02-03,2022-06-28,,,347000.0,0.0,0.0,0.0
PROP-001885,PI-0103,Dr. Rebecca Valencia,College of Medicine,Internal Medicine,Data Science,National Institutes of Health,Federal,Renewal,Declined,2025-07-06,2025-08-05,,,530000.0,0.0,0.0,0.0
PROP-001886,PI-0002,Dr. Noah Rhodes,College of Agriculture,Plant and Soil Sciences,Agriculture,Department of Agriculture,Federal,Resubmission,Declined,2023-03-20,2023-08-20,,,667000.0,0.0,0.0,0.0
PROP-001887,PI-0006,Dr. Connie Lawrence,College of Engineering,Electrical Engineering,Advanced Manufacturing,National Science Foundation,Federal,New,Declined,2022-07-27,2022-09-07,,,294000.0,0.0,0.0,0.0
PROP-001888,PI-0091,Dr. Matthew Mcmillan,College of Arts and Sciences,Chemistry,Biomedical Research,National Institutes of Health,Federal,New,Awarded,2025-04-24,2025-07-23,2025-12-08,2028-12-07,743000.0,536000.83,404938.31,131062.52
PROP-001889,PI-0180,Dr. Robert Oconnell,College of Education,Curriculum and Instruction,Data Science,Department of Defense,Federal,Renewal,Awarded,2023-09-03,2024-06-03,2024-07-13,2028-07-12,379000.0,307927.94,234804.33,73123.61
PROP-001890,PI-0128,Dr. Jason Powell,College of Arts and Sciences,Physics,Biomedical Research,Department of Agriculture,Federal,New,Awarded,2024-02-25,2024-05-15,2024-09-30,2029-09-29,535000.0,512718.57,396703.55,116015.02
PROP-001891,PI-0002,Dr. Noah Rhodes,College of Agriculture,Plant and Soil Sciences,Data Science,Education Advancement Foundation,Foundation,Renewal,Withdrawn,2023-08-18,,,,270000.0,0.0,0.0,0.0
PROP-001892,PI-0092,Dr. Brian Rodriguez,College of Arts and Sciences,Psychology,Biomedical Research,Regional Research Alliance,Nonprofit,Renewal,Awarded,2022-11-29,2023-02-15,2023-07-11,2027-07-10,141000.0,121699.99,89037.54,32662.45
PROP-001893,PI-0036,Dr. Jeffrey Chavez,College of Arts and Sciences,Biology,Social and Behavioral Science,National Science Foundation,Federal,Supplement,Awarded,2023-03-27,2023-12-13,2024-03-07,2029-03-06,390000.0,337657.21,276394.58,61262.63
PROP-001894,PI-0082,Dr. Mike Allen,College of Medicine,Public Health,Data Science,National Institutes of Health,Federal,Renewal,Declined,2025-04-13,2025-05-27,,,498000.0,0.0,0.0,0.0
PROP-001895,PI-0153,Dr. Denise Jones,College of Arts and Sciences,Physics,Neuroscience,Department of Defense,Federal,New,Declined,2025-05-28,2026-01-11,,,506000.0,0.0,0.0,0.0
PROP-001896,PI-0017,Dr. Holly Wood,College of Arts and Sciences,Biology,Neuroscience,State Research Council,State,New,Declined,2025-05-30,2026-03-20,,,164000.0,0.0,0.0,0.0
PROP-001897,PI-0095,Dr. John Whitehead,College of Engineering,Civil Engineering,Advanced Manufacturing,National Science Foundation,Federal,New,Pending,2021-09-20,,,,445000.0,0.0,0.0,0.0
PROP-001898,PI-0165,Dr. Michael Powell,College of Business,Marketing,Data Science,Department of Education,Federal,New,Declined,2021-12-05,2022-04-15,,,1792000.0,0.0,0.0,0.0
PROP-001899,PI-0097,Dr. Aaron Wise,College of Medicine,Biomedical Sciences,Data Science,Department of Agriculture,Federal,New,Declined,2025-03-01,2025-06-29,,,823000.0,0.0,0.0,0.0
PROP-001900,PI-0045,Dr. Angelica Tucker,College of Agriculture,Animal Sciences,Renewable Energy,National Institutes of Health,Federal,New,Declined,2025-04-29,2026-02-05,,,433000.0,0.0,0.0,0.0
PROP-001901,PI-0037,Dr. Sherri Baker,College of Engineering,Computer Science,Data Science,State Department of Public Health,State,Resubmission,Pending,2022-02-23,,,,329000.0,0.0,0.0,0.0
PROP-001902,PI-0116,Dr. Diana May,College of Arts and Sciences,Biology,Biomedical Research,National Science Foundation,Federal,New,Withdrawn,2024-11-21,,,,421000.0,0.0,0.0,0.0
PROP-001903,PI-0165,Dr. Michael Powell,College of Business,Marketing,Social and Behavioral Science,National Institutes of Health,Federal,New,Declined,2023-11-28,2024-01-07,,,1303000.0,0.0,0.0,0.0
PROP-001904,PI-0101,Dr. Sandra Aguilar,College of Medicine,Neuroscience,Public Health,Department of Education,Federal,New,Declined,2023-01-23,2023-10-03,,,713000.0,0.0,0.0,0.0
PROP-001905,PI-0138,Dr. Courtney Gonzalez,College of Agriculture,Agricultural Economics,Renewable Energy,National Institutes of Health,Federal,New,Pending,2025-03-23,,,,499000.0,0.0,0.0,0.0
PROP-001906,PI-0039,Dr. Elizabeth Fowler,College of Medicine,Neuroscience,Public Health,Department of Agriculture,Federal,New,Awarded,2022-04-08,2022-08-11,2022-10-30,2026-10-29,756000.0,556645.27,413408.94,143236.33
PROP-001907,PI-0062,Dr. Gerald Hensley,College of Medicine,Biomedical Sciences,Public Health,National Aeronautics and Space Administration,Federal,New,Withdrawn,2025-03-06,,,,166000.0,0.0,0.0,0.0
PROP-001908,PI-0146,Dr. Joyce Solis,College of Arts and Sciences,Chemistry,Environmental Science,Centers for Disease Control and Prevention,Federal,New,Awarded,2022-08-19,2023-04-06,2023-05-08,2026-05-07,232000.0,172658.15,127533.96,45124.19
PROP-001909,PI-0088,Dr. Christopher Bass,College of Engineering,Computer Science,Artificial Intelligence,Department of Agriculture,Federal,New,Declined,2022-12-27,2023-01-30,,,221000.0,0.0,0.0,0.0
PROP-001910,PI-0004,Dr. Daniel Wagner,College of Arts and Sciences,Biology,Social and Behavioral Science,Future Science Foundation,Foundation,New,Pending,2024-03-10,,,,208000.0,0.0,0.0,0.0
PROP-001911,PI-0002,Dr. Noah Rhodes,College of Agriculture,Plant and Soil Sciences,Environmental Science,National Science Foundation,Federal,New,Declined,2022-01-19,2022-05-17,,,1982000.0,0.0,0.0,0.0
PROP-001912,PI-0056,Dr. Michael Lewis,College of Arts and Sciences,Physics,Data Science,National Aeronautics and Space Administration,Federal,Renewal,Pending,2021-11-23,,,,2881000.0,0.0,0.0,0.0
PROP-001913,PI-0117,Dr. William Herrera,College of Agriculture,Plant and Soil Sciences,Environmental Science,State Research Council,State,Resubmission,Awarded,2021-11-17,2022-01-23,2022-07-16,2024-07-15,316000.0,266484.86,228798.94,37685.92
PROP-001914,PI-0009,Dr. Gabrielle Davis,College of Engineering,Mechanical Engineering,Data Science,Department of Education,Federal,New,Declined,2022-10-05,2023-03-18,,,787000.0,0.0,0.0,0.0
PROP-001915,PI-0057,Dr. Timothy Duncan,College of Agriculture,Animal Sciences,Renewable Energy,National Institutes of Health,Federal,New,Pending,2023-09-17,,,,140000.0,0.0,0.0,0.0
PROP-001916,PI-0094,Dr. Christina Walters,College of Agriculture,Plant and Soil Sciences,Agriculture,National Science Foundation,Federal,Renewal,Declined,2024-01-08,2024-06-01,,,360000.0,0.0,0.0,0.0
PROP-001917,PI-0021,Dr. Margaret Hawkins DDS,College of Agriculture,Agricultural Economics,Environmental Science,Department of Agriculture,Federal,Supplement,Declined,2023-10-11,2024-01-29,,,299000.0,0.0,0.0,0.0
PROP-001918,PI-0055,Dr. Shannon Jones,College of Arts and Sciences,Biology,Environmental Science,Centers for Disease Control and Prevention,Federal,New,Declined,2023-12-04,2024-01-18,,,339000.0,0.0,0.0,0.0
PROP-001919,PI-0070,Dr. William Baker,College of Education,Curriculum and Instruction,Social and Behavioral Science,National Institutes of Health,Federal,New,Pending,2022-04-25,,,,476000.0,0.0,0.0,0.0
PROP-001920,PI-0107,Dr. Sharon Cherry,College of Business,Finance,Social and Behavioral Science,National Institutes of Health,Federal,New,Awarded,2025-02-21,2025-08-25,2026-02-08,2031-02-07,379000.0,357034.45,302906.42,54128.03
PROP-001921,PI-0107,Dr. Sharon Cherry,College of Business,Finance,Data Science,Community Health Foundation,Foundation,Resubmission,Declined,2024-03-25,2024-11-07,,,52000.0,0.0,0.0,0.0
PROP-001922,PI-0110,Dr. Sharon Cochran,College of Education,Educational Leadership,Data Science,Centers for Disease Control and Prevention,Federal,New,Declined,2024-11-09,2025-02-17,,,947000.0,0.0,0.0,0.0
PROP-001923,PI-0169,Dr. Joel Williams,College of Engineering,Mechanical Engineering,Advanced Manufacturing,Department of Energy,Federal,Renewal,Withdrawn,2024-06-26,,,,242000.0,0.0,0.0,0.0
PROP-001924,PI-0001,Dr. Allison Hill,College of Arts and Sciences,Biology,Neuroscience,Department of Education,Federal,New,Declined,2023-01-07,2023-07-03,,,647000.0,0.0,0.0,0.0
PROP-001925,PI-0109,Dr. Evelyn Galvan,College of Medicine,Public Health,Neuroscience,Department of Energy,Federal,Resubmission,Pending,2024-09-02,,,,2560000.0,0.0,0.0,0.0
PROP-001926,PI-0089,Dr. Lisa Archer,College of Education,Educational Leadership,Education,Department of Energy,Federal,New,Declined,2024-05-26,2025-01-21,,,271000.0,0.0,0.0,0.0
PROP-001927,PI-0119,Dr. Victor Baker,College of Medicine,Neuroscience,Public Health,National Science Foundation,Federal,New,Declined,2024-12-07,2025-03-18,,,81000.0,0.0,0.0,0.0
PROP-001928,PI-0057,Dr. Timothy Duncan,College of Agriculture,Animal Sciences,Data Science,National Science Foundation,Federal,Renewal,Declined,2024-08-06,2025-02-16,,,436000.0,0.0,0.0,0.0
PROP-001929,PI-0162,Dr. Jennifer Adkins,College of Education,Educational Leadership,Education,Advanced Manufacturing Solutions,Industry,New,Awarded,2025-07-23,2025-12-26,2026-03-18,2031-03-17,708000.0,649110.52,493846.24,155264.28
PROP-001930,PI-0066,Dr. Amber Kidd,College of Medicine,Neuroscience,Public Health,National Science Foundation,Federal,Renewal,Declined,2022-11-16,2023-07-04,,,2347000.0,0.0,0.0,0.0
PROP-001931,PI-0119,Dr. Victor Baker,College of Medicine,Neuroscience,Data Science,State Department of Public Health,State,Resubmission,Declined,2023-05-31,2023-09-12,,,94000.0,0.0,0.0,0.0
PROP-001932,PI-0043,Dr. Sherry Decker,College of Engineering,Electrical Engineering,Renewable Energy,Department of Education,Federal,New,Withdrawn,2024-08-01,,,,784000.0,0.0,0.0,0.0
PROP-001933,PI-0032,Dr. James Ferrell,College of Arts and Sciences,Chemistry,Data Science,National Institutes of Health,Federal,New,Pending,2024-04-09,,,,381000.0,0.0,0.0,0.0
PROP-001934,PI-0097,Dr. Aaron Wise,College of Medicine,Biomedical Sciences,Data Science,Community Health Foundation,Foundation,New,Declined,2024-05-12,2025-01-12,,,177000.0,0.0,0.0,0.0
PROP-001935,PI-0114,Dr. Crystal Johnson,College of Engineering,Mechanical Engineering,Data Science,National Science Foundation,Federal,Supplement,Declined,2024-03-29,2024-06-22,,,3926000.0,0.0,0.0,0.0
PROP-001936,PI-0163,Dr. Lindsey Walker,College of Arts and Sciences,Biology,Data Science,Department of Defense,Federal,New,Awarded,2022-03-09,2022-05-05,2022-06-14,2023-06-14,175000.0,141470.08,117728.85,23741.23
PROP-001937,PI-0160,Dr. Jamie Smith,College of Medicine,Biomedical Sciences,Public Health,National Institutes of Health,Federal,New,Awarded,2022-01-13,2022-05-27,2022-07-06,2027-07-05,654000.0,639431.72,521866.7,117565.02
PROP-001938,PI-0159,Dr. Melissa Gates,College of Arts and Sciences,Chemistry,Biomedical Research,National Institutes of Health,Federal,New,Declined,2023-01-19,2023-07-13,,,767000.0,0.0,0.0,0.0
PROP-001939,PI-0115,Dr. Garrett Lin,College of Engineering,Computer Science,Advanced Manufacturing,National Science Foundation,Federal,New,Declined,2022-12-29,2023-07-28,,,1220000.0,0.0,0.0,0.0
PROP-001940,PI-0127,Dr. Michelle Evans,College of Business,Finance,Business and Economics,National Institutes of Health,Federal,New,Awarded,2022-09-24,2023-05-08,2023-07-29,2028-07-27,582000.0,437403.67,374109.59,63294.08
PROP-001941,PI-0112,Dr. Shannon Walker,College of Medicine,Public Health,Biomedical Research,Education Advancement Foundation,Foundation,New,Declined,2023-01-04,2023-10-09,,,231000.0,0.0,0.0,0.0
PROP-001942,PI-0064,Dr. Donald Wright,College of Agriculture,Agricultural Economics,Agriculture,National Institutes of Health,Federal,Resubmission,Awarded,2024-01-28,2024-06-18,2024-09-27,2025-09-27,403000.0,355801.51,300603.86,55197.65
PROP-001943,PI-0116,Dr. Diana May,College of Arts and Sciences,Biology,Biomedical Research,National Science Foundation,Federal,New,Declined,2024-11-10,2025-06-25,,,661000.0,0.0,0.0,0.0
PROP-001944,PI-0141,Dr. Cheyenne Horton,College of Business,Finance,Data Science,National Science Foundation,Federal,New,Awarded,2025-06-29,2026-02-10,2026-06-17,2027-06-17,418000.0,348294.29,258104.87,90189.42
PROP-001945,PI-0029,Dr. Zachary Hicks,College of Engineering,Mechanical Engineering,Environmental Science,Bluegrass Technology Corporation,Industry,New,Declined,2023-12-12,2024-10-05,,,506000.0,0.0,0.0,0.0
PROP-001946,PI-0103,Dr. Rebecca Valencia,College of Medicine,Internal Medicine,Public Health,Department of Energy,Federal,New,Declined,2023-12-23,2024-05-06,,,410000.0,0.0,0.0,0.0
PROP-001947,PI-0160,Dr. Jamie Smith,College of Medicine,Biomedical Sciences,Public Health,National Institutes of Health,Federal,New,Declined,2025-04-30,2025-12-09,,,717000.0,0.0,0.0,0.0
PROP-001948,PI-0123,Dr. April Frost,College of Medicine,Neuroscience,Neuroscience,Bluegrass Technology Corporation,Industry,New,Awarded,2023-10-08,2024-03-04,2024-07-09,2029-07-08,321000.0,251099.85,205924.66,45175.19
PROP-001949,PI-0080,Dr. Lisa Barnes,College of Engineering,Mechanical Engineering,Advanced Manufacturing,Regional Research Alliance,Nonprofit,Renewal,Declined,2025-02-11,2025-04-15,,,275000.0,0.0,0.0,0.0
PROP-001950,PI-0068,Dr. Carol Tucker,College of Arts and Sciences,Psychology,Data Science,State Department of Public Health,State,New,Declined,2023-07-07,2024-02-17,,,202000.0,0.0,0.0,0.0
PROP-001951,PI-0053,Dr. Crystal Robinson,College of Medicine,Public Health,Biomedical Research,Department of Agriculture,Federal,Renewal,Pending,2021-12-31,,,,143000.0,0.0,0.0,0.0
PROP-001952,PI-0017,Dr. Holly Wood,College of Arts and Sciences,Biology,Data Science,National Science Foundation,Federal,New,Declined,2022-12-15,2023-09-16,,,1392000.0,0.0,0.0,0.0
PROP-001953,PI-0048,Dr. Shane Henderson,College of Medicine,Biomedical Sciences,Neuroscience,National Science Foundation,Federal,Resubmission,Declined,2024-11-08,2025-03-18,,,274000.0,0.0,0.0,0.0
PROP-001954,PI-0064,Dr. Donald Wright,College of Agriculture,Agricultural Economics,Agriculture,Regional Research Alliance,Nonprofit,New,Declined,2022-01-01,2022-04-22,,,95000.0,0.0,0.0,0.0
PROP-001955,PI-0058,Dr. Richard Aguirre,College of Engineering,Civil Engineering,Artificial Intelligence,Department of Education,Federal,New,Awarded,2024-06-10,2024-12-07,2025-02-11,2029-02-10,346000.0,338942.65,265539.24,73403.41
PROP-001956,PI-0007,Dr. Abigail Shaffer,College of Engineering,Computer Science,Renewable Energy,Future Science Foundation,Foundation,New,Declined,2022-06-07,2023-03-30,,,462000.0,0.0,0.0,0.0
PROP-001957,PI-0137,Dr. Robert Potter,College of Medicine,Public Health,Biomedical Research,National Science Foundation,Federal,New,Awarded,2025-03-02,2025-06-30,2025-10-11,2030-10-10,109000.0,101907.39,85811.72,16095.67
PROP-001958,PI-0095,Dr. John Whitehead,College of Engineering,Civil Engineering,Advanced Manufacturing,Education Advancement Foundation,Foundation,Resubmission,Awarded,2022-08-05,2022-10-25,2023-01-31,2025-01-30,1454000.0,1280669.1,935895.88,344773.22
PROP-001959,PI-0043,Dr. Sherry Decker,College of Engineering,Electrical Engineering,Environmental Science,National Institutes of Health,Federal,New,Declined,2025-07-21,2025-11-19,,,1193000.0,0.0,0.0,0.0
PROP-001960,PI-0049,Dr. Joshua Blair,College of Agriculture,Plant and Soil Sciences,Environmental Science,National Aeronautics and Space Administration,Federal,New,Declined,2023-04-28,2023-08-23,,,639000.0,0.0,0.0,0.0
PROP-001961,PI-0171,Dr. Jamie Walton,College of Agriculture,Agricultural Economics,Data Science,Department of Agriculture,Federal,New,Declined,2021-10-25,2022-06-13,,,519000.0,0.0,0.0,0.0
PROP-001962,PI-0120,Dr. Jeffrey Chandler,College of Engineering,Computer Science,Data Science,National Science Foundation,Federal,New,Pending,2022-11-08,,,,669000.0,0.0,0.0,0.0
PROP-001963,PI-0164,Dr. Jeffrey Johnson,College of Medicine,Public Health,Public Health,Centers for Disease Control and Prevention,Federal,New,Awarded,2022-06-24,2022-10-14,2022-11-23,2023-11-23,799000.0,729537.14,598133.02,131404.12
PROP-001964,PI-0025,Dr. Matthew Foster,College of Agriculture,Plant and Soil Sciences,Renewable Energy,National Institutes of Health,Federal,New,Declined,2024-03-30,2024-11-17,,,877000.0,0.0,0.0,0.0
PROP-001965,PI-0013,Dr. Lisa Hensley,College of Medicine,Neuroscience,Data Science,Future Science Foundation,Foundation,New,Declined,2024-05-30,2024-12-27,,,271000.0,0.0,0.0,0.0
PROP-001966,PI-0017,Dr. Holly Wood,College of Arts and Sciences,Biology,Neuroscience,Centers for Disease Control and Prevention,Federal,Resubmission,Declined,2022-11-27,2023-09-21,,,578000.0,0.0,0.0,0.0
PROP-001967,PI-0022,Dr. Patty Perez,College of Education,Curriculum and Instruction,Social and Behavioral Science,National Science Foundation,Federal,Resubmission,Awarded,2021-09-13,2022-04-19,2022-08-03,2023-08-03,466000.0,355123.64,285509.37,69614.27
PROP-001968,PI-0005,Dr. Cristian Santos,College of Arts and Sciences,Biology,Neuroscience,Future Science Foundation,Foundation,New,Awarded,2021-08-18,2021-09-25,2021-12-19,2025-12-18,171000.0,135836.17,101580.79,34255.38
PROP-001969,PI-0026,Dr. Judy Baker,College of Education,Educational Leadership,Data Science,Bluegrass Technology Corporation,Industry,New,Declined,2022-04-13,2022-10-14,,,286000.0,0.0,0.0,0.0
PROP-001970,PI-0142,Dr. David Douglas Jr.,College of Business,Finance,Data Science,National Science Foundation,Federal,New,Awarded,2023-12-17,2024-09-10,2025-01-13,2027-01-13,1265000.0,981483.12,761526.36,219956.76
PROP-001971,PI-0131,Dr. Elizabeth Kelley,College of Medicine,Biomedical Sciences,Data Science,National Institutes of Health,Federal,Supplement,Awarded,2022-04-25,2022-10-23,2023-02-25,2024-02-25,843000.0,816961.13,693750.76,123210.37
PROP-001972,PI-0089,Dr. Lisa Archer,College of Education,Educational Leadership,Social and Behavioral Science,Department of Agriculture,Federal,New,Declined,2023-12-05,2024-02-12,,,60000.0,0.0,0.0,0.0
PROP-001973,PI-0047,Dr. John Pierce,College of Medicine,Neuroscience,Public Health,Department of Energy,Federal,New,Declined,2024-03-08,2024-05-11,,,884000.0,0.0,0.0,0.0
PROP-001974,PI-0147,Dr. Victoria Larson,College of Arts and Sciences,Physics,Social and Behavioral Science,Department of Energy,Federal,New,Declined,2021-07-23,2021-10-12,,,625000.0,0.0,0.0,0.0
PROP-001975,PI-0005,Dr. Cristian Santos,College of Arts and Sciences,Biology,Environmental Science,Bluegrass Technology Corporation,Industry,New,Awarded,2024-05-09,2024-06-20,2024-11-11,2028-11-10,323000.0,247291.43,196090.42,51201.01
PROP-001976,PI-0086,Dr. Daniel Baker,College of Arts and Sciences,Biology,Social and Behavioral Science,Advanced Manufacturing Solutions,Industry,New,Declined,2023-02-04,2023-09-10,,,250000.0,0.0,0.0,0.0
PROP-001977,PI-0043,Dr. Sherry Decker,College of Engineering,Electrical Engineering,Artificial Intelligence,Advanced Manufacturing Solutions,Industry,New,Pending,2024-03-25,,,,720000.0,0.0,0.0,0.0
PROP-001978,PI-0146,Dr. Joyce Solis,College of Arts and Sciences,Chemistry,Data Science,Bluegrass Technology Corporation,Industry,New,Declined,2025-08-01,2026-05-17,,,636000.0,0.0,0.0,0.0
PROP-001979,PI-0123,Dr. April Frost,College of Medicine,Neuroscience,Biomedical Research,University Research Initiative,Internal,New,Declined,2023-05-08,2024-01-18,,,37000.0,0.0,0.0,0.0
PROP-001980,PI-0084,Dr. Paul Jones,College of Engineering,Computer Science,Renewable Energy,National Institutes of Health,Federal,Renewal,Awarded,2024-12-15,2025-02-04,2025-03-17,2028-03-16,733000.0,597517.31,463204.93,134312.38
PROP-001981,PI-0174,Dr. Matthew Harrington,College of Medicine,Biomedical Sciences,Biomedical Research,Education Advancement Foundation,Foundation,New,Declined,2023-11-03,2024-02-18,,,101000.0,0.0,0.0,0.0
PROP-001982,PI-0108,Dr. Sierra Johnson,College of Engineering,Civil Engineering,Advanced Manufacturing,National Aeronautics and Space Administration,Federal,New,Pending,2021-07-02,,,,192000.0,0.0,0.0,0.0
PROP-001983,PI-0028,Dr. Stephanie Ross,College of Arts and Sciences,Physics,Biomedical Research,National Science Foundation,Federal,New,Declined,2021-11-13,2022-04-04,,,338000.0,0.0,0.0,0.0
PROP-001984,PI-0174,Dr. Matthew Harrington,College of Medicine,Biomedical Sciences,Data Science,Community Health Foundation,Foundation,New,Declined,2022-02-19,2022-04-30,,,331000.0,0.0,0.0,0.0
PROP-001985,PI-0122,Dr. Kenneth Scott,College of Arts and Sciences,Chemistry,Data Science,Advanced Manufacturing Solutions,Industry,New,Declined,2023-08-02,2024-04-28,,,639000.0,0.0,0.0,0.0
PROP-001986,PI-0168,Dr. Alyssa Day,College of Education,Educational Leadership,Social and Behavioral Science,Centers for Disease Control and Prevention,Federal,New,Pending,2025-08-28,,,,794000.0,0.0,0.0,0.0
PROP-001987,PI-0010,Dr. Ryan Munoz,College of Agriculture,Plant and Soil Sciences,Data Science,Department of Education,Federal,New,Awarded,2025-04-27,2025-10-16,2026-01-16,2028-01-16,931000.0,885015.67,710286.27,174729.4
PROP-001988,PI-0042,Dr. Fred Smith,College of Medicine,Public Health,Biomedical Research,Department of Defense,Federal,New,Pending,2023-03-08,,,,796000.0,0.0,0.0,0.0
PROP-001989,PI-0056,Dr. Michael Lewis,College of Arts and Sciences,Physics,Data Science,Regional Research Alliance,Nonprofit,Supplement,Awarded,2024-10-24,2025-01-16,2025-03-24,2030-03-23,95000.0,75059.76,63113.07,11946.69
PROP-001990,PI-0074,Dr. Lauren Daniels,College of Agriculture,Agricultural Economics,Environmental Science,Health Innovation Partners,Industry,New,Withdrawn,2024-02-06,,,,443000.0,0.0,0.0,0.0
PROP-001991,PI-0157,Dr. Joshua Perry,College of Engineering,Electrical Engineering,Data Science,Community Health Foundation,Foundation,Renewal,Declined,2023-10-24,2024-06-14,,,318000.0,0.0,0.0,0.0
PROP-001992,PI-0132,Dr. Dustin Jordan,College of Engineering,Computer Science,Advanced Manufacturing,Centers for Disease Control and Prevention,Federal,New,Awarded,2024-12-28,2025-03-01,2025-06-19,2026-06-19,951000.0,802978.85,682513.86,120464.99
PROP-001993,PI-0138,Dr. Courtney Gonzalez,College of Agriculture,Agricultural Economics,Renewable Energy,Department of Defense,Federal,New,Declined,2021-09-01,2022-03-20,,,1318000.0,0.0,0.0,0.0
PROP-001994,PI-0103,Dr. Rebecca Valencia,College of Medicine,Internal Medicine,Public Health,National Institutes of Health,Federal,New,Pending,2024-04-03,,,,919000.0,0.0,0.0,0.0
PROP-001995,PI-0118,Dr. Ashley Waller,College of Engineering,Civil Engineering,Advanced Manufacturing,Centers for Disease Control and Prevention,Federal,New,Pending,2023-02-07,,,,703000.0,0.0,0.0,0.0
PROP-001996,PI-0090,Dr. Aimee Montoya,College of Medicine,Internal Medicine,Neuroscience,Department of Education,Federal,New,Awarded,2023-05-01,2023-07-21,2023-09-10,2024-09-09,1206000.0,1058908.78,888898.65,170010.13
PROP-001997,PI-0084,Dr. Paul Jones,College of Engineering,Computer Science,Artificial Intelligence,National Institutes of Health,Federal,New,Pending,2025-05-29,,,,530000.0,0.0,0.0,0.0
PROP-001998,PI-0129,Dr. Cameron Fisher,College of Engineering,Civil Engineering,Data Science,University Research Initiative,Internal,New,Awarded,2022-03-31,2022-10-29,2023-04-23,2024-04-22,35000.0,27559.94,23098.02,4461.92
PROP-001999,PI-0016,Dr. Brian Ramirez,College of Engineering,Mechanical Engineering,Artificial Intelligence,National Science Foundation,Federal,New,Awarded,2024-10-06,2024-11-05,2025-01-23,2027-01-23,478000.0,346408.39,251330.34,95078.05
PROP-002000,PI-0069,Dr. James Brown,College of Engineering,Mechanical Engineering,Advanced Manufacturing,Advanced Manufacturing Solutions,Industry,New,Awarded,2023-02-17,2023-08-11,2023-10-15,2024-10-14,195000.0,172502.95,136907.35,35595.6
